name,team,Apps,Mins,Goals,Assists,Yel,Red,SpG,PS,AeriaisWon,MotM,Rating
Adama Traoré,"Middlesbrough,",26(8),2247,5,10,3,2,1.4,72.3,1,14,7.79
Aleksandar Mitrovic,"Fulham,",15(2),1383,12,1,3,-,4,77.4,4.1,6,7.65
Curtis Davies,"Derby,",46,4133,1,3,2,-,0.5,78.3,6,9,7.59
Ashley Baker,Sheffield Wednesday,1,84,-,-,-,-,-,64.3,1,-,7.57
Sean Morrison,"Cardiff,",38(1),3330,7,1,5,-,1.3,55.5,7.2,6,7.56
Willy Boly,Wolverhampton,36,3200,3,2,2,-,0.5,83,4.1,8,7.52
Souleymane Bamba,"Cardiff,",43(3),3851,4,1,7,-,0.8,63.8,4.2,8,7.51
Mark Bunn,Aston,1,90,-,-,-,-,-,38.9,1,-,7.48
Armand Traore,"Cardiff,",3(1),249,1,1,-,-,0.8,55,1.8,-,7.45
James Maddison,"Norwich,",42(2),3643,14,8,7,-,2.6,86.2,0.3,8,7.43
Barry Douglas,Wolverhampton,38(1),3393,5,14,6,-,0.7,80.3,2.5,4,7.41
Shaun Hutchinson,"Millwall,",46,4140,2,1,6,-,0.7,58.5,6.1,4,7.40
Robert Snodgrass,Aston,38(2),3159,7,14,9,-,1.8,73.2,1.7,7,7.40
Harry Wilson,"Hull,",11(2),996,7,3,-,-,2.2,74,0.2,1,7.37
Joe Bryan,Bristol,42(1),3740,5,3,11,-,1.1,70.4,1.7,4,7.34
George Saville,"Millwall,",44,3947,10,1,9,-,1.8,71.5,2.9,5,7.32
Dean Gerken,"Ipswich,",1,90,-,-,-,-,-,80,-,-,7.32
Massimo Luongo,Queens,38(1),3389,6,3,10,-,1.7,71.6,2.6,4,7.32
Diogo José Teixeira da Silva,Wolverhampton,43(1),3632,17,5,9,-,2.7,78,0.9,2,7.32
Luke Freeman,Queens,43(2),3849,5,12,9,-,2.4,76.1,0.7,4,7.31
Joe Lolley,Nottingham,13(3),1114,3,3,1,-,2.5,77.7,0.6,4,7.31
Tom Cairney,"Fulham,",30(4),2796,5,5,3,-,1.6,91.3,0.9,1,7.30
Kieffer Moore,"Barnsley,",16(4),1474,4,4,3,-,3.1,58.1,9.6,3,7.29
Joe Ralls,"Cardiff,",37,3321,7,4,8,-,1.5,66.9,1.9,2,7.29
David Junior Hoilett,"Cardiff,",44(2),3808,9,11,2,-,2,69.9,1,7,7.28
Oliver McBurnie,"Barnsley,",16(1),1420,9,-,2,-,2.1,76,2.5,3,7.26
Matt Targett,"Fulham,",17(1),1465,1,2,3,-,0.7,79.4,1.2,4,7.26
Gary Madine,"Bolton,",28,2470,10,5,7,-,2.7,58.2,8.8,4,7.26
Ethan Pinnock,"Barnsley,",9(3),940,2,-,1,-,0.3,71.6,5.3,2,7.25
Thomas Spurr,"Preston,",5,430,-,-,-,-,0.4,77.2,3.2,1,7.25
Bruno Ecuele Manga,"Cardiff,",35(3),3183,-,2,4,-,0.4,61.1,3.3,2,7.25
Adam Webster,"Ipswich,",25(3),2287,-,2,6,-,0.2,58.7,5.3,6,7.24
Matt Ingram,Queens,2,140,-,-,2,-,-,38.3,1,-,7.24
Oliver Watkins,"Brentford,",39(6),3531,10,4,8,-,3.1,78.7,1.5,8,7.24
Sammy Ameobi,"Bolton,",33(2),2910,4,2,8,-,2,64.6,3.2,4,7.23
Abel Hernández,"Hull,",8(2),688,8,1,-,-,3.1,76.1,1.2,2,7.23
Tommy Elphick,Aston,3(1),277,-,-,2,-,0.5,84.3,4.3,-,7.22
Jack Grealish,Aston,19(8),1860,3,5,4,-,1.9,85.7,0.5,1,7.22
Albert Adomah,Aston,34(5),2864,14,5,1,-,1.5,76.7,0.9,8,7.20
Rúben Diogo da Silva Neves,Wolverhampton,42,3622,6,1,11,1,2.2,84.9,0.9,3,7.20
Tom Clarke,"Preston,",14(4),1276,2,-,2,-,0.7,62.1,5.4,1,7.20
Luke Molyneux,"Sunderland,",1,90,-,-,-,-,4,83.3,-,-,7.20
Cyrus Christie,"Middlesbrough,",24(1),2122,1,4,7,-,0.7,78.6,2.1,3,7.20
Shaun Williams,"Millwall,",30(5),2758,2,3,5,-,0.9,70.7,2.5,1,7.17
Cameron Borthwick-Jackson,"Leeds,",1,82,-,-,-,-,-,71.4,4,-,7.17
Aden Flint,Bristol,38(1),3428,8,2,6,1,1.1,72.4,5.5,5,7.17
Tom Lees,Sheffield Wednesday,28(1),2565,1,1,-,-,0.5,81.2,5.1,1,7.16
James Chester,Aston,46,4140,4,1,4,-,0.5,87.2,3.1,2,7.16
Fernando Forestieri,Sheffield Wednesday,6(4),558,5,-,1,-,2,81.9,0.1,1,7.16
Darnell Fisher,"Preston,",34,2924,-,1,14,-,0.2,66.7,2,1,7.14
Steve Morison,"Millwall,",38(6),3449,5,8,5,-,2,53.4,7.5,3,7.14
Marko Grujic,"Cardiff,",12(1),986,1,-,5,-,1.4,58.6,4.8,-,7.14
John Fleck,Sheffield United,41,3659,2,7,14,1,1.6,80.3,0.8,1,7.14
Daniel Ayala,"Middlesbrough,",33,2910,7,1,2,1,0.8,68.9,4.6,3,7.14
Nathaniel Mendez-Laing,"Cardiff,",33(5),2861,6,5,1,-,1.5,64.4,1.7,2,7.13
Yoann Barbet,"Brentford,",32(2),2949,3,2,6,-,2,75.9,2.6,2,7.13
Thomas Holmes,"Reading,",1,90,-,-,-,-,-,60.6,6,-,7.13
Ivan Cavaleiro,Wolverhampton,31(11),2577,9,12,4,-,1.5,82.7,0.4,5,7.13
Richard Keogh,"Derby,",42,3698,1,5,4,-,0.5,80.8,3.5,3,7.13
Jack O'Connell,Sheffield United,46,4140,-,4,6,-,0.7,71.8,5.6,3,7.13
Callum Paterson,"Cardiff,",23(9),2165,10,4,4,-,1.6,48.9,6.2,3,7.13
Tom Lawrence,"Derby,",36(3),3083,6,7,6,-,2,76.4,0.8,3,7.13
Conor Hourihane,Aston,40(1),3431,11,2,8,-,2.1,82.5,0.8,3,7.12
Mark Beevers,"Bolton,",44,3960,1,-,10,-,0.4,59.8,5.4,3,7.12
Pontus Jansson,"Leeds,",41(1),3560,3,-,13,-,0.6,83.2,3.9,3,7.12
Matt Doherty,Wolverhampton,45,3987,4,4,2,1,0.5,79.2,2.9,3,7.12
Liam Moore,"Reading,",46,4140,3,1,6,-,0.5,82.5,4.6,2,7.12
Bobby De Cordova-Reid,Bristol,46,4043,19,7,9,-,1.9,79,0.5,3,7.11
Jake Cooper,"Millwall,",35(3),3184,4,3,5,1,1,52.2,4.8,3,7.10
Alex Pritchard,"Norwich,",5(3),473,1,2,1,-,3.3,78.7,0.4,1,7.10
Chris Baird,"Derby,",21(1),1886,-,1,3,1,0.1,72.6,2.4,-,7.10
George Friend,"Middlesbrough,",29(4),2704,2,1,10,-,0.5,67.6,3.2,-,7.10
Temitayo Olufisayo Olaoluwa Aina,"Hull,",42(2),3823,-,3,3,-,0.8,75.3,2.3,2,7.09
Joshua Earl,"Preston,",16(3),1494,-,-,4,-,0.4,72.5,2.6,-,7.09
Tom Pearce,"Leeds,",5,430,1,-,-,-,0.6,77.4,0.4,-,7.09
Romain Saïss,Wolverhampton,37(5),3398,4,-,11,-,1,83.8,1.7,3,7.09
Muhamed Besic,"Middlesbrough,",15,1179,1,1,4,-,1.7,88,0.5,-,7.08
Mark Duffy,Sheffield United,28(8),2472,3,9,3,-,1.3,80.8,0.6,2,7.08
Paul Coutts,Sheffield United,16,1401,1,-,6,-,0.8,84.9,1.3,1,7.08
Paul Huntington,"Preston,",44,3916,1,2,10,-,0.9,69.2,5.3,2,7.07
José Ignacio Peleteiro Ramallo,"Brentford,",4,325,-,3,-,-,4,71,0.3,-,7.07
Leon Clarke,Sheffield United,38(1),3332,19,5,5,1,2.3,66.1,3.8,5,7.07
Tobias Pereira Figueiredo,Nottingham,12,1050,-,-,5,-,0.5,75.9,4.3,-,7.07
Kevin McDonald,"Fulham,",42,3734,3,1,10,-,1,85.7,1.5,3,7.07
Atdhe Nuhiu,Sheffield Wednesday,15(13),1451,11,5,6,-,1.6,66.9,5.8,4,7.06
Chris Basham,Sheffield United,44(1),3887,2,1,8,-,0.4,71.8,3.3,6,7.06
Adam Reach,Sheffield Wednesday,45(1),4063,4,11,7,-,1.8,80.2,1.4,4,7.06
Chris Mepham,"Brentford,",17(4),1707,1,-,4,-,0.8,79.3,4.6,1,7.06
Joe Garner,"Ipswich,",29(3),2573,10,2,8,-,1.7,53.1,6.3,2,7.05
Harlee Dean,"Brentford,",3,270,-,-,1,-,-,76.4,5.3,-,7.05
Tom Trybull,"Norwich,",17(3),1428,2,-,2,-,0.7,88,2.2,3,7.05
Ben Marshall,"Millwall,",16,1232,3,5,3,-,1.3,66.6,0.3,-,7.05
Mathieu Smith,Queens,17(24),2064,11,9,3,-,2.4,42.2,6.9,4,7.05
Michael Hector,"Hull,",33(3),2965,1,-,4,1,0.6,70.8,3.3,4,7.04
Lee Tomlin,Nottingham,12(3),1055,4,3,3,-,2.5,76.5,0.5,1,7.04
Jarrod Bowen,"Hull,",37(5),3284,14,1,2,-,1.8,73.4,1.3,2,7.04
John Egan,"Brentford,",32(1),2851,2,1,4,-,0.7,80.2,4.2,-,7.03
Matthew Connolly,"Cardiff,",4,360,-,-,2,-,0.5,46.3,4.5,-,7.03
Bryan Oviedo,"Sunderland,",31(3),2605,2,4,9,-,0.7,73.1,0.7,3,7.03
Tim Ream,"Fulham,",44,3960,1,-,2,-,0.1,88.3,2.9,-,7.03
Max Clark,"Hull,",25(2),2270,-,-,4,-,0.4,65,3.2,1,7.03
Greg Cunningham,"Preston,",20,1734,1,2,4,1,0.5,72.5,2.8,1,7.03
Andrew Boyle,"Preston,",3,270,-,-,1,-,0.3,75.4,5,-,7.02
Aron Gunnarsson,"Cardiff,",17(3),1500,1,1,3,-,0.8,65.4,1.3,1,7.02
Kouassi Ryan Sessegnon,"Fulham,",45(1),4041,15,6,2,-,1.2,75.1,1,3,7.02
Ryan Shotton,"Middlesbrough,",23(1),2062,1,2,2,-,0.2,70,3.3,-,7.02
Adam Jackson,"Barnsley,",22,1887,1,-,2,-,0.4,68.4,4.1,1,7.02
Armand Traore,Nottingham,15(3),1372,-,2,3,-,0.1,81.6,2.6,1,7.02
Sean Maguire,"Preston,",19(5),1678,10,3,3,-,2.1,65.7,2.1,4,7.01
Mile Jedinak,Aston,17(8),1510,1,-,2,-,0.6,74.5,4.6,-,7.01
Jack Robinson,Queens,29(2),2645,2,1,3,-,0.4,75.2,4.1,1,7.01
Frederico André Ferrão Venâncio,Sheffield Wednesday,20,1788,1,-,2,-,0.6,77,2.9,-,7.01
Ryan Bennett,Wolverhampton,27(2),2508,1,1,7,-,0.3,84,3.8,-,7.00
Luke Ayling,"Leeds,",27,2366,-,1,4,-,0.4,71.6,2.3,1,7.00
Joe Bennett,"Cardiff,",38,3340,1,4,7,-,0.3,65.4,1.8,1,7.00
Nathan Baker,Bristol,34,2737,-,1,7,1,0.5,73.7,5.1,1,7.00
Kenneth Zohore,"Cardiff,",30(6),2680,9,5,-,-,2.6,58.9,3.3,1,7.00
Tom Huddlestone,"Derby,",44,3926,2,-,5,1,1,78.8,1.8,1,6.99
Jack Rodwell,"Sunderland,",1(1),104,1,-,1,-,0.5,65.3,2.5,-,6.99
Ben Davies,"Preston,",33(1),2927,1,-,5,-,0.5,76.3,4.2,-,6.99
Jackson Irvine,"Hull,",27(7),2460,2,6,6,-,0.7,68.2,4.8,-,6.98
Wes Harding,"Birmingham,",9,810,-,2,2,-,0.6,65.1,1.9,-,6.98
Henrik Dalsgaard,"Brentford,",29,2541,1,3,4,-,0.7,72,3.1,2,6.98
Rico Henry,"Brentford,",8,665,-,-,2,-,0.5,77.6,2,-,6.98
Sam Clucas,"Hull,",3,251,-,1,-,-,0.7,81.2,0.3,-,6.98
Ben Osborn,Nottingham,42(4),3810,4,5,3,-,0.9,81,0.8,2,6.98
Tomas Kalas,"Fulham,",29(4),2523,-,1,-,1,0.2,86.9,2.9,1,6.98
Timm Klose,"Norwich,",36(1),3241,4,1,7,-,0.6,83.1,2.9,-,6.97
Daniel Fox,Nottingham,23,2026,-,-,8,-,0.2,70.3,4.3,-,6.97
Joe Williams,"Barnsley,",33(1),2979,1,-,10,-,0.7,77.4,1,1,6.97
Pablo Hernández,"Leeds,",34(7),2978,7,8,5,-,1.8,71.1,0.4,5,6.97
John Terry,Aston,32,2811,1,1,2,-,0.5,84.9,2.7,1,6.97
Bailey Wright,Bristol,36,3218,-,2,7,-,0.2,77.9,3.2,-,6.97
Ryan Fredericks,"Fulham,",44,3919,-,7,10,-,0.6,76.4,0.7,1,6.96
David Wheater,"Bolton,",32(1),2866,1,-,9,-,0.8,67.6,3.7,1,6.96
Stewart Downing,"Middlesbrough,",38(2),3246,3,7,1,-,1.9,82.9,0.4,3,6.96
Jonas Knudsen,"Ipswich,",42,3780,1,7,10,-,0.6,66.5,3.1,2,6.96
Andy Yiadom,"Barnsley,",31(1),2797,-,3,7,-,0.3,68.6,2.4,1,6.96
Michael Dawson,"Hull,",40,3600,3,1,8,-,0.4,76,3.1,-,6.96
Andre Green,Aston,4(1),340,1,-,1,-,2,70.2,1.6,-,6.96
Jed Wallace,"Millwall,",42(1),3661,6,9,9,1,2,67.9,0.6,1,6.95
Martyn Waghorn,"Ipswich,",39(5),3465,16,11,10,-,2.4,71.9,0.9,3,6.95
Aiden McGeady,"Sunderland,",28(7),2639,7,5,7,-,2.2,80.3,0.4,3,6.95
Famara Diedhiou,Bristol,28(4),2341,13,2,4,-,2,64,3.7,3,6.95
Craig Forsyth,"Derby,",31,2790,-,1,5,-,0.1,66.1,3.3,-,6.95
Adam Forshaw,"Leeds,",9(3),874,-,1,2,-,0.4,85.4,2.2,-,6.95
Cameron Carter-Vickers,"Ipswich,",17,1530,-,-,2,-,0.2,69.1,4.1,-,6.95
Luke Daniels,"Brentford,",1,90,-,-,-,-,-,67.9,-,-,6.95
Grant Hanley,"Norwich,",28(4),2475,1,1,6,-,0.7,75.9,3.5,2,6.95
Michael Mancienne,Nottingham,27(2),2435,-,-,4,-,0.1,83.8,3.8,-,6.95
Samuel Sáiz Alonso,"Leeds,",28(6),2642,5,7,7,-,1.9,77.2,0.2,1,6.95
Lewis Grabban,Aston,10(5),970,8,1,1,-,1.9,80.1,0.9,-,6.95
Kyle McFadzean,"Burton,",39(3),3415,-,-,9,-,0.5,67.3,4.3,3,6.94
Paul Gallagher,"Preston,",22(10),1858,2,6,8,-,1.3,72.3,0.4,2,6.94
Tommy Elphick,"Reading,",2(2),196,-,-,1,-,0.5,80,2.5,1,6.94
Paul McShane,"Reading,",24(2),2141,-,1,5,-,0.6,84.5,3.8,1,6.94
Matej Vydra,"Derby,",34(6),2718,21,4,2,-,1.9,78.3,0.6,4,6.94
Andreas Bjelland,"Brentford,",32(2),2681,1,1,3,-,0.5,79.6,4,2,6.93
Alan Hutton,Aston,26(3),2351,-,2,2,-,0.5,74.4,2,1,6.93
Sean Clare,Sheffield Wednesday,4(1),349,1,-,-,-,1.2,78.1,1,-,6.93
Liam Lindsay,"Barnsley,",42,3771,1,1,8,-,0.4,64.9,4.5,-,6.93
Jake Bidwell,Queens,45(1),3917,2,4,10,-,0.6,64.1,3.3,1,6.93
Modou Barrow,"Reading,",37(4),3348,10,4,6,-,1.3,70.3,0.8,2,6.92
Alan Browne,"Preston,",38(6),3391,7,1,4,1,1.3,70.2,3,4,6.92
Oskar Buur,Wolverhampton,0(1),20,1,-,-,-,1,71.4,-,-,6.92
Gary Hooper,Sheffield Wednesday,22(2),1931,10,3,2,-,1.7,84.5,0.6,3,6.91
Barrie McKay,Nottingham,22(4),1704,5,7,-,-,1.3,79,0.3,2,6.91
Jordan Spence,"Ipswich,",37(3),3329,4,4,5,1,0.5,65.2,2.9,4,6.91
Danny Batth,Wolverhampton,15(1),1275,1,-,3,1,0.4,77.8,4.1,2,6.90
Alex Pearce,"Derby,",5(2),500,1,-,-,-,0.3,78.8,3.1,1,6.90
Denis Odoi,"Fulham,",30(8),2698,1,-,5,1,0.3,83.8,2.4,2,6.90
Fabio Pereira da Silva,"Middlesbrough,",18(4),1496,1,1,2,-,0.7,69.1,2,2,6.90
Joe Worrall,Nottingham,28(3),2615,1,-,4,-,0.4,80.3,2.9,1,6.89
Luke Chambers,"Ipswich,",37,3264,1,-,6,-,0.2,70.6,3.8,2,6.89
Ben Pearson,"Preston,",35,3037,-,2,14,1,0.4,78.7,1.4,1,6.89
Martin Braithwaite,"Middlesbrough,",17(2),1397,5,2,3,-,1.6,80,1.1,2,6.89
Jonny Howson,"Middlesbrough,",37(6),3303,3,2,7,-,1,79,1,1,6.89
Lee Peltier,"Cardiff,",27(3),2420,-,1,11,-,0.1,56.4,3,-,6.89
Rudy Gestede,"Middlesbrough,",10(9),927,3,2,3,1,1.3,53.2,6.4,1,6.89
Rúben Gonçalo Silva Nascimento Vinagre,Wolverhampton,8(1),628,1,1,-,-,0.4,78.4,0.3,-,6.89
Harlee Dean,"Birmingham,",34,3015,1,-,8,2,0.7,73.5,6.4,1,6.89
Andre Wisdom,"Derby,",29(1),2599,-,3,3,-,0.1,76.8,1.3,-,6.89
Jonathan Grounds,"Birmingham,",26,2199,-,-,5,-,0.5,70.6,3.6,-,6.89
Conor McLaughlin,"Millwall,",23(1),2045,1,-,8,-,0.3,60.1,2,-,6.88
Ben Watson,Nottingham,14,1234,-,-,4,-,0.8,85.6,2.1,-,6.88
Maxime Colin,"Brentford,",3,270,-,-,-,-,0.3,79.5,2,-,6.88
Jeremie Boga,"Birmingham,",24(7),2095,2,3,-,-,1.4,80.4,0.6,1,6.88
Oviemuno Ejaria,"Sunderland,",9(2),790,1,-,-,-,0.9,83,1.3,-,6.88
Marlon Pack,Bristol,36(6),3164,3,6,12,-,1.3,80.2,2.7,1,6.88
Roderick Jefferson Gonçalves Miranda,Wolverhampton,16(1),1404,-,-,2,-,0.2,78.3,2.8,-,6.88
Dominic Iorfa,"Ipswich,",20(3),1730,1,1,5,-,0.4,60.9,3.2,-,6.88
Stefan Johansen,"Fulham,",43(2),3633,8,8,10,-,1.8,83.9,0.4,2,6.88
Kalvin Phillips,"Leeds,",36(5),3200,7,3,13,-,1.1,72.4,2.1,2,6.88
Stefanos Kapino,Nottingham,4,360,-,-,-,-,-,42.7,0.5,-,6.87
Josh Brownhill,Bristol,41(4),3639,5,6,8,-,1.3,76.1,1.4,1,6.87
Myles Kenlock,"Ipswich,",15(1),1281,-,1,1,-,0.3,58.9,2.4,1,6.87
Ben Turner,"Burton,",26(4),2362,2,1,5,-,0.4,49.3,3.5,2,6.87
Ben Gibson,"Middlesbrough,",45,4050,1,3,5,-,0.4,79.7,3.1,-,6.87
John O'Shea,"Sunderland,",34(3),3080,1,-,4,-,0.2,77.7,3.8,2,6.87
Alex Baptiste,Queens,26,2245,-,-,1,1,0.2,66.5,3.8,1,6.87
Tendayi Darikwa,Nottingham,29(1),2555,-,-,7,-,0.6,78.8,0.7,-,6.87
Ezgjan Alioski,"Leeds,",40(2),3151,7,5,6,-,2.1,69,1,3,6.86
Oluwaseyi Ojo,"Fulham,",18(4),1402,4,2,3,-,2.2,83.1,0.5,1,6.86
Dael Fry,"Middlesbrough,",11(2),1044,-,1,1,-,0.3,78.6,2,-,6.86
Cole Skuse,"Ipswich,",39,3330,1,1,7,-,0.5,78.5,2.5,1,6.85
Daniel Pudil,Sheffield Wednesday,24(3),2139,-,1,8,1,0.4,75.4,3.1,2,6.85
Bradley Johnson,"Derby,",25(8),2331,4,5,9,-,1.6,66.8,2.8,1,6.85
James Perch,Queens,6(1),510,-,-,1,-,0.1,75.2,3.7,-,6.85
Enda Stevens,Sheffield United,45,3973,1,4,9,-,0.2,70.3,2,1,6.85
Josh Scowen,Queens,42,3721,1,1,11,1,1.2,72.7,2.5,1,6.85
Jordan Hugill,"Preston,",26(1),2266,8,1,8,-,2.1,60.2,5.7,-,6.85
Ashley Darel Jazz Richards,"Cardiff,",5(1),477,-,-,2,-,0.7,70.1,2.3,-,6.85
Romaine Sawyers,"Brentford,",36(6),3284,4,4,5,1,1.6,84.8,0.4,1,6.85
David McGoldrick,"Ipswich,",18(4),1617,6,4,1,-,2.2,73.6,0.9,-,6.85
Gustavo Lucas Domingues Piazon,"Fulham,",14(8),1170,5,4,1,-,0.9,82.5,0.7,-,6.85
Lee Evans,Sheffield United,18(1),1538,2,1,6,-,1.7,82.5,1.4,1,6.85
Daniel Pinillos,"Barnsley,",7(1),665,-,1,-,-,0.4,71.2,3,-,6.84
James Hanson,Sheffield United,0(1),16,-,-,-,-,1,45.5,6,-,6.84
Patrick McNair,"Sunderland,",12(4),1070,5,-,1,-,2.1,76.6,1.5,1,6.84
James Meredith,"Millwall,",46,4009,-,-,3,-,0.1,63,2,-,6.84
Lucas Eduardo Santos João,Sheffield Wednesday,17(14),1769,9,3,-,-,1.5,76.3,1.5,2,6.84
Marco Stiepermann,"Norwich,",15(8),1429,1,2,3,-,0.5,70.5,1.1,3,6.84
Jacques Maghoma,"Birmingham,",32(9),2868,5,6,3,-,1.1,79.9,0.1,1,6.84
Craig Gardner,"Birmingham,",20(6),1775,2,2,2,-,1.3,72.4,1.4,2,6.84
Liam Cooper,"Leeds,",30,2496,1,1,5,2,0.3,77.1,2,1,6.83
Ezekiel Fryers,"Barnsley,",22,1968,1,2,1,-,0.5,66.6,1.7,1,6.83
Ahmed Eissa El Mohamady Abdel Fattah,Aston,36(7),3177,-,5,2,-,0.3,73.4,1.8,1,6.83
Dorian Dervite,"Bolton,",13(1),1171,-,-,1,-,0.4,57.3,3.4,-,6.83
Thomas Barkhuizen,"Preston,",43(3),3708,8,7,3,-,1.6,71,1.3,7,6.83
Lewis Grabban,"Sunderland,",18(1),1558,12,-,1,-,2.4,81.5,0.1,-,6.83
Paudie O'Connor,"Leeds,",4,360,-,-,2,-,-,77,4,-,6.83
Matthew Cash,Nottingham,14(9),1455,2,3,1,-,1.5,61.7,1.6,-,6.82
Axel Tuanzebe,Aston,4(1),300,-,-,-,-,-,73.5,3.4,-,6.82
Liam Bridcutt,Nottingham,24(3),2146,1,4,11,-,0.5,84.4,0.7,-,6.82
Veijeany Christopher Samba,Aston,5(7),539,1,-,-,-,0.4,76.7,3,-,6.81
Lucas Akins,"Burton,",39(3),3509,5,6,5,-,1.1,73.5,3.4,1,6.81
Byron Webster,"Millwall,",10,900,-,-,2,-,0.1,63.5,3.1,-,6.81
Kevin O'Connor,"Preston,",4(4),522,-,-,-,-,0.1,70.1,2.9,-,6.81
Mario Vrancic,"Norwich,",29(6),2609,1,2,6,-,1.3,76.6,1.8,1,6.81
Conor Coady,Wolverhampton,45,3975,1,2,4,1,-,90.3,0.9,-,6.81
Matthew Pearson,"Barnsley,",14(3),1306,-,1,4,-,0.5,61.4,2.1,-,6.81
Marcus Bettinelli,"Fulham,",26,2340,-,-,5,-,-,67.8,0.5,-,6.81
Daniel Batty,"Hull,",1,90,-,-,-,-,-,80.6,-,-,6.81
Fikayo Tomori,"Hull,",23(2),2063,-,2,3,-,0.3,73.5,1.7,-,6.81
José Ignacio Peleteiro Ramallo,"Birmingham,",24(8),2184,5,2,1,-,2,76.2,0.2,3,6.81
Markus Henriksen,"Hull,",25(6),2160,2,5,8,-,0.7,76.5,2.8,-,6.81
Marc Wilson,"Sunderland,",20(1),1690,-,-,5,-,0.3,76.9,1.9,-,6.81
Josh Clarke,"Brentford,",23(5),2153,1,-,1,-,0.4,76.2,1.2,1,6.81
Eberechi Eze,Queens,8(8),848,2,-,-,-,1.3,83.1,0.8,1,6.80
Florian Jozefzoon,"Brentford,",31(8),2677,7,7,-,-,1.8,77.4,0.2,2,6.80
Marc Roberts,"Birmingham,",26(4),2423,1,-,4,-,0.4,65,5.1,1,6.80
Jamie Paterson,Bristol,34(7),2825,5,8,2,-,1.3,74.9,0.3,2,6.80
Jack Hunt,Sheffield Wednesday,28(1),2381,-,4,4,-,0.2,69.3,1.1,1,6.80
Adam Hammill,"Barnsley,",30(8),2714,-,1,8,-,1.8,70.9,0.2,-,6.80
Mustapha Carayol,"Ipswich,",5(3),318,1,1,1,-,1.1,66.7,0.3,-,6.79
Kieran Dowell,Nottingham,31(7),2699,9,4,6,-,1.8,77.2,0.4,1,6.79
Callum Robinson,"Preston,",30(11),2570,7,7,1,-,2.3,71.1,0.4,1,6.79
Laurens De Bock,"Leeds,",7,630,-,-,-,-,0.1,75.2,3.3,-,6.79
Brian Murphy,"Cardiff,",1,90,-,-,-,-,-,39.3,1,-,6.79
Bartosz Bialkowski,"Ipswich,",45,4050,-,-,-,-,-,42.9,0.5,1,6.79
Ondrej Mazuch,"Hull,",10(4),905,-,-,1,-,0.4,84.2,3.4,-,6.79
Joost van Aken,Sheffield Wednesday,14,1229,-,-,4,-,0.4,77,2.5,-,6.79
Ashley Fletcher,"Sunderland,",15(1),1330,2,2,2,-,2.3,69.9,4.5,-,6.79
Joey van den Berg,"Reading,",31(2),2574,1,1,8,-,0.3,83.5,1.3,1,6.79
Antonee Robinson,"Bolton,",26(4),2420,-,4,5,-,0.3,59.2,1.2,1,6.78
Leonardo Bonatini Lohner Maia,Wolverhampton,29(14),2608,12,5,-,-,1.9,82.9,0.3,1,6.78
Callum O'Dowda,Bristol,13(11),1373,1,3,-,-,0.9,71.5,2,-,6.78
Omatsone Aluko,"Reading,",36(3),3045,3,4,4,-,1.5,83,0.2,-,6.78
Floyd Ayité,"Fulham,",23(5),1662,4,2,2,-,1.6,81.9,0.5,1,6.78
Kieron Freeman,Sheffield United,10,794,1,-,-,-,0.7,73.8,1.4,-,6.78
Tyias Browning,"Sunderland,",26(1),2244,-,-,3,-,0.2,69.8,3.3,-,6.78
Richard Stearman,Sheffield United,28,2386,2,-,4,-,0.4,83,3,-,6.78
Eros Pisano,Bristol,13(3),1175,-,-,2,-,0.3,67.4,2.6,1,6.77
Darnell Furlong,Queens,18(4),1602,-,3,2,-,0.6,64.4,3.5,-,6.77
Kieran Lee,Sheffield Wednesday,10(5),1004,3,1,4,-,1,86.6,0.5,-,6.77
Maxime Colin,"Birmingham,",35,3053,2,1,3,-,0.3,71.6,2.3,-,6.77
Ryan Woods,"Brentford,",35(4),3186,1,3,9,1,0.2,83,1.1,-,6.77
Harvey Barnes,"Barnsley,",18(5),1408,5,4,1,-,1.7,71.4,0.4,3,6.77
Marcus Olsson,"Derby,",14(1),1159,-,-,3,-,0.3,71.8,1.8,-,6.77
Andreas Weimann,"Derby,",32(8),2890,5,6,7,-,1.3,75,0.9,-,6.77
Sam Johnstone,Aston,45,4050,-,-,1,-,-,40.4,0.4,1,6.77
Barry Bannan,Sheffield Wednesday,28(1),2456,-,3,4,-,1,82.5,0.2,-,6.77
Gary Gardner,"Barnsley,",28(1),2405,2,2,8,-,1.3,73.5,2.2,-,6.76
Tom Adeyemi,"Ipswich,",4(1),361,-,-,-,-,0.8,74.8,3.2,-,6.76
Jack Colback,Nottingham,16,1440,1,-,6,-,0.6,89.6,1.1,-,6.76
Josh Murphy,"Norwich,",34(7),2954,7,3,6,-,2.8,71.6,0.2,2,6.76
Josh Onomah,Aston,20(13),1860,4,3,4,-,0.9,80.5,1,2,6.76
Callum Connolly,"Ipswich,",29(5),2552,4,1,10,-,1.1,69.4,3.1,1,6.76
Pierre-Michel Lasogga,"Leeds,",21(10),1869,10,3,-,-,2.4,60.5,3.3,4,6.76
Hélder Wander Sousa de Azevedo e Costa,Wolverhampton,21(15),1758,5,6,2,-,1.2,81.9,0.5,1,6.76
Benik Afobe,Wolverhampton,7(9),698,6,-,-,-,1.8,85.8,0.9,1,6.76
Cameron Carter-Vickers,Sheffield United,17,1396,1,2,1,-,0.5,76.7,2.7,1,6.75
Glenn Whelan,Aston,30(3),2550,1,1,5,-,0.3,81.4,1.5,-,6.75
Oliver Norwood,"Fulham,",22(14),2120,5,3,6,-,1.3,84.9,1,2,6.75
Jonathan Kodjia,Aston,9(6),825,1,3,2,-,1.9,80.8,1.5,-,6.75
Henri Lansbury,Aston,6(4),593,2,3,1,1,1.3,78.2,0.9,-,6.75
Reece Burke,"Bolton,",22(3),1894,1,-,3,-,0.2,63.2,3.1,1,6.75
Johnny Russell,"Derby,",13(10),1293,4,2,3,-,1.5,64.4,0.6,-,6.74
Matthew Pennington,"Leeds,",15(9),1524,-,-,4,-,0.3,71.9,2.7,-,6.74
Darren Pratley,"Bolton,",31(1),2611,2,3,8,-,0.6,71.5,2,2,6.74
Lee Cattermole,"Sunderland,",34(1),3033,1,5,9,1,0.9,74.4,2,-,6.74
Billy Bodin,"Preston,",14(3),1096,1,-,2,1,1.8,64.1,2.8,-,6.74
Omar Richards,"Reading,",9(4),770,2,-,3,-,0.2,84.1,0.2,-,6.74
Mahlon Romeo,"Millwall,",22(5),2003,1,1,3,-,0.1,65,1.1,-,6.74
Matt Mills,Nottingham,11(2),998,-,-,6,-,0.3,82,3.3,-,6.74
Jordan Thorniley,Sheffield Wednesday,7(4),741,-,-,2,-,-,74.8,2.2,-,6.74
Joel Lynch,Queens,22(3),1854,1,1,11,-,0.5,69.4,3.3,-,6.74
Mark Little,"Bolton,",27(1),2293,1,1,3,1,0.4,68.9,1.5,1,6.73
Matthew Palmer,"Burton,",8(3),758,1,2,-,-,1,77.4,1.4,-,6.73
John Brayford,"Burton,",27(1),2162,-,1,2,-,0.2,55.5,2.5,1,6.73
Kamil Grosicki,"Hull,",22(15),2131,9,5,3,-,2.1,71,0.2,3,6.73
Michael Morrison,"Birmingham,",33,2906,1,1,8,-,0.3,70.5,3.7,1,6.73
David Vaughan,Nottingham,14,1099,-,1,4,-,0.5,90.7,0.6,-,6.73
Sam Winnall,Sheffield Wednesday,1(1),136,1,-,-,-,3,76.3,2,-,6.73
Chinedum Onuoha,Queens,28(1),2499,-,-,3,1,0.2,79.8,2.1,-,6.72
Nélson Miguel Castro Oliveira,"Norwich,",26(11),2449,8,1,5,-,3.2,80.4,1.1,-,6.72
Zak Vyner,Bristol,1,90,-,-,-,-,-,86.4,2,-,6.72
Tom Flanagan,"Burton,",20(7),1890,2,-,4,-,0.4,58.3,1.6,2,6.72
Declan Rudd,"Preston,",16,1440,-,-,3,-,-,41.6,0.7,-,6.72
Jason Steele,"Sunderland,",15,1309,-,-,3,1,-,34.5,0.5,1,6.72
Moritz Leitner,"Norwich,",10(2),864,-,-,1,-,0.4,85.9,0.7,-,6.72
George Boyd,Sheffield Wednesday,13(7),1240,2,-,2,-,0.6,72.4,0.8,1,6.71
Ke Li,"Brentford,",31(10),2821,4,4,2,-,1,77,0.9,-,6.71
Costel Pantilimon,Nottingham,13,1170,-,-,1,-,-,42.2,0.8,1,6.71
Brendan Galloway,"Sunderland,",5(2),457,-,-,2,-,0.1,59.1,0.7,1,6.71
Lasse Vibe,"Brentford,",14(5),1144,7,1,1,-,3.2,75.5,0.2,3,6.71
Joe Ledley,"Derby,",23(3),1897,1,2,3,-,0.3,81.4,0.8,-,6.71
Angus Gunn,"Norwich,",46,4140,-,-,1,-,-,60.3,0.5,-,6.71
John Ruddy,Wolverhampton,45,4050,-,1,1,-,-,57.1,0.6,-,6.71
Lukas Jutkiewicz,"Birmingham,",19(16),1721,5,1,-,-,1.7,53.4,5.8,1,6.70
Bersant Celina,"Ipswich,",23(12),2104,7,-,3,-,1.2,76.6,0.2,-,6.70
Sebastian Larsson,"Hull,",37(3),3246,2,4,13,-,0.9,79.3,0.5,-,6.70
Tom Naylor,"Burton,",32(1),2881,3,-,12,-,0.4,64.7,2.7,-,6.70
David Davis,"Birmingham,",33(5),2876,2,2,13,-,1.2,77.1,1.1,-,6.70
Josh Vela,"Bolton,",26(4),2386,1,4,3,-,0.7,74,1.5,-,6.70
Leandro Bacuna,"Reading,",29(4),2649,1,3,8,1,1,79.9,1.1,-,6.69
George Honeyman,"Sunderland,",37(5),3315,6,2,7,-,1.1,78.5,0.3,1,6.69
Dimitri Kevin Cavaré,"Barnsley,",7(2),587,1,-,1,1,0.2,75.7,1.6,-,6.69
Patrick Bamford,"Middlesbrough,",23(16),2083,11,-,1,-,1.8,73.5,1.5,1,6.69
Britt Assombalonga,"Middlesbrough,",32(12),2985,15,-,3,-,2,78.3,1.1,1,6.69
Cameron Jerome,"Derby,",8(10),802,5,1,4,-,1.1,58.9,2.1,2,6.69
Jake Buxton,"Burton,",29(3),2627,-,1,5,-,0.2,64.8,4,3,6.69
Ronaldo Vieira,"Leeds,",23(5),2022,-,2,7,1,0.8,79.2,1.6,1,6.69
Didier Ndong,"Sunderland,",16(2),1392,-,3,3,1,0.7,76,1.1,-,6.69
Tom Elliott,"Millwall,",8(16),855,4,-,4,-,1.1,49.5,6.2,-,6.69
Luke Murphy,"Burton,",34(4),3007,1,2,7,-,0.8,67.1,1.4,1,6.69
Lee Gregory,"Millwall,",40(3),3391,10,4,3,1,2,68.3,1.7,-,6.68
Eric Lichaj,Nottingham,22(1),1887,1,-,3,1,0.4,75.6,1.5,-,6.68
Joe Wildsmith,Sheffield Wednesday,25(1),2306,-,-,1,-,-,46.6,0.2,1,6.68
Jon-Miquel Toral,"Hull,",16(11),1352,1,4,2,-,1.1,69.9,1.9,1,6.68
Pawel Wszolek,Queens,28(8),2470,2,4,2,-,0.8,79.3,1,1,6.68
Kemar Roofe,"Leeds,",27(9),2429,11,3,2,-,1.5,76.8,0.9,1,6.68
Sam Hutchinson,Sheffield Wednesday,7(1),510,-,-,3,-,0.4,70.8,0.8,-,6.68
John Lundstram,Sheffield United,21(15),1956,3,3,3,-,0.9,80.9,1.3,-,6.68
Chris Maxwell,"Preston,",30,2700,-,-,-,-,-,51.1,0.7,1,6.68
Jackson Irvine,"Burton,",3,218,1,-,-,1,1,73.2,4,-,6.68
Neil Taylor,Aston,27(2),2335,-,-,3,1,0.3,78.4,1,-,6.67
David Nugent,"Derby,",29(8),2332,9,4,5,-,1.7,65.3,2.3,2,6.67
Alexander Tettey,"Norwich,",21(2),1931,-,1,8,-,0.3,89.2,1.6,-,6.67
Keinan Davis,Aston,17(11),1503,2,1,1,-,1.4,81.5,1.4,-,6.67
Pawel Cibicki,"Leeds,",5(2),387,-,2,-,-,0.6,61.7,1.7,-,6.67
Jacob Davenport,"Burton,",15(2),1351,1,1,1,-,0.7,77.7,0.7,1,6.67
Liam Kelly,"Reading,",28(6),2403,5,3,3,-,1.1,83.6,0.1,1,6.67
Korey Smith,Bristol,44(1),3909,1,1,4,-,0.5,80.7,0.8,-,6.67
Tiago Abiola Delfim Almeida Ilori,"Reading,",26(3),2190,-,-,2,1,0.2,81.1,2.4,-,6.67
Joey Pelupessy,Sheffield Wednesday,17,1530,1,1,2,-,0.9,85.4,1.2,-,6.67
Sergi Canos,"Brentford,",17(13),1399,3,2,4,1,2.5,66.8,0.5,-,6.67
David Martin,"Millwall,",1,90,-,-,-,-,-,56.5,-,-,6.66
Angus MacDonald,"Hull,",12,936,-,-,2,-,0.3,69,3.8,-,6.66
Cameron Jerome,"Norwich,",11(4),970,1,2,2,-,1.7,64.7,3.7,1,6.66
Lamine Koné,"Sunderland,",24,2107,-,-,5,-,0.3,71.7,3.4,-,6.66
Christoph Zimmermann,"Norwich,",30(9),2823,1,2,5,-,0.3,87,1.8,-,6.65
Ilias Chair,Queens,4,304,1,1,1,-,1.3,77.8,0.5,-,6.65
Daniel Bentley,"Brentford,",45,4050,-,-,-,-,-,69,0.5,1,6.65
Adam Clayton,"Middlesbrough,",22(10),2091,-,-,10,-,0.3,87.2,0.7,-,6.65
Neeskens Kebano,"Fulham,",10(16),1069,3,3,1,-,1.3,79.4,0.4,2,6.65
Daryl Murphy,Nottingham,22(5),2020,7,-,-,-,2.3,70.1,1.9,-,6.65
Brad Potts,"Barnsley,",35(2),3019,3,2,4,-,1.6,76.5,2,-,6.65
Grant Ward,"Ipswich,",25(12),2220,2,5,3,1,0.6,70.4,0.7,-,6.65
James Bree,Aston,3(3),405,-,-,-,-,0.2,75.1,1.5,-,6.65
Birkir Bjarnason,Aston,11(12),1090,3,2,1,-,1.1,82.9,1.1,-,6.65
Emyr Huws,"Ipswich,",3(2),228,-,1,1,-,0.6,72.5,1.4,-,6.65
Lloyd Isgrove,"Barnsley,",10(6),787,1,1,1,-,0.4,69.2,0.8,-,6.65
Duncan Watmore,"Sunderland,",4(2),322,-,2,-,-,0.8,69.4,0.5,-,6.65
Andrew Taylor,"Bolton,",20,1690,-,-,2,-,0.2,67,1.3,-,6.64
Hördur Magnússon,Bristol,15(9),1505,-,1,-,-,0.4,69.4,2.2,-,6.64
David Button,"Fulham,",20,1800,-,-,2,-,-,66.1,0.6,-,6.64
Grant Leadbitter,"Middlesbrough,",29(3),2372,3,1,10,1,0.6,82.7,1.3,-,6.64
Darren Randolph,"Middlesbrough,",46,4140,-,-,3,-,-,49.4,0.4,-,6.64
Cameron Dawson,Sheffield Wednesday,3,270,-,-,-,-,-,56,0.3,-,6.64
Aiden O'Brien,"Millwall,",23(7),1797,4,1,1,1,1.4,73.4,1,1,6.64
Billy Sharp,Sheffield United,28(6),2361,13,4,4,-,1.6,74.3,0.7,2,6.63
Neil Etheridge,"Cardiff,",45,4050,-,-,1,-,-,31.8,0.4,-,6.63
Paul Smyth,Queens,7(6),691,2,1,1,-,0.9,74,0.7,-,6.63
Yanic Wildschut,"Norwich,",7(9),645,1,-,2,-,1.1,78,0.6,-,6.63
Daniel Johnson,"Preston,",25(8),2283,3,3,7,-,0.7,77.2,0.5,-,6.63
George Baldock,Sheffield United,30(4),2683,1,1,4,-,0.9,71.6,1.3,1,6.63
Andre Dozzell,"Ipswich,",1,50,-,-,-,-,1,80.8,-,-,6.63
Frank Fielding,Bristol,43,3799,-,-,1,1,-,54.8,0.4,-,6.63
Lloyd Kelly,Bristol,7(4),664,1,1,-,-,0.3,72.1,2.5,1,6.63
Martin Samuelsen,"Burton,",7(2),647,-,-,1,-,1,77.8,3,-,6.63
Jon Flanagan,"Bolton,",8(1),692,-,-,3,-,0.2,68.7,2,-,6.63
Ben Alnwick,"Bolton,",39,3466,-,1,2,-,-,41.3,0.5,-,6.63
Jordan Archer,"Millwall,",45,4050,-,-,1,-,-,40.2,0.4,2,6.63
Lee Tomlin,"Cardiff,",5(8),505,1,-,2,-,1.5,62.7,0.4,-,6.62
Sam Gallagher,"Birmingham,",23(10),2125,6,-,4,1,1.8,50.4,4.8,3,6.62
Neal Maupay,"Brentford,",25(17),2321,12,4,9,-,2.2,80.5,0.4,2,6.62
Chris Wood,"Leeds,",3,270,1,1,-,-,2.3,69.6,1.3,-,6.62
Ryan Tunnicliffe,"Millwall,",19(5),1772,1,1,4,-,0.7,78.4,1.1,1,6.62
James Vaughan,"Sunderland,",15(8),1350,2,1,5,-,1.2,54.6,5.5,-,6.62
David Meyler,"Hull,",17(8),1562,5,2,3,1,0.8,74.8,1.5,1,6.62
Stephen Warnock,"Burton,",13(1),1069,1,-,2,-,0.1,70.9,1.9,-,6.62
Glenn Loovens,Sheffield Wednesday,20,1467,-,-,2,2,0.2,84.1,2.1,-,6.62
Harrison Reed,"Norwich,",36(3),3009,1,3,7,-,0.5,88,0.8,1,6.61
Kamohelo Mokotjo,"Brentford,",25(10),2187,1,2,-,-,0.6,86,0.3,-,6.61
John Swift,"Reading,",17(7),1467,2,1,4,-,1.3,80.6,0.8,1,6.61
Mustapha Carayol,Nottingham,2(13),408,1,1,1,-,1.1,72.7,0.3,-,6.61
Vito Mannone,"Reading,",41,3690,-,-,2,-,-,62.2,0.3,2,6.61
Alex Mowatt,"Barnsley,",1,90,-,-,-,-,-,70,4,-,6.61
Ryan Shotton,"Birmingham,",0(1),64,-,-,-,-,1,65.4,4,-,6.61
Sam Winnall,"Derby,",6(11),633,6,1,2,-,1.3,75.5,1.6,1,6.61
George Moncur,"Barnsley,",22(12),1947,2,3,1,-,1.2,83.5,0.4,-,6.61
Jamal Lewis,"Norwich,",19(3),1793,-,-,4,-,0.1,80.1,0.8,-,6.61
Billy Jones,"Sunderland,",19(3),1572,1,-,4,-,0.5,65.4,2.9,-,6.61
Gaetano Berardi,"Leeds,",29(2),2557,-,-,3,3,0.3,71.1,1.7,-,6.60
Idrissa Sylla,Queens,13(13),1236,7,-,2,-,1.3,64.8,3,1,6.60
Marvin Johnson,"Middlesbrough,",6(11),733,1,2,-,-,0.7,70.3,0.4,1,6.60
Vurnon Anita,"Leeds,",14(4),1291,-,-,3,-,0.1,79.9,0.4,-,6.60
Donald Love,"Sunderland,",11,980,-,2,4,-,0.9,72.4,0.9,-,6.60
David Edwards,"Reading,",27(5),2416,3,4,4,1,0.6,78.8,1.6,1,6.60
Matthew Lund,"Burton,",10(2),906,1,2,2,-,0.8,73.6,2,1,6.59
Alfred N'Diaye,Wolverhampton,13(20),1286,3,2,4,-,0.4,86.8,0.8,1,6.59
Liam Boyce,"Burton,",12(4),1062,3,1,2,-,1.9,62.7,3,-,6.59
Ivo Daniel Ferreira Mendonça Pinto,"Norwich,",31(4),2918,2,1,5,-,0.2,79.7,0.5,-,6.59
Emilio Nsue,"Birmingham,",15(3),1428,-,-,-,-,0.3,71.8,1.9,-,6.58
Ethan Robson,"Sunderland,",6(3),481,-,1,1,-,0.8,78.9,1.1,-,6.58
Jem Karacan,"Bolton,",14(2),1141,-,-,4,-,0.8,75.6,1.3,-,6.58
Craig Bryson,"Cardiff,",19(3),1602,2,2,4,-,1.2,69.5,1.3,-,6.58
Damien McCrory,"Burton,",9(2),727,-,-,1,-,0.2,65.8,1.6,-,6.58
Joel Asoro,"Sunderland,",11(15),1218,3,1,2,-,1.3,70.7,1.6,-,6.58
Grant Hall,Queens,1(3),115,-,-,-,-,-,60.9,3.3,-,6.58
Calum Woods,"Preston,",11(5),927,-,-,5,-,0.2,65,1.4,-,6.58
Wes Hoolahan,"Norwich,",14(15),1349,1,3,-,-,0.4,80.8,0.1,1,6.58
Morgan Fox,Sheffield Wednesday,26(2),2204,-,1,2,1,0.5,72.5,1.8,-,6.58
Adam Matthews,"Sunderland,",25(9),2505,1,2,-,-,0.3,79.4,0.6,1,6.58
Cheikh N'Doye,"Birmingham,",28(9),2391,-,1,5,1,1.2,62.8,5.3,-,6.57
Milan Djuric,Bristol,4(12),545,3,-,2,-,0.9,48.5,4.8,-,6.57
Jens Hegeler,Bristol,3(1),259,-,-,1,-,1.3,75.4,1,-,6.57
Adlène Guédioura,Nottingham,6(5),509,-,-,2,-,1.5,75.1,2.2,-,6.57
Chris Gunter,"Reading,",46,4126,1,1,6,-,0.3,71.6,1,-,6.57
Marten de Roon,"Middlesbrough,",1,65,-,-,-,-,-,80,2,-,6.57
Darron Gibson,"Sunderland,",12(3),1015,-,-,-,-,0.4,79.2,1,-,6.57
Tyler Walker,Nottingham,7(5),700,3,1,2,-,1.6,81.3,1.7,1,6.57
Tomasz Kuszczak,"Birmingham,",10,900,-,-,-,-,-,51.1,0.4,1,6.57
Eunan O'Kane,"Leeds,",27(5),2241,-,3,3,1,0.1,77.6,0.8,-,6.57
Omatsone Aluko,"Fulham,",4,332,-,-,-,-,2.5,84.4,0.3,-,6.57
Mark Howard,"Bolton,",7(1),675,-,-,-,-,-,46.7,0.4,-,6.56
Fraizer Campbell,"Hull,",23(13),2075,6,3,10,-,1.2,68,1.1,1,6.56
Evandro Goebel,"Hull,",3(5),345,1,-,-,-,1,89.4,0.5,-,6.55
Marcus Tavernier,"Middlesbrough,",4(1),254,1,-,-,-,0.8,62.1,1.8,-,6.55
Yann Kermorgant,"Reading,",13(12),1309,2,1,2,1,1.4,52.8,3.6,-,6.55
Jón Dadi Bödvarsson,"Reading,",20(13),1766,7,1,2,-,1.5,61.9,2.8,2,6.55
Conor Shaughnessy,"Leeds,",5(4),476,-,1,1,-,0.1,67,3.1,-,6.55
Cyrus Christie,"Fulham,",1(4),135,-,1,-,-,-,69.2,1.6,-,6.55
Stephen Kingsley,"Hull,",10(1),813,-,-,1,-,0.3,76.8,1.3,-,6.54
David Brooks,Sheffield United,9(21),1148,3,4,5,-,1.1,79.2,0.3,-,6.54
Marcel Franke,"Norwich,",5,450,-,-,-,-,0.8,85.1,2.4,-,6.54
Callum McManaman,"Sunderland,",13(11),1108,1,2,4,1,1.1,86.1,0.3,-,6.54
Filipe Alexandre Morais,"Bolton,",17(16),1866,1,2,6,1,0.7,71.4,0.4,-,6.53
David Jones,Sheffield Wednesday,20(7),1791,1,1,2,-,0.6,83.7,1.4,1,6.53
Ross Wallace,Sheffield Wednesday,24(3),1952,2,2,7,-,1.6,78.5,0.3,-,6.53
Leandro Bacuna,Aston,1,70,-,-,-,-,1,77.8,1,-,6.53
Tyler Blackett,"Reading,",19(6),1788,-,2,1,1,0.3,78.5,1.1,-,6.53
Stuart Dallas,"Leeds,",14(15),1600,2,1,1,-,0.5,69,1.2,1,6.53
Anthony Pilkington,"Cardiff,",1(7),152,3,1,1,-,0.9,58.1,1,-,6.52
David Cotterill,"Birmingham,",2(5),361,-,-,-,-,1.1,78.9,0.3,-,6.52
David Stockdale,"Birmingham,",36,3240,-,-,1,-,-,45.6,0.4,-,6.52
Derik Osede,"Bolton,",13(4),1103,-,-,2,-,0.5,68.3,1.5,-,6.51
Keiren Westwood,Sheffield Wednesday,18,1564,-,-,-,-,-,47.1,0.6,-,6.51
Jordan Smith,Nottingham,29,2610,-,-,-,-,-,57,0.6,3,6.51
Scott Carson,"Derby,",46,4140,-,-,2,-,-,51.1,0.3,-,6.51
Steven Fletcher,Sheffield Wednesday,13(6),1072,2,1,-,-,1.9,73.3,2.9,-,6.50
Hope Akpan,"Burton,",19(7),1760,2,1,1,1,1.1,76.9,2,1,6.50
Andreas Bouchalakis,Nottingham,11(10),1005,2,-,2,-,1.1,85.8,0.3,1,6.50
Jonathan Williams,"Sunderland,",7(5),559,1,-,1,-,0.3,75,0.8,-,6.50
Ryan Kent,Bristol,6(4),548,-,2,1,-,0.8,84.8,0.1,-,6.50
Felix Wiedwald,"Leeds,",28,2520,-,-,1,-,-,53.8,0.4,2,6.50
Lewis MacLeod,"Brentford,",5(5),387,1,-,-,-,1.4,76.2,0.5,-,6.50
Cameron McGeehan,"Barnsley,",6(3),492,1,-,2,-,1.3,68.8,1.6,-,6.50
Maikel Kieftenbeld,"Birmingham,",33(2),2910,-,1,11,1,0.7,80.8,0.6,-,6.49
Bailey Peacock-Farrell,"Leeds,",11,990,-,-,-,-,-,42.8,0.3,-,6.49
Stephen Mallan,"Barnsley,",5(3),432,-,1,1,-,1,73.3,0.1,-,6.49
Kortney Hause,Wolverhampton,0(1),7,-,-,-,-,-,100,-,-,6.49
Jake Wright,Sheffield United,13(4),1259,-,-,-,-,-,88.3,0.9,-,6.49
Josh McEachran,"Brentford,",14(11),1163,-,1,4,-,0.2,80.9,0.4,-,6.49
Lloyd Dyer,"Burton,",30(8),2901,7,2,1,-,0.8,77.7,0.6,-,6.49
Jamal Blackman,Sheffield United,31,2633,-,-,1,1,-,47.5,0.2,1,6.49
Matt Mills,"Barnsley,",4,351,-,-,-,-,0.8,70.6,5.3,-,6.48
Rui Pedro da Rocha Fonte,"Fulham,",16(11),1381,3,2,2,-,1,77.9,1,-,6.48
Jason McCarthy,"Barnsley,",17(4),1499,-,-,4,-,0.2,63.2,1.7,-,6.48
Stephen Bywater,"Burton,",44,3960,-,-,4,-,-,37.7,0.4,2,6.48
Loïc Damour,"Cardiff,",18(9),1673,-,1,5,-,1,68,0.5,-,6.48
Adama Diomande,"Hull,",3(13),466,1,1,-,-,0.6,72.3,1.4,-,6.48
Liam Palmer,Sheffield Wednesday,16(9),1592,-,2,4,-,0.4,70.5,0.3,-,6.48
Che Adams,"Birmingham,",16(14),1538,5,2,1,1,1.6,67.6,0.7,1,6.48
Christoph Knasmüllner,"Barnsley,",1(2),119,-,1,-,-,0.7,95,0.7,-,6.48
Josh Harrop,"Preston,",11(27),1417,2,1,5,-,0.9,80.1,0.4,-,6.47
Allan McGregor,"Hull,",44,3960,-,-,5,-,-,47.8,0.4,-,6.47
Will Keane,"Hull,",3(6),359,1,2,-,-,1.1,76.4,1.6,-,6.47
Anssi Jaakkola,"Reading,",5,450,-,-,1,-,-,59,1.2,-,6.47
Hugo Diaz,"Leeds,",0(1),33,-,-,-,-,-,70,1,-,6.47
Liam Walsh,Bristol,3(3),248,-,-,-,-,-,79.1,0.3,-,6.47
Scott Hogan,Aston,19(18),1886,6,2,-,-,1.4,67.8,0.7,1,6.47
Ben Brereton,Nottingham,25(10),2236,5,2,6,-,1.2,82.4,0.8,-,6.46
Kasey Palmer,"Derby,",2(13),429,2,1,2,-,0.5,78,0.5,-,6.46
Angus MacDonald,"Barnsley,",10(1),787,-,-,-,1,0.5,66.9,3.5,-,6.46
James Husband,"Norwich,",14(4),1153,-,1,6,-,0.2,73.6,0.9,-,6.46
Lewis Baker,"Middlesbrough,",6(6),617,1,-,1,-,1.4,80.5,0.2,-,6.46
Joseph Mendes,"Reading,",1(2),154,-,1,-,-,2,77.1,3,-,6.46
Jordan Rhodes,Sheffield Wednesday,17(14),1595,5,1,1,-,1.3,60.1,2.6,1,6.45
Alex Smithies,Queens,42(1),3821,-,-,1,-,-,50.5,0.1,-,6.45
Beryly Lubala,"Birmingham,",0(1),21,-,-,-,-,1,66.7,-,-,6.45
Tom Bradshaw,"Barnsley,",26(13),2388,9,-,2,-,2,74.6,2.1,1,6.45
Omar Bogle,"Cardiff,",4(6),390,3,-,1,1,1.1,58.1,1.3,-,6.44
Adam Davies,"Barnsley,",35,3150,-,-,1,-,-,40.1,0.4,1,6.44
Karl Henry,"Bolton,",33,2838,1,1,13,-,0.7,75.5,1,-,6.44
Kazenga LuaLua,Queens,2(6),242,-,-,-,-,0.9,75.7,0.5,-,6.44
Josh Cullen,"Bolton,",9(3),880,-,-,1,-,0.3,74.1,1.6,-,6.43
George Thorne,"Derby,",9(11),838,-,-,1,-,0.8,82.2,0.9,-,6.43
Clayton Donaldson,"Birmingham,",4,343,-,-,-,-,2,69.1,2.5,-,6.43
Danny Ward,"Cardiff,",6(12),586,4,-,-,-,0.9,67.2,1.4,-,6.43
Steven Caulker,Queens,2,146,-,-,1,-,1,52.6,3,-,6.43
Yohan Mollo,"Fulham,",2(4),219,-,1,1,-,1,81.4,0.3,-,6.43
Aboubakar Kamara,"Fulham,",8(22),1195,7,1,5,1,1.4,77.4,0.6,1,6.43
Jack Harrison,"Middlesbrough,",0(4),49,-,1,-,-,0.5,64.7,-,-,6.43
Jared Bird,"Barnsley,",0(3),37,-,-,-,-,0.3,76.9,0.3,-,6.42
Gary Madine,"Cardiff,",5(8),508,-,2,1,-,0.8,59.7,4,-,6.42
Luke Steele,Bristol,3(2),340,-,-,-,-,-,56.1,0.8,-,6.42
David Wheeler,Queens,5(4),371,1,-,-,-,0.9,58,2.9,-,6.42
Edward Bishop,"Ipswich,",1(3),109,-,-,-,-,0.3,77.3,0.3,-,6.42
Nick Townsend,"Barnsley,",8,720,-,-,-,-,-,48.8,0.5,1,6.41
Connor Mahoney,"Barnsley,",3(5),336,-,-,-,-,0.8,66.2,0.4,-,6.41
Shane McLoughlin,"Ipswich,",0(1),14,-,-,-,-,-,85.7,-,-,6.41
Onel Hernández,"Norwich,",5(7),488,-,1,1,-,0.3,77.5,0.2,-,6.41
Clayton Donaldson,Sheffield United,9(17),942,5,1,2,-,0.8,66,1.6,2,6.41
Ben Marshall,Wolverhampton,1(5),119,-,1,1,-,1.2,88.1,0.2,-,6.40
Jordan Cousins,Queens,13(2),996,-,-,5,-,0.4,71.5,1.7,-,6.40
Lynden Gooch,"Sunderland,",12(12),1101,1,3,4,-,0.9,75.5,0.3,-,6.40
Ryan Leonard,Sheffield United,6(7),489,-,-,-,-,0.8,74,0.5,-,6.40
Juan Rafael Fuentes Hernández,Nottingham,1,46,-,-,-,-,-,94.1,-,-,6.40
Bright Enobakhare,Wolverhampton,5(16),643,1,1,-,-,0.7,84.8,0.2,-,6.40
Gabriel Agbonlahor,Aston,2(4),284,1,1,-,-,0.5,74,1.8,-,6.40
Jan Kirchhoff,"Bolton,",2(2),185,-,-,-,-,1,71.6,2.3,-,6.40
Conor Washington,Queens,24(9),2263,6,1,-,-,1.8,73.3,0.7,1,6.39
Isaac Vassell,"Birmingham,",3(6),399,1,-,-,-,0.9,65.8,1.9,-,6.39
Sean Scannell,"Burton,",13(5),1044,-,1,-,-,0.6,58.2,0.7,-,6.39
Osman Kakay,Queens,2,157,-,-,-,-,-,86.7,1,-,6.39
Kazenga LuaLua,"Sunderland,",0(6),117,-,-,-,-,1.3,64.7,-,-,6.38
Callum O'Hare,Aston,0(4),103,-,1,-,-,-,82.7,0.3,-,6.38
Adam Forshaw,"Middlesbrough,",5(6),453,-,-,1,-,0.2,84.5,0.6,-,6.37
Chris Martin,"Derby,",5(18),837,1,-,1,-,0.8,72.2,1.7,-,6.37
Mason Bennett,"Derby,",1(2),41,-,-,-,-,0.3,56.3,1,-,6.37
Regan Slater,Sheffield United,0(1),16,-,-,-,-,-,90,-,-,6.37
Shane Ferguson,"Millwall,",9(15),948,-,-,2,-,0.3,68.5,0.2,-,6.36
Mamadou Thiam,"Barnsley,",12(17),1165,1,1,1,-,1.5,71.4,1,-,6.36
Jamie Ward,"Cardiff,",2(2),101,-,-,1,-,1,56.5,0.8,-,6.36
Chris Martin,"Reading,",4(6),425,1,1,1,-,0.8,64.3,2.3,-,6.36
James Wilson,Sheffield United,4(4),317,1,-,1,-,1.3,77.4,0.5,-,6.36
Jeff King,"Bolton,",1,77,-,-,-,-,-,76.7,2,-,6.36
Tommy Smith,"Ipswich,",3,270,-,-,1,-,0.3,74.3,2.3,-,6.36
Jamie Mackie,Queens,16(4),1251,4,1,3,1,1.6,78.4,0.6,-,6.35
George Evans,"Reading,",9(9),877,1,-,5,-,0.3,72,1.2,-,6.35
Ashley Fletcher,"Middlesbrough,",3(13),446,1,1,-,-,0.8,66.7,1.1,-,6.35
Adam Armstrong,"Bolton,",14(6),1118,1,-,-,-,1.7,71,0.6,-,6.34
Rhys Healey,"Cardiff,",1(2),98,-,-,-,-,1,72.7,1.3,-,6.34
Darren Bent,"Burton,",10(5),869,2,-,1,-,1.4,65.5,3.6,-,6.34
Chiedozie Ogbene,"Brentford,",0(2),35,-,-,-,-,1.5,81.8,1,-,6.34
Joe Lumley,Queens,2,180,-,-,-,-,-,64.6,0.5,-,6.34
Marvin Sordell,"Burton,",30(10),2652,3,1,-,-,1.4,66.1,1.1,-,6.33
William Miller,"Burton,",7(3),506,-,-,-,-,0.7,63.4,-,-,6.33
Nouha Dicko,"Hull,",19(10),1571,4,1,-,-,1.5,77.5,0.8,-,6.33
Samir Carruthers,Sheffield United,4(10),415,1,-,-,-,0.3,85,0.1,-,6.33
John Welsh,"Preston,",5(4),472,-,-,3,1,-,70.8,1.2,-,6.32
Jack Hobbs,Nottingham,2,180,-,-,-,-,0.5,88.2,7.5,-,6.32
Adam Le Fondre,"Bolton,",15(20),1686,7,2,2,-,1.4,70.1,1.9,1,6.32
Ryan Manning,Queens,10(9),920,2,1,2,1,0.5,68.9,0.7,-,6.32
Jake Clarke-Salter,"Sunderland,",8(3),653,-,-,1,2,0.3,69.6,3.5,-,6.32
Jonathan Leko,Bristol,5(6),404,-,-,1,-,0.5,79.3,-,-,6.32
Greg Halford,"Cardiff,",2(10),314,-,-,3,-,0.2,56.8,1.5,-,6.32
Ibrahima Cissé,"Fulham,",2(4),190,-,-,-,-,0.5,88.3,-,-,6.31
Simon Moore,Sheffield United,15(3),1488,-,-,-,1,-,41.5,0.4,-,6.31
Adrian Popa,"Reading,",3(3),281,-,-,-,-,1,72.9,0.2,-,6.31
Ikechi Anya,"Derby,",3(4),302,-,1,-,-,0.4,79.4,0.1,-,6.31
Luke Woolfenden,"Ipswich,",1(1),92,-,-,-,-,-,81.3,-,-,6.31
Stephen Darby,"Bolton,",3,204,-,-,-,-,-,68.9,1.7,-,6.31
Jason Cummings,Nottingham,7(7),600,1,-,1,-,1.9,85.1,0.2,-,6.31
Craig Bryson,"Derby,",0(4),69,1,-,-,-,0.5,78.8,-,-,6.31
William Buckley,"Bolton,",14(10),1210,2,-,2,-,1,77.3,0.4,-,6.30
Daryl Horgan,"Preston,",2(18),399,1,1,-,-,0.9,71.7,0.2,-,6.30
Apostolos Vellios,Nottingham,4(8),360,1,-,-,-,1.2,55.3,1.8,-,6.30
Luis Rafael Soares Alves,"Fulham,",0(3),53,-,-,-,-,-,70.2,0.7,-,6.30
Robbin Ruiter,"Sunderland,",20,1800,-,-,-,-,-,43,0.3,-,6.30
Bright Osayi-Samuel,Queens,6(12),641,1,-,-,-,0.8,84.9,0.3,-,6.30
Ben Folami,"Ipswich,",1(3),179,-,-,-,-,0.3,69.2,1.5,-,6.30
Zach Clough,"Bolton,",2(7),237,1,-,-,-,0.8,77.4,-,-,6.29
Craig Noone,"Bolton,",6(18),807,1,-,1,-,1.2,55.6,0.3,-,6.29
Tony Craig,"Millwall,",1(3),99,-,-,-,-,-,64.3,1.8,-,6.29
Alan Judge,"Brentford,",3(10),393,-,-,-,-,1.7,83.2,-,-,6.29
Jack Walton,"Barnsley,",3,270,-,-,-,-,-,45.1,0.3,-,6.29
Pelle Clement,"Reading,",10(13),1074,-,2,2,-,0.3,78.7,0.6,-,6.28
Kevin Stewart,"Hull,",10(7),949,-,-,4,-,0.6,76.1,1.1,-,6.28
Luke Hyam,"Ipswich,",6(11),666,-,-,-,-,0.2,74,1,-,6.28
Jacob Butterfield,Sheffield Wednesday,12(8),1061,-,1,3,-,0.3,88.7,0.6,1,6.28
Chris Cohen,Nottingham,0(2),32,-,-,-,-,-,73.1,1,-,6.28
Marley Watkins,"Norwich,",12(12),1218,-,1,2,1,0.8,74,1.3,-,6.28
Barry Cotter,"Ipswich,",1(1),57,-,-,-,-,0.5,47.4,-,-,6.28
Caleb Ekuban,"Leeds,",12(8),991,1,-,1,-,1,72.9,1.4,-,6.27
Fred Onyedinma,"Millwall,",8(29),981,1,1,-,-,0.7,74.1,0.4,-,6.27
Jordan Graham,Wolverhampton,0(1),6,-,-,-,-,-,100,-,-,6.27
Ryan Hedges,"Barnsley,",6(17),782,2,1,-,-,0.7,62.5,-,-,6.27
Roy Beerens,"Reading,",9(8),876,2,-,1,-,0.6,83.1,0.1,-,6.27
Liam Walsh,"Birmingham,",1(2),153,-,-,1,-,0.3,75.9,0.7,-,6.26
Liam Feeney,"Cardiff,",4(11),439,-,1,1,-,0.3,65.5,0.3,-,6.26
Flynn Downes,"Ipswich,",3(7),387,-,-,3,-,0.2,75,0.7,-,6.26
Stephen Gleeson,"Ipswich,",5(5),488,-,-,3,-,0.4,75.4,1.2,-,6.26
Garath McCleary,"Reading,",9(9),818,-,1,2,-,0.3,76.4,0.6,-,6.25
Cohen Bramall,"Birmingham,",3(2),333,-,-,-,-,0.4,78.2,0.6,-,6.25
Morgan Gibbs-White,Wolverhampton,1(12),241,-,-,-,-,0.2,88.1,0.2,-,6.25
Emiliano Marcondes Camargo Hansen,"Brentford,",2(10),359,-,1,-,-,0.7,78.8,0.4,-,6.25
Dennis Srbeny,"Norwich,",7(7),602,1,-,2,-,1.1,66,1.1,-,6.24
Yanic Wildschut,"Cardiff,",3(7),365,-,1,-,-,0.7,66.7,0.9,-,6.24
Adetayo Edun,"Fulham,",1(1),96,-,-,-,-,-,85.4,-,-,6.24
Jordan Obita,"Reading,",0(2),59,-,-,1,-,-,83.8,-,-,6.24
Caolan Lavery,Sheffield United,1(2),72,-,-,-,-,0.3,61.5,1.7,-,6.24
Sam Smith,"Reading,",4(4),320,1,-,-,-,1.3,71.1,1.4,-,6.24
Niclas Eliasson,Bristol,3(10),337,-,-,-,-,0.2,80.6,0.5,-,6.24
Louis Moult,"Preston,",3(7),314,2,-,-,-,1.2,65,1.4,-,6.24
Aramide Oteh,Queens,3(3),245,1,-,-,-,0.8,66.7,0.2,-,6.24
Freddie Sears,"Ipswich,",15(21),1723,2,-,1,-,0.7,74.4,0.1,-,6.23
Jamie Allen,"Burton,",19(10),1725,1,-,1,-,0.7,79.2,0.7,-,6.23
Joe Mason,"Burton,",3(3),287,1,-,-,-,0.8,64.6,1,-,6.23
Kevin Bru,"Ipswich,",3(6),380,-,-,-,-,0.2,76.8,0.6,-,6.23
Aaron Wilbraham,"Bolton,",3(20),378,2,1,3,-,0.6,55.2,1.6,-,6.23
Jason Lowe,"Birmingham,",6(3),385,-,-,3,-,0.2,82.5,0.7,-,6.23
Stephy Mavididi,"Preston,",3(7),334,-,-,-,-,0.7,81,0.3,-,6.22
Nathan Thomas,Sheffield United,0(1),16,-,-,-,-,-,60,-,-,6.22
Cauley Woodrow,Bristol,3(11),331,2,-,3,-,0.7,79.8,0.7,-,6.22
Marco André Silva Lopes Matias,Sheffield Wednesday,2(7),243,-,-,-,-,0.2,72,-,-,6.22
Carl Jenkinson,"Birmingham,",7,521,-,-,1,-,0.4,69.4,1.7,-,6.22
Ike Ugbo,"Barnsley,",7(9),745,1,1,-,-,0.9,80.6,0.6,-,6.21
Martin Cranie,"Middlesbrough,",1(8),146,-,-,1,-,0.1,68.3,0.8,-,6.21
John Mousinho,"Burton,",1,89,-,-,-,-,-,76.5,1,-,6.21
Rushian Hepburn-Murphy,Aston,0(3),59,-,-,-,-,0.3,86.7,0.3,-,6.21
Steven Naismith,"Norwich,",2,150,-,-,-,-,1,81,1,-,6.21
Josh Maja,"Sunderland,",6(11),586,1,-,1,-,0.6,79,0.5,-,6.20
Zach Clough,Nottingham,4(9),433,-,-,-,-,0.7,90,0.2,-,6.20
Denver Hume,"Sunderland,",0(1),19,-,-,-,-,-,83.3,-,-,6.20
Ritchie de Laet,Aston,1(4),109,-,-,-,-,0.2,69,1,-,6.20
Tyler Walker,"Bolton,",3(2),196,-,-,-,-,0.6,61.8,1.6,-,6.19
Nouha Dicko,Wolverhampton,0(5),77,1,-,-,-,0.8,73.3,0.4,-,6.19
Lee Camp,"Sunderland,",11(1),1029,-,-,-,-,-,34.3,0.2,-,6.19
Rafael Mir Vicente,Wolverhampton,0(2),29,-,-,-,-,1,66.7,1,-,6.19
Almen Abdi,Sheffield Wednesday,1(3),159,-,-,-,-,1,88.7,0.5,-,6.18
Adlène Guédioura,"Middlesbrough,",1,50,-,-,-,-,-,73.3,-,-,6.17
Joe Sbarra,"Burton,",4(13),605,-,2,1,-,0.2,75.6,0.2,-,6.17
Ben Thompson,"Millwall,",0(3),40,-,-,-,-,-,85,0.7,-,6.17
Daniel Lafferty,Sheffield United,1(7),199,-,-,1,-,0.1,59.2,0.9,-,6.17
Josh Dacres-Cogley,"Birmingham,",1(2),100,-,-,-,-,-,40.9,0.7,-,6.16
Stephen Gleeson,"Birmingham,",4(2),280,-,-,1,-,0.5,82.8,-,-,6.16
Ben Morris,"Ipswich,",1(2),67,-,-,-,-,-,63.6,0.7,-,6.16
Paul Robinson,"Birmingham,",0(2),46,-,-,-,-,-,75,0.5,-,6.16
Sylvain Deslandes,Wolverhampton,0(1),26,-,-,-,-,-,55.6,-,-,6.16
Jack Stobbs,Sheffield Wednesday,2(1),202,-,-,-,-,0.3,77.2,0.3,-,6.15
Marcelo Djaló,"Fulham,",0(2),13,-,-,-,-,-,-,0.5,-,6.14
Connor Kirby,Sheffield Wednesday,0(1),12,-,-,-,-,-,100,-,-,6.14
Connor Roberts,"Middlesbrough,",1,90,-,-,-,-,-,77.3,3,-,6.14
Kadeem Harris,"Cardiff,",1(2),94,-,-,-,-,0.7,66.7,0.7,-,6.13
Jay-Roy Grot,"Leeds,",1(19),301,1,1,-,-,0.3,59.6,1.3,-,6.13
James Weir,"Hull,",0(3),13,-,-,-,-,-,81.8,-,-,6.13
Jack Price,Wolverhampton,0(5),60,-,-,-,-,-,95.5,-,-,6.13
Jacob Butterfield,"Derby,",2(1),157,-,-,-,-,-,86.4,-,-,6.12
Harry Burgoyne,Wolverhampton,0(1),19,-,-,-,-,-,-,-,-,6.11
Ricky Holmes,Sheffield United,1(4),132,-,-,-,-,0.8,81.4,-,-,6.11
Luke Varney,"Burton,",1(17),305,-,-,1,-,0.1,48.2,1.6,-,6.10
Tristan Nydam,"Ipswich,",12(6),869,-,-,2,-,0.3,74.2,0.6,-,6.10
Adam McDonnell,"Ipswich,",0(1),13,-,-,-,-,-,50,-,-,6.10
Jamie Hanson,"Derby,",0(6),50,-,-,1,-,-,79.3,0.2,-,6.10
Ched Evans,Sheffield United,2(7),307,-,-,-,-,0.9,67.7,0.9,-,6.09
Sean Raggett,"Norwich,",0(2),10,-,-,-,-,-,100,1,-,6.09
Hadi Sacko,"Leeds,",1(13),281,-,-,-,-,0.2,82.6,0.5,-,6.08
Elliot Embleton,"Sunderland,",0(2),17,-,-,-,-,-,100,-,-,6.08
Luke Thomas,"Derby,",0(2),6,-,-,-,-,-,100,-,-,6.08
Theo Archibald,"Brentford,",0(2),18,-,-,-,-,-,73.3,0.5,-,6.07
Greg Luer,"Hull,",0(1),7,-,-,1,-,-,40,-,-,6.07
Matty Taylor,Bristol,4(14),519,1,-,-,1,0.7,71.4,0.6,-,6.07
Connor Ronan,Wolverhampton,0(3),29,-,-,-,-,0.3,86.7,-,-,6.07
Jason Shackell,"Millwall,",0(7),27,-,-,-,-,-,66.7,-,-,6.06
Freddie Hinds,Bristol,0(1),7,-,-,-,-,-,-,-,-,6.06
Frédéric Gounongbe,"Cardiff,",0(3),23,-,-,1,-,-,66.7,0.3,-,6.06
Ryan Edmondson,"Leeds,",0(1),16,-,-,1,-,1,100,2,-,6.06
Wahbi Khazri,"Sunderland,",0(3),70,-,-,1,-,0.3,63.6,0.3,-,6.06
Gustav Engvall,Bristol,0(2),13,-,-,-,-,-,66.7,-,-,6.04
Luca De La Torre,"Fulham,",0(5),50,-,-,-,-,0.4,85.4,-,-,6.04
Lois Diony,Bristol,1(6),200,-,-,-,-,0.1,55.6,1.1,-,6.04
Jordan Graham,"Fulham,",0(3),33,-,-,-,-,-,81.3,-,-,6.02
Frederik Nielsen,Sheffield Wednesday,0(3),13,-,-,-,-,-,44.4,0.3,-,6.02
Gary O'Neil,Bristol,0(4),56,-,-,1,-,-,64.4,0.3,-,6.02
Tomas Egert,"Burton,",0(3),23,-,-,-,-,0.3,41.7,0.7,-,6.02
Jamie Ward,Nottingham,0(8),118,-,-,1,-,0.5,67.3,0.1,-,6.02
Kristopher Twardek,"Millwall,",0(2),12,-,-,-,-,-,100,-,-,6.02
Connor Ripley,"Burton,",2,180,-,-,-,-,-,24.6,0.5,-,6.01
Marcus Edwards,"Norwich,",0(1),6,-,-,-,-,-,100,-,-,6.01
Antoine Semenyo,Bristol,0(1),11,-,-,-,-,-,-,-,-,6.00
Bali Mumba,"Sunderland,",0(1),3,-,-,-,-,-,-,-,-,6.00
Connor Simpson,"Preston,",0(1),1,-,-,-,-,-,-,-,-,6.00
Danny Rowe,"Ipswich,",0(2),15,-,-,-,-,0.5,16.7,-,-,6.00
Matthew Kennedy,"Cardiff,",0(1),1,-,-,-,-,-,-,-,-,6.00
Shaun Barker,"Burton,",0(1),1,-,-,-,-,-,-,-,-,6.00
Tim Cahill,"Millwall,",0(10),65,-,-,4,-,-,58.1,0.8,-,6.00
Dylan Mottley-Henry,"Barnsley,",0(1),22,-,-,-,-,-,85.7,-,-,5.99
Marnick Vermijl,"Preston,",0(2),63,-,-,-,-,0.5,72.2,-,-,5.99
David Edwards,Wolverhampton,0(1),12,-,-,-,-,-,50,-,-,5.98
Russell Martin,"Norwich,",4(1),351,-,-,1,-,0.8,83.1,0.8,-,5.97
Yeni N'Gbakoto,Queens,2(3),143,-,-,-,-,0.4,70.6,0.6,-,5.97
Stefan Payne,"Barnsley,",0(2),23,-,-,-,-,0.5,50,-,-,5.97
Justin Shaibu,"Brentford,",0(2),10,-,-,-,-,-,20,0.5,-,5.96
Cheick Keita,"Birmingham,",0(1),11,-,-,-,-,-,-,-,-,5.93
Harry Charsley,"Bolton,",1,55,-,-,-,-,-,58.3,2,-,5.92
Jake Eastwood,Sheffield United,0(1),14,-,-,-,-,-,42.9,-,-,5.91
Mateusz Klich,"Leeds,",1(3),131,-,-,-,-,0.5,86.5,0.5,-,5.90
Andy Lonergan,"Leeds,",7,630,-,-,-,-,-,35.9,0.1,-,5.89
Ashkan Dejagah,Nottingham,0(1),14,-,-,-,-,-,50,-,-,5.88
David Marshall,"Hull,",2,180,-,-,-,-,-,56.7,0.5,-,5.83
Will Norris,Wolverhampton,1,71,-,-,-,-,-,77.8,1,-,4.03
