name,playerId,team,teamId,Apps,Mins,Goals,Assists,Yel,Red,SpG,PS,AeriaisWon,MotM,Rating
Adama Traoré,198065,Monaco,146,26(8),2247,5,10,3,2,1.4,72.3,1,14,7.79
Aleksandar Mitrovic,128389,Newcastle United,4,15(2),1383,12,1,3,-,4,77.4,4.1,6,7.65
Curtis Davies,19115,Derby County,24,46,4133,1,3,2,-,0.5,78.3,6,9,7.59
Ashley Baker,213170,Sheffield Wednesday,19,84,-,-,-,-,-,64.3,1,-,7.57
Sean Morrison,49982,Bolton Wanderers,30,38(1),3330,7,1,5,-,1.3,55.5,7.2,6,7.56
Willy Boly,90585,Wolverhampton Wanderers,39,3200,3,2,2,-,0.5,83,4.1,8,7.52
Souleymane Bamba,19523,Leeds United,2,43(3),3851,4,1,7,-,0.8,63.8,4.2,8,7.51
Mark Bunn,10954,Aston Villa,7,90,-,-,-,-,-,38.9,1,-,7.48
Armand Traore,20488,Cardiff City,97,3(1),249,1,1,-,-,0.8,55,1.8,-,7.45
James Maddison,172780,Reading,108,42(2),3643,14,8,7,-,2.6,86.2,0.3,8,7.43
Barry Douglas,57913,Wolverhampton Wanderers,39,3393,5,14,6,-,0.7,80.3,2.5,4,7.41
Shaun Hutchinson,56984,Millwall,103,46,4140,2,1,6,-,0.7,58.5,6.1,4,7.40
Robert Snodgrass,18987,Aston Villa,7,3159,7,14,9,-,1.8,73.2,1.7,7,7.40
Harry Wilson,153682,Hull City,88,11(2),996,7,3,-,-,2.2,74,0.2,1,7.37
Joe Bryan,101105,Bristol City,113,3740,5,3,11,-,1.1,70.4,1.7,4,7.34
George Saville,120450,Middlesbrough,25,44,3947,10,1,9,-,1.8,71.5,2.9,5,7.32
Dean Gerken,15174,Ipswich Town,40,1,90,-,-,-,-,-,80,-,-,7.32
Massimo Luongo,106606,Millwall,103,3389,6,3,10,-,1.7,71.6,2.6,4,7.32
Diogo José Teixeira da Silva,194634,Hull City,88,3632,17,5,9,-,2.7,78,0.9,2,7.32
Luke Freeman,49083,Queens Park Rangers,52,3849,5,12,9,-,2.4,76.1,0.7,4,7.31
Joe Lolley,168172,Huddersfield Town,38,1114,3,3,1,-,2.5,77.7,0.6,4,7.31
Tom Cairney,76357,Norwich City,45,30(4),2796,5,5,3,-,1.6,91.3,0.9,1,7.30
Kieffer Moore,128340,Middlesbrough,25,16(4),1474,4,4,3,-,3.1,58.1,9.6,3,7.29
Joe Ralls,104073,Sunderland,56,37,3321,7,4,8,-,1.5,66.9,1.9,2,7.29
David Junior Hoilett,49806,Queens Park Rangers,52,44(2),3808,9,11,2,-,2,69.9,1,7,7.28
Oliver McBurnie,169432,Sheffield United,49,16(1),1420,9,-,2,-,2.1,76,2.5,3,7.26
Matt Targett,169359,Southampton,20,17(1),1465,1,2,3,-,0.7,79.4,1.2,4,7.26
Gary Madine,45196,Barnsley,37,28,2470,10,5,7,-,2.7,58.2,8.8,4,7.26
Ethan Pinnock,231065,Barnsley,37,9(3),940,2,-,1,-,0.3,71.6,5.3,2,7.25
Thomas Spurr,20608,Preston North End,107,5,430,-,-,-,-,0.4,77.2,3.2,1,7.25
Bruno Ecuele Manga,49382,Cardiff City,97,35(3),3183,-,2,4,-,0.4,61.1,3.3,2,7.25
Adam Webster,110735,Ipswich Town,40,25(3),2287,-,2,6,-,0.2,58.7,5.3,6,7.24
Matt Ingram,89184,Queens Park Rangers,52,140,-,-,2,-,-,38.3,1,-,7.24
Oliver Watkins,178301,Brentford,94,39(6),3531,10,4,8,-,3.1,78.7,1.5,8,7.24
Sammy Ameobi,97612,Bolton Wanderers,30,33(2),2910,4,2,8,-,2,64.6,3.2,4,7.23
Abel Hernández,59856,Norwich City,45,8(2),688,8,1,-,-,3.1,76.1,1.2,2,7.23
Tommy Elphick,28378,Reading,108,277,-,-,2,-,0.5,84.3,4.3,-,7.22
Jack Grealish,114283,Aston Villa,7,1860,3,5,4,-,1.9,85.7,0.5,1,7.22
Albert Adomah,49773,Queens Park Rangers,52,2864,14,5,1,-,1.5,76.7,0.9,8,7.20
Rúben Diogo da Silva Neves,171317,Wolverhampton Wanderers,39,3622,6,1,11,1,2.2,84.9,0.9,3,7.20
Tom Clarke,19752,Cardiff City,97,14(4),1276,2,-,2,-,0.7,62.1,5.4,1,7.20
Luke Molyneux,154581,Sunderland,56,1,90,-,-,-,-,4,83.3,-,-,7.20
Cyrus Christie,87107,Fulham,54,24(1),2122,1,4,7,-,0.7,78.6,2.1,3,7.20
Shaun Williams,76261,Aston Villa,7,30(5),2758,2,3,5,-,0.9,70.7,2.5,1,7.17
Cameron Borthwick-Jackson,171273,Leeds United,2,1,82,-,-,-,-,-,71.4,4,-,7.17
Aden Flint,58347,Bristol City,113,3428,8,2,6,1,1.1,72.4,5.5,5,7.17
Tom Lees,73545,Sheffield Wednesday,19,2565,1,1,-,-,0.5,81.2,5.1,1,7.16
James Chester,43252,Aston Villa,7,4140,4,1,4,-,0.5,87.2,3.1,2,7.16
Fernando Forestieri,39570,Norwich City,45,558,5,-,1,-,2,81.9,0.1,1,7.16
Darnell Fisher,108457,Preston North End,107,34,2924,-,1,14,-,0.2,66.7,2,1,7.14
Steve Morison,40204,Millwall,103,38(6),3449,5,8,5,-,2,53.4,7.5,3,7.14
Marko Grujic,210237,Barnsley,37,12(1),986,1,-,5,-,1.4,58.6,4.8,-,7.14
John Fleck,47247,Sheffield United,49,3659,2,7,14,1,1.6,80.3,0.8,1,7.14
Daniel Ayala,75880,Middlesbrough,25,33,2910,7,1,2,1,0.8,68.9,4.6,3,7.14
Nathaniel Mendez-Laing,76360,Cardiff City,97,33(5),2861,6,5,1,-,1.5,64.4,1.7,2,7.13
Yoann Barbet,176442,Brentford,94,32(2),2949,3,2,6,-,2,75.9,2.6,2,7.13
Thomas Holmes,219472,Reading,108,1,90,-,-,-,-,-,60.6,6,-,7.13
Ivan Cavaleiro,166324,Wolverhampton Wanderers,39,2577,9,12,4,-,1.5,82.7,0.4,5,7.13
Richard Keogh,15715,Derby County,24,42,3698,1,5,4,-,0.5,80.8,3.5,3,7.13
Jack O'Connell,146610,Sheffield United,49,4140,-,4,6,-,0.7,71.8,5.6,3,7.13
Callum Paterson,122797,Reading,108,23(9),2165,10,4,4,-,1.6,48.9,6.2,3,7.13
Tom Lawrence,154968,Derby County,24,36(3),3083,6,7,6,-,2,76.4,0.8,3,7.13
Conor Hourihane,85242,Sheffield Wednesday,19,3431,11,2,8,-,2.1,82.5,0.8,3,7.12
Mark Beevers,40558,Bolton Wanderers,30,44,3960,1,-,10,-,0.4,59.8,5.4,3,7.12
Pontus Jansson,61810,Leeds United,2,41(1),3560,3,-,13,-,0.6,83.2,3.9,3,7.12
Matt Doherty,87835,Wolverhampton Wanderers,39,3987,4,4,2,1,0.5,79.2,2.9,3,7.12
Liam Moore,86857,Reading,108,46,4140,3,1,6,-,0.5,82.5,4.6,2,7.12
Bobby De Cordova-Reid,96994,Queens Park Rangers,52,4043,19,7,9,-,1.9,79,0.5,3,7.11
Jake Cooper,167895,Millwall,103,35(3),3184,4,3,5,1,1,52.2,4.8,3,7.10
Alex Pritchard,106450,Norwich City,45,5(3),473,1,2,1,-,3.3,78.7,0.4,1,7.10
Chris Baird,15968,Derby County,24,21(1),1886,-,1,3,1,0.1,72.6,2.4,-,7.10
George Friend,40202,Middlesbrough,25,29(4),2704,2,1,10,-,0.5,67.6,3.2,-,7.10
Temitayo Olufisayo Olaoluwa Aina,159506,Hull City,88,42(2),3823,-,3,3,-,0.8,75.3,2.3,2,7.09
Joshua Earl,246075,Preston North End,107,16(3),1494,-,-,4,-,0.4,72.5,2.6,-,7.09
Tom Pearce,221609,Barnsley,37,5,430,1,-,-,-,0.6,77.4,0.4,-,7.09
Romain Saïss,107613,Burton Albion,587,3398,4,-,11,-,1,83.8,1.7,3,7.09
Muhamed Besic,87447,Everton,11,15,1179,1,1,4,-,1.7,88,0.5,-,7.08
Mark Duffy,59614,Sheffield United,49,2472,3,9,3,-,1.3,80.8,0.6,2,7.08
Paul Coutts,54769,Sheffield United,49,1401,1,-,6,-,0.8,84.9,1.3,1,7.08
Paul Huntington,20647,Preston North End,107,44,3916,1,2,10,-,0.9,69.2,5.3,2,7.07
José Ignacio Peleteiro Ramallo,89274,Hull City,88,4,325,-,3,-,-,4,71,0.3,-,7.07
Leon Clarke,18440,Sheffield Wednesday,19,3332,19,5,5,1,2.3,66.1,3.8,5,7.07
Tobias Pereira Figueiredo,130593,Nottingham Forest,17,1050,-,-,5,-,0.5,75.9,4.3,-,7.07
Kevin McDonald,55038,Barnsley,37,42,3734,3,1,10,-,1,85.7,1.5,3,7.07
Atdhe Nuhiu,62492,Barnsley,37,1451,11,5,6,-,1.6,66.9,5.8,4,7.06
Chris Basham,40386,Sheffield United,49,3887,2,1,8,-,0.4,71.8,3.3,6,7.06
Adam Reach,96778,Sheffield Wednesday,19,4063,4,11,7,-,1.8,80.2,1.4,4,7.06
Chris Mepham,223911,Brentford,94,17(4),1707,1,-,4,-,0.8,79.3,4.6,1,7.06
Joe Garner,40662,Ipswich Town,40,29(3),2573,10,2,8,-,1.7,53.1,6.3,2,7.05
Harlee Dean,59552,Brentford,94,3,270,-,-,1,-,-,76.4,5.3,-,7.05
Tom Trybull,90440,Norwich City,45,17(3),1428,2,-,2,-,0.7,88,2.2,3,7.05
Ben Marshall,67735,Millwall,103,16,1232,3,5,3,-,1.3,66.6,0.3,-,7.05
Mathieu Smith,84418,Queens Park Rangers,52,2064,11,9,3,-,2.4,42.2,6.9,4,7.05
Michael Hector,84915,Hull City,88,33(3),2965,1,-,4,1,0.6,70.8,3.3,4,7.04
Lee Tomlin,20963,Cardiff City,97,1055,4,3,3,-,2.5,76.5,0.5,1,7.04
Jarrod Bowen,178186,Hull City,88,37(5),3284,14,1,2,-,1.8,73.4,1.3,2,7.04
John Egan,108416,Brentford,94,32(1),2851,2,1,4,-,0.7,80.2,4.2,-,7.03
Matthew Connolly,27698,Cardiff City,97,4,360,-,-,2,-,0.5,46.3,4.5,-,7.03
Bryan Oviedo,77762,Aston Villa,7,31(3),2605,2,4,9,-,0.7,73.1,0.7,3,7.03
Tim Ream,82514,Fulham,54,44,3960,1,-,2,-,0.1,88.3,2.9,-,7.03
Max Clark,156519,Hull City,88,25(2),2270,-,-,4,-,0.4,65,3.2,1,7.03
Greg Cunningham,80792,Preston North End,107,20,1734,1,2,4,1,0.5,72.5,2.8,1,7.03
Andrew Boyle,81950,Preston North End,107,3,270,-,-,1,-,0.3,75.4,5,-,7.02
Aron Gunnarsson,49845,Cardiff City,97,17(3),1500,1,1,3,-,0.8,65.4,1.3,1,7.02
Kouassi Ryan Sessegnon,184349,Millwall,103,45(1),4041,15,6,2,-,1.2,75.1,1,3,7.02
Ryan Shotton,45158,Birmingham City,41,23(1),2062,1,2,2,-,0.2,70,3.3,-,7.02
Adam Jackson,97873,Barnsley,37,22,1887,1,-,2,-,0.4,68.4,4.1,1,7.02
Armand Traore,20488,Cardiff City,97,1372,-,2,3,-,0.1,81.6,2.6,1,7.02
Sean Maguire,149794,Preston North End,107,19(5),1678,10,3,3,-,2.1,65.7,2.1,4,7.01
Mile Jedinak,59115,Aston Villa,7,1510,1,-,2,-,0.6,74.5,4.6,-,7.01
Jack Robinson,83427,Fulham,54,2645,2,1,3,-,0.4,75.2,4.1,1,7.01
Frederico André Ferrão Venâncio,125466,Sheffield Wednesday,19,1788,1,-,2,-,0.6,77,2.9,-,7.01
Ryan Bennett,41727,Hull City,88,2508,1,1,7,-,0.3,84,3.8,-,7.00
Luke Ayling,66588,Leeds United,2,27,2366,-,1,4,-,0.4,71.6,2.3,1,7.00
Joe Bennett,56981,Cardiff City,97,38,3340,1,4,7,-,0.3,65.4,1.8,1,7.00
Nathan Baker,52477,Bristol City,113,2737,-,1,7,1,0.5,73.7,5.1,1,7.00
Kenneth Zohore,82078,Norwich City,45,30(6),2680,9,5,-,-,2.6,58.9,3.3,1,7.00
Tom Huddlestone,15109,Derby County,24,44,3926,2,-,5,1,1,78.8,1.8,1,6.99
Jack Rodwell,49384,Sunderland,56,1(1),104,1,-,1,-,0.5,65.3,2.5,-,6.99
Ben Davies,152898,Birmingham City,41,33(1),2927,1,-,5,-,0.5,76.3,4.2,-,6.99
Jackson Irvine,107692,Burton Albion,587,27(7),2460,2,6,6,-,0.7,68.2,4.8,-,6.98
Wes Harding,204137,Birmingham City,41,9,810,-,2,2,-,0.6,65.1,1.9,-,6.98
Henrik Dalsgaard,60479,Brentford,94,29,2541,1,3,4,-,0.7,72,3.1,2,6.98
Rico Henry,194010,Brentford,94,8,665,-,-,2,-,0.5,77.6,2,-,6.98
Sam Clucas,74033,Hull City,88,3,251,-,1,-,-,0.7,81.2,0.3,-,6.98
Ben Osborn,167878,Nottingham Forest,17,3810,4,5,3,-,0.9,81,0.8,2,6.98
Tomas Kalas,84482,Fulham,54,29(4),2523,-,1,-,1,0.2,86.9,2.9,1,6.98
Timm Klose,84384,Norwich City,45,36(1),3241,4,1,7,-,0.6,83.1,2.9,-,6.97
Daniel Fox,18421,Nottingham Forest,17,2026,-,-,8,-,0.2,70.3,4.3,-,6.97
Joe Williams,169527,Barnsley,37,33(1),2979,1,-,10,-,0.7,77.4,1,1,6.97
Pablo Hernández,55509,Celta de Vigo,176,34(7),2978,7,8,5,-,1.8,71.1,0.4,5,6.97
John Terry,1718,Aston Villa,7,2811,1,1,2,-,0.5,84.9,2.7,1,6.97
Bailey Wright,82912,Bristol City,113,3218,-,2,7,-,0.2,77.9,3.2,-,6.97
Ryan Fredericks,81012,Fulham,54,44,3919,-,7,10,-,0.6,76.4,0.7,1,6.96
David Wheater,19958,Bolton Wanderers,30,32(1),2866,1,-,9,-,0.8,67.6,3.7,1,6.96
Stewart Downing,12002,Middlesbrough,25,38(2),3246,3,7,1,-,1.9,82.9,0.4,3,6.96
Jonas Knudsen,82187,Ipswich Town,40,42,3780,1,7,10,-,0.6,66.5,3.1,2,6.96
Andy Yiadom,87408,Barnsley,37,31(1),2797,-,3,7,-,0.3,68.6,2.4,1,6.96
Michael Dawson,12679,Wolverhampton Wanderers,39,40,3600,3,1,8,-,0.4,76,3.1,-,6.96
Andre Green,174597,Aston Villa,7,340,1,-,1,-,2,70.2,1.6,-,6.96
Jed Wallace,105711,Ipswich Town,40,42(1),3661,6,9,9,1,2,67.9,0.6,1,6.95
Martyn Waghorn,49401,Nottingham Forest,17,39(5),3465,16,11,10,-,2.4,71.9,0.9,3,6.95
Aiden McGeady,18267,Derby County,24,28(7),2639,7,5,7,-,2.2,80.3,0.4,3,6.95
Famara Diedhiou,149535,Wolverhampton Wanderers,39,2341,13,2,4,-,2,64,3.7,3,6.95
Craig Forsyth,57714,Derby County,24,31,2790,-,1,5,-,0.1,66.1,3.3,-,6.95
Adam Forshaw,80179,Middlesbrough,25,9(3),874,-,1,2,-,0.4,85.4,2.2,-,6.95
Cameron Carter-Vickers,168763,Ipswich Town,40,17,1530,-,-,2,-,0.2,69.1,4.1,-,6.95
Luke Daniels,38219,Brentford,94,1,90,-,-,-,-,-,67.9,-,-,6.95
Grant Hanley,83428,Norwich City,45,28(4),2475,1,1,6,-,0.7,75.9,3.5,2,6.95
Michael Mancienne,28565,Nottingham Forest,17,2435,-,-,4,-,0.1,83.8,3.8,-,6.95
Samuel Sáiz Alonso,88961,Bristol City,113,28(6),2642,5,7,7,-,1.9,77.2,0.2,1,6.95
Lewis Grabban,21246,Sheffield Wednesday,19,970,8,1,1,-,1.9,80.1,0.9,-,6.95
Kyle McFadzean,20460,Brentford,94,39(3),3415,-,-,9,-,0.5,67.3,4.3,3,6.94
Paul Gallagher,15946,Preston North End,107,22(10),1858,2,6,8,-,1.3,72.3,0.4,2,6.94
Tommy Elphick,28378,Reading,108,2(2),196,-,-,1,-,0.5,80,2.5,1,6.94
Paul McShane,17506,Reading,108,24(2),2141,-,1,5,-,0.6,84.5,3.8,1,6.94
Matej Vydra,81183,Sheffield United,49,34(6),2718,21,4,2,-,1.9,78.3,0.6,4,6.94
Andreas Bjelland,77384,Brentford,94,32(2),2681,1,1,3,-,0.5,79.6,4,2,6.93
Alan Hutton,15405,Aston Villa,7,2351,-,2,2,-,0.5,74.4,2,1,6.93
Sean Clare,224107,Sheffield Wednesday,19,349,1,-,-,-,1.2,78.1,1,-,6.93
Liam Lindsay,161006,Fulham,54,42,3771,1,1,8,-,0.4,64.9,4.5,-,6.93
Jake Bidwell,80178,Sheffield Wednesday,19,3917,2,4,10,-,0.6,64.1,3.3,1,6.93
Modou Barrow,111787,Reading,108,37(4),3348,10,4,6,-,1.3,70.3,0.8,2,6.92
Alan Browne,171422,Hull City,88,38(6),3391,7,1,4,1,1.3,70.2,3,4,6.92
Oskar Buur,179456,Wolverhampton Wanderers,39,20,1,-,-,-,1,71.4,-,-,6.92
Gary Hooper,28221,Ipswich Town,40,1931,10,3,2,-,1.7,84.5,0.6,3,6.91
Barrie McKay,116215,Nottingham Forest,17,1704,5,7,-,-,1.3,79,0.3,2,6.91
Jordan Spence,51933,Ipswich Town,40,37(3),3329,4,4,5,1,0.5,65.2,2.9,4,6.91
Danny Batth,77610,Wolverhampton Wanderers,39,1275,1,-,3,1,0.4,77.8,4.1,2,6.90
Alex Pearce,40546,Derby County,24,5(2),500,1,-,-,-,0.3,78.8,3.1,1,6.90
Denis Odoi,72681,Preston North End,107,30(8),2698,1,-,5,1,0.3,83.8,2.4,2,6.90
Fabio Pereira da Silva,54771,Middlesbrough,25,18(4),1496,1,1,2,-,0.7,69.1,2,2,6.90
Joe Worrall,208912,Bolton Wanderers,30,2615,1,-,4,-,0.4,80.3,2.9,1,6.89
Luke Chambers,15362,Ipswich Town,40,37,3264,1,-,6,-,0.2,70.6,3.8,2,6.89
Ben Pearson,156687,Preston North End,107,35,3037,-,2,14,1,0.4,78.7,1.4,1,6.89
Martin Braithwaite,68690,Ipswich Town,40,17(2),1397,5,2,3,-,1.6,80,1.1,2,6.89
Jonny Howson,38297,Millwall,103,37(6),3303,3,2,7,-,1,79,1,1,6.89
Lee Peltier,38716,Cardiff City,97,27(3),2420,-,1,11,-,0.1,56.4,3,-,6.89
Rudy Gestede,49207,Sheffield United,49,10(9),927,3,2,3,1,1.3,53.2,6.4,1,6.89
Rúben Gonçalo Silva Nascimento Vinagre,216054,Wolverhampton Wanderers,39,628,1,1,-,-,0.4,78.4,0.3,-,6.89
Harlee Dean,59552,Brentford,94,34,3015,1,-,8,2,0.7,73.5,6.4,1,6.89
Andre Wisdom,89088,Derby County,24,29(1),2599,-,3,3,-,0.1,76.8,1.3,-,6.89
Jonathan Grounds,45420,Birmingham City,41,26,2199,-,-,5,-,0.5,70.6,3.6,-,6.89
Conor McLaughlin,78005,Millwall,103,23(1),2045,1,-,8,-,0.3,60.1,2,-,6.88
Ben Watson,16045,Watford,57,1234,-,-,4,-,0.8,85.6,2.1,-,6.88
Maxime Colin,86132,Millwall,103,3,270,-,-,-,-,0.3,79.5,2,-,6.88
Jeremie Boga,135365,Chelsea,8,24(7),2095,2,3,-,-,1.4,80.4,0.6,1,6.88
Oviemuno Ejaria,154051,Wolverhampton Wanderers,39,9(2),790,1,-,-,-,0.9,83,1.3,-,6.88
Marlon Pack,76593,Sunderland,56,3164,3,6,12,-,1.3,80.2,2.7,1,6.88
Roderick Jefferson Gonçalves Miranda,67184,Wolverhampton Wanderers,39,1404,-,-,2,-,0.2,78.3,2.8,-,6.88
Dominic Iorfa,109633,Ipswich Town,40,20(3),1730,1,1,5,-,0.4,60.9,3.2,-,6.88
Stefan Johansen,61916,Fulham,54,43(2),3633,8,8,10,-,1.8,83.9,0.4,2,6.88
Kalvin Phillips,155405,Queens Park Rangers,52,36(5),3200,7,3,13,-,1.1,72.4,2.1,2,6.88
Stefanos Kapino,88596,Nottingham Forest,17,360,-,-,-,-,-,42.7,0.5,-,6.87
Josh Brownhill,172782,Sunderland,56,3639,5,6,8,-,1.3,76.1,1.4,1,6.87
Myles Kenlock,215217,Ipswich Town,40,15(1),1281,-,1,1,-,0.3,58.9,2.4,1,6.87
Ben Turner,36956,Burton Albion,587,26(4),2362,2,1,5,-,0.4,49.3,3.5,2,6.87
Ben Gibson,83312,Middlesbrough,25,45,4050,1,3,5,-,0.4,79.7,3.1,-,6.87
John O'Shea,3736,Derby County,24,34(3),3080,1,-,4,-,0.2,77.7,3.8,2,6.87
Alex Baptiste,15633,Queens Park Rangers,52,2245,-,-,1,1,0.2,66.5,3.8,1,6.87
Tendayi Darikwa,85017,Nottingham Forest,17,2555,-,-,7,-,0.6,78.8,0.7,-,6.87
Ezgjan Alioski,105377,Brentford,94,40(2),3151,7,5,6,-,2.1,69,1,3,6.86
Oluwaseyi Ojo,141921,Sheffield United,49,18(4),1402,4,2,3,-,2.2,83.1,0.5,1,6.86
Dael Fry,169061,Middlesbrough,25,11(2),1044,-,1,1,-,0.3,78.6,2,-,6.86
Cole Skuse,19910,Ipswich Town,40,39,3330,1,1,7,-,0.5,78.5,2.5,1,6.85
Daniel Pudil,39942,Sheffield Wednesday,19,2139,-,1,8,1,0.4,75.4,3.1,2,6.85
Bradley Johnson,19569,Derby County,24,25(8),2331,4,5,9,-,1.6,66.8,2.8,1,6.85
James Perch,18846,Queens Park Rangers,52,510,-,-,1,-,0.1,75.2,3.7,-,6.85
Enda Stevens,63426,Sheffield United,49,3973,1,4,9,-,0.2,70.3,2,1,6.85
Josh Scowen,95767,Barnsley,37,3721,1,1,11,1,1.2,72.7,2.5,1,6.85
Jordan Hugill,167522,West Ham United,21,26(1),2266,8,1,8,-,2.1,60.2,5.7,-,6.85
Ashley Darel Jazz Richards,73459,Cardiff City,97,5(1),477,-,-,2,-,0.7,70.1,2.3,-,6.85
Romaine Sawyers,61600,Brentford,94,36(6),3284,4,4,5,1,1.6,84.8,0.4,1,6.85
David McGoldrick,27436,Ipswich Town,40,18(4),1617,6,4,1,-,2.2,73.6,0.9,-,6.85
Gustavo Lucas Domingues Piazon,111565,Fulham,54,14(8),1170,5,4,1,-,0.9,82.5,0.7,-,6.85
Lee Evans,113862,Sheffield United,49,1538,2,1,6,-,1.7,82.5,1.4,1,6.85
Daniel Pinillos,179153,Barnsley,37,7(1),665,-,1,-,-,0.4,71.2,3,-,6.84
James Hanson,71200,Sheffield United,49,16,-,-,-,-,1,45.5,6,-,6.84
Patrick McNair,160817,Reading,108,12(4),1070,5,-,1,-,2.1,76.6,1.5,1,6.84
James Meredith,41090,Millwall,103,46,4009,-,-,3,-,0.1,63,2,-,6.84
Lucas Eduardo Santos João,124118,Sheffield Wednesday,19,1769,9,3,-,-,1.5,76.3,1.5,2,6.84
Marco Stiepermann,71738,Cardiff City,97,15(8),1429,1,2,3,-,0.5,70.5,1.1,3,6.84
Jacques Maghoma,69842,Leeds United,2,32(9),2868,5,6,3,-,1.1,79.9,0.1,1,6.84
Craig Gardner,28468,Bristol City,113,20(6),1775,2,2,2,-,1.3,72.4,1.4,2,6.84
Liam Cooper,55914,Leeds United,2,30,2496,1,1,5,2,0.3,77.1,2,1,6.83
Ezekiel Fryers,106603,Barnsley,37,22,1968,1,2,1,-,0.5,66.6,1.7,1,6.83
Ahmed Eissa El Mohamady Abdel Fattah,37339,Burton Albion,587,3177,-,5,2,-,0.3,73.4,1.8,1,6.83
Dorian Dervite,37648,Bolton Wanderers,30,13(1),1171,-,-,1,-,0.4,57.3,3.4,-,6.83
Thomas Barkhuizen,88042,Aston Villa,7,43(3),3708,8,7,3,-,1.6,71,1.3,7,6.83
Lewis Grabban,21246,Sheffield Wednesday,19,18(1),1558,12,-,1,-,2.4,81.5,0.1,-,6.83
Paudie O'Connor,250429,Barnsley,37,4,360,-,-,2,-,-,77,4,-,6.83
Matthew Cash,199796,Nottingham Forest,17,1455,2,3,1,-,1.5,61.7,1.6,-,6.82
Axel Tuanzebe,180804,Aston Villa,7,300,-,-,-,-,-,73.5,3.4,-,6.82
Liam Bridcutt,49836,Nottingham Forest,17,2146,1,4,11,-,0.5,84.4,0.7,-,6.82
Veijeany Christopher Samba,20359,Aston Villa,7,539,1,-,-,-,0.4,76.7,3,-,6.81
Lucas Akins,41789,Reading,108,39(3),3509,5,6,5,-,1.1,73.5,3.4,1,6.81
Byron Webster,40161,Millwall,103,10,900,-,-,2,-,0.1,63.5,3.1,-,6.81
Kevin O'Connor,210482,Preston North End,107,4(4),522,-,-,-,-,0.1,70.1,2.9,-,6.81
Mario Vrancic,37614,Reading,108,29(6),2609,1,2,6,-,1.3,76.6,1.8,1,6.81
Conor Coady,94147,Preston North End,107,3975,1,2,4,1,-,90.3,0.9,-,6.81
Matthew Pearson,110698,Barnsley,37,14(3),1306,-,1,4,-,0.5,61.4,2.1,-,6.81
Marcus Bettinelli,122074,Fulham,54,26,2340,-,-,5,-,-,67.8,0.5,-,6.81
Daniel Batty,240499,Hull City,88,1,90,-,-,-,-,-,80.6,-,-,6.81
Fikayo Tomori,194794,Hull City,88,23(2),2063,-,2,3,-,0.3,73.5,1.7,-,6.81
José Ignacio Peleteiro Ramallo,89274,Hull City,88,24(8),2184,5,2,1,-,2,76.2,0.2,3,6.81
Markus Henriksen,82771,Hull City,88,25(6),2160,2,5,8,-,0.7,76.5,2.8,-,6.81
Marc Wilson,32318,Sunderland,56,20(1),1690,-,-,5,-,0.3,76.9,1.9,-,6.81
Josh Clarke,168051,Brentford,94,23(5),2153,1,-,1,-,0.4,76.2,1.2,1,6.81
Eberechi Eze,232413,Queens Park Rangers,52,848,2,-,-,-,1.3,83.1,0.8,1,6.80
Florian Jozefzoon,86897,Brentford,94,31(8),2677,7,7,-,-,1.8,77.4,0.2,2,6.80
Marc Roberts,165605,Brentford,94,26(4),2423,1,-,4,-,0.4,65,5.1,1,6.80
Jamie Paterson,85123,Bristol City,113,2825,5,8,2,-,1.3,74.9,0.3,2,6.80
Jack Hunt,73716,Sheffield Wednesday,19,2381,-,4,4,-,0.2,69.3,1.1,1,6.80
Adam Hammill,40660,Barnsley,37,30(8),2714,-,1,8,-,1.8,70.9,0.2,-,6.80
Mustapha Carayol,45265,Ipswich Town,40,5(3),318,1,1,1,-,1.1,66.7,0.3,-,6.79
Kieran Dowell,171270,Hull City,88,2699,9,4,6,-,1.8,77.2,0.4,1,6.79
Callum Robinson,171975,Preston North End,107,30(11),2570,7,7,1,-,2.3,71.1,0.4,1,6.79
Laurens De Bock,58746,Leeds United,2,7,630,-,-,-,-,0.1,75.2,3.3,-,6.79
Brian Murphy,10589,Cardiff City,97,1,90,-,-,-,-,-,39.3,1,-,6.79
Bartosz Bialkowski,28530,Leeds United,2,45,4050,-,-,-,-,-,42.9,0.5,1,6.79
Ondrej Mazuch,42560,Hull City,88,10(4),905,-,-,1,-,0.4,84.2,3.4,-,6.79
Joost van Aken,165389,sc Heerenveen,318,1229,-,-,4,-,0.4,77,2.5,-,6.79
Ashley Fletcher,176296,Wolverhampton Wanderers,39,15(1),1330,2,2,2,-,2.3,69.9,4.5,-,6.79
Joey van den Berg,19885,Reading,108,31(2),2574,1,1,8,-,0.3,83.5,1.3,1,6.79
Antonee Robinson,169528,Bolton Wanderers,30,26(4),2420,-,4,5,-,0.3,59.2,1.2,1,6.78
Leonardo Bonatini Lohner Maia,141569,Preston North End,107,2608,12,5,-,-,1.9,82.9,0.3,1,6.78
Callum O'Dowda,149933,Bristol City,113,1373,1,3,-,-,0.9,71.5,2,-,6.78
Omatsone Aluko,27503,Fulham,54,36(3),3045,3,4,4,-,1.5,83,0.2,-,6.78
Floyd Ayité,54421,Aston Villa,7,23(5),1662,4,2,2,-,1.6,81.9,0.5,1,6.78
Kieron Freeman,87121,Sheffield United,49,794,1,-,-,-,0.7,73.8,1.4,-,6.78
Tyias Browning,149468,Sunderland,56,26(1),2244,-,-,3,-,0.2,69.8,3.3,-,6.78
Richard Stearman,18832,Sheffield United,49,2386,2,-,4,-,0.4,83,3,-,6.78
Eros Pisano,46847,Bristol City,113,1175,-,-,2,-,0.3,67.4,2.6,1,6.77
Darnell Furlong,176420,Queens Park Rangers,52,1602,-,3,2,-,0.6,64.4,3.5,-,6.77
Kieran Lee,37643,Leeds United,2,1004,3,1,4,-,1,86.6,0.5,-,6.77
Maxime Colin,86132,Millwall,103,35,3053,2,1,3,-,0.3,71.6,2.3,-,6.77
Ryan Woods,101474,Brentford,94,35(4),3186,1,3,9,1,0.2,83,1.1,-,6.77
Harvey Barnes,201666,Leicester City,13,18(5),1408,5,4,1,-,1.7,71.4,0.4,3,6.77
Marcus Olsson,51887,Derby County,24,14(1),1159,-,-,3,-,0.3,71.8,1.8,-,6.77
Andreas Weimann,80979,Leeds United,2,32(8),2890,5,6,7,-,1.3,75,0.9,-,6.77
Sam Johnstone,101982,Aston Villa,7,4050,-,-,1,-,-,40.4,0.4,1,6.77
Barry Bannan,59013,Sheffield Wednesday,19,2456,-,3,4,-,1,82.5,0.2,-,6.77
Gary Gardner,77800,Barnsley,37,28(1),2405,2,2,8,-,1.3,73.5,2.2,-,6.76
Tom Adeyemi,60488,Ipswich Town,40,4(1),361,-,-,-,-,0.8,74.8,3.2,-,6.76
Jack Colback,58771,Nottingham Forest,17,1440,1,-,6,-,0.6,89.6,1.1,-,6.76
Josh Murphy,114245,Norwich City,45,34(7),2954,7,3,6,-,2.8,71.6,0.2,2,6.76
Josh Onomah,168765,Aston Villa,7,1860,4,3,4,-,0.9,80.5,1,2,6.76
Callum Connolly,175832,Ipswich Town,40,29(5),2552,4,1,10,-,1.1,69.4,3.1,1,6.76
Pierre-Michel Lasogga,80790,Leeds United,2,21(10),1869,10,3,-,-,2.4,60.5,3.3,4,6.76
Hélder Wander Sousa de Azevedo e Costa,165808,Wolverhampton Wanderers,39,1758,5,6,2,-,1.2,81.9,0.5,1,6.76
Benik Afobe,88498,Wolverhampton Wanderers,39,698,6,-,-,-,1.8,85.8,0.9,1,6.76
Cameron Carter-Vickers,168763,Ipswich Town,40,1396,1,2,1,-,0.5,76.7,2.7,1,6.75
Glenn Whelan,12150,Reading,108,2550,1,1,5,-,0.3,81.4,1.5,-,6.75
Oliver Norwood,79934,Middlesbrough,25,22(14),2120,5,3,6,-,1.3,84.9,1,2,6.75
Jonathan Kodjia,54764,Bolton Wanderers,30,825,1,3,2,-,1.9,80.8,1.5,-,6.75
Henri Lansbury,40564,Aston Villa,7,593,2,3,1,1,1.3,78.2,0.9,-,6.75
Reece Burke,156658,Bolton Wanderers,30,22(3),1894,1,-,3,-,0.2,63.2,3.1,1,6.75
Johnny Russell,42453,Burton Albion,587,13(10),1293,4,2,3,-,1.5,64.4,0.6,-,6.74
Matthew Pennington,114093,Leeds United,2,15(9),1524,-,-,4,-,0.3,71.9,2.7,-,6.74
Darren Pratley,15188,Bolton Wanderers,30,31(1),2611,2,3,8,-,0.6,71.5,2,2,6.74
Lee Cattermole,28448,Sunderland,56,34(1),3033,1,5,9,1,0.9,74.4,2,-,6.74
Billy Bodin,82248,Nottingham Forest,17,14(3),1096,1,-,2,1,1.8,64.1,2.8,-,6.74
Omar Richards,204822,Reading,108,9(4),770,2,-,3,-,0.2,84.1,0.2,-,6.74
Mahlon Romeo,160563,Millwall,103,22(5),2003,1,1,3,-,0.1,65,1.1,-,6.74
Matt Mills,15234,Barnsley,37,998,-,-,6,-,0.3,82,3.3,-,6.74
Jordan Thorniley,169525,Sheffield Wednesday,19,741,-,-,2,-,-,74.8,2.2,-,6.74
Joel Lynch,18795,Queens Park Rangers,52,1854,1,1,11,-,0.5,69.4,3.3,-,6.74
Mark Little,36574,Bolton Wanderers,30,27(1),2293,1,1,3,1,0.4,68.9,1.5,1,6.73
Matthew Palmer,124120,Burton Albion,587,8(3),758,1,2,-,-,1,77.4,1.4,-,6.73
John Brayford,49135,Burton Albion,587,27(1),2162,-,1,2,-,0.2,55.5,2.5,1,6.73
Kamil Grosicki,49957,Birmingham City,41,22(15),2131,9,5,3,-,2.1,71,0.2,3,6.73
Michael Morrison,49284,Birmingham City,41,33,2906,1,1,8,-,0.3,70.5,3.7,1,6.73
David Vaughan,7631,Nottingham Forest,17,1099,-,1,4,-,0.5,90.7,0.6,-,6.73
Sam Winnall,80996,Sheffield Wednesday,19,136,1,-,-,-,3,76.3,2,-,6.73
Chinedum Onuoha,19053,Queens Park Rangers,52,2499,-,-,3,1,0.2,79.8,2.1,-,6.72
Nélson Miguel Castro Oliveira,57114,Norwich City,45,26(11),2449,8,1,5,-,3.2,80.4,1.1,-,6.72
Zak Vyner,193576,Bristol City,113,90,-,-,-,-,-,86.4,2,-,6.72
Tom Flanagan,75993,Burton Albion,587,20(7),1890,2,-,4,-,0.4,58.3,1.6,2,6.72
Declan Rudd,50264,Preston North End,107,16,1440,-,-,3,-,-,41.6,0.7,-,6.72
Jason Steele,49262,Sunderland,56,15,1309,-,-,3,1,-,34.5,0.5,1,6.72
Moritz Leitner,87396,Norwich City,45,10(2),864,-,-,1,-,0.4,85.9,0.7,-,6.72
George Boyd,28244,Sheffield Wednesday,19,1240,2,-,2,-,0.6,72.4,0.8,1,6.71
Ke Li,86364,Brentford,94,31(10),2821,4,4,2,-,1,77,0.9,-,6.71
Costel Pantilimon,56827,Nottingham Forest,17,1170,-,-,1,-,-,42.2,0.8,1,6.71
Brendan Galloway,108824,Sunderland,56,5(2),457,-,-,2,-,0.1,59.1,0.7,1,6.71
Lasse Vibe,112447,Brentford,94,14(5),1144,7,1,1,-,3.2,75.5,0.2,3,6.71
Joe Ledley,18805,Derby County,24,23(3),1897,1,2,3,-,0.3,81.4,0.8,-,6.71
Angus Gunn,107265,Norwich City,45,46,4140,-,-,1,-,-,60.3,0.5,-,6.71
John Ruddy,19236,Wolverhampton Wanderers,39,4050,-,1,1,-,-,57.1,0.6,-,6.71
Lukas Jutkiewicz,34654,Birmingham City,41,19(16),1721,5,1,-,-,1.7,53.4,5.8,1,6.70
Bersant Celina,136380,Ipswich Town,40,23(12),2104,7,-,3,-,1.2,76.6,0.2,-,6.70
Sebastian Larsson,19057,Hull City,88,37(3),3246,2,4,13,-,0.9,79.3,0.5,-,6.70
Tom Naylor,60753,Reading,108,32(1),2881,3,-,12,-,0.4,64.7,2.7,-,6.70
David Davis,78774,Sheffield Wednesday,19,33(5),2876,2,2,13,-,1.2,77.1,1.1,-,6.70
Josh Vela,98464,Bolton Wanderers,30,26(4),2386,1,4,3,-,0.7,74,1.5,-,6.70
Leandro Bacuna,74297,Millwall,103,29(4),2649,1,3,8,1,1,79.9,1.1,-,6.69
George Honeyman,114000,Sunderland,56,37(5),3315,6,2,7,-,1.1,78.5,0.3,1,6.69
Dimitri Kevin Cavaré,169019,Barnsley,37,7(2),587,1,-,1,1,0.2,75.7,1.6,-,6.69
Patrick Bamford,106617,Middlesbrough,25,23(16),2083,11,-,1,-,1.8,73.5,1.5,1,6.69
Britt Assombalonga,97000,Leeds United,2,32(12),2985,15,-,3,-,2,78.3,1.1,1,6.69
Cameron Jerome,18804,Derby County,24,8(10),802,5,1,4,-,1.1,58.9,2.1,2,6.69
Jake Buxton,15635,Burton Albion,587,29(3),2627,-,1,5,-,0.2,64.8,4,3,6.69
Ronaldo Vieira,221608,Leeds United,2,23(5),2022,-,2,7,1,0.8,79.2,1.6,1,6.69
Didier Ndong,144660,Sunderland,56,16(2),1392,-,3,3,1,0.7,76,1.1,-,6.69
Tom Elliott,40723,Sheffield Wednesday,19,8(16),855,4,-,4,-,1.1,49.5,6.2,-,6.69
Luke Murphy,58340,Burton Albion,587,34(4),3007,1,2,7,-,0.8,67.1,1.4,1,6.69
Lee Gregory,80199,Barnsley,37,40(3),3391,10,4,3,1,2,68.3,1.7,-,6.68
Eric Lichaj,45139,Nottingham Forest,17,1887,1,-,3,1,0.4,75.6,1.5,-,6.68
Joe Wildsmith,175433,Sheffield Wednesday,19,2306,-,-,1,-,-,46.6,0.2,1,6.68
Jon-Miquel Toral,94619,Hull City,88,16(11),1352,1,4,2,-,1.1,69.9,1.9,1,6.68
Pawel Wszolek,91068,Leeds United,2,2470,2,4,2,-,0.8,79.3,1,1,6.68
Kemar Roofe,98760,Queens Park Rangers,52,27(9),2429,11,3,2,-,1.5,76.8,0.9,1,6.68
Sam Hutchinson,42428,Bolton Wanderers,30,510,-,-,3,-,0.4,70.8,0.8,-,6.68
John Lundstram,153723,Sheffield United,49,1956,3,3,3,-,0.9,80.9,1.3,-,6.68
Chris Maxwell,60713,Preston North End,107,30,2700,-,-,-,-,-,51.1,0.7,1,6.68
Jackson Irvine,107692,Burton Albion,587,3,218,1,-,-,1,1,73.2,4,-,6.68
Neil Taylor,47390,Aston Villa,7,2335,-,-,3,1,0.3,78.4,1,-,6.67
David Nugent,12744,Derby County,24,29(8),2332,9,4,5,-,1.7,65.3,2.3,2,6.67
Alexander Tettey,18665,Norwich City,45,21(2),1931,-,1,8,-,0.3,89.2,1.6,-,6.67
Keinan Davis,221239,Aston Villa,7,1503,2,1,1,-,1.4,81.5,1.4,-,6.67
Pawel Cibicki,152149,Leeds United,2,5(2),387,-,2,-,-,0.6,61.7,1.7,-,6.67
Jacob Davenport,153537,Burton Albion,587,15(2),1351,1,1,1,-,0.7,77.7,0.7,1,6.67
Liam Kelly,154133,Sunderland,56,28(6),2403,5,3,3,-,1.1,83.6,0.1,1,6.67
Korey Smith,59129,Bristol City,113,3909,1,1,4,-,0.5,80.7,0.8,-,6.67
Tiago Abiola Delfim Almeida Ilori,102548,Reading,108,26(3),2190,-,-,2,1,0.2,81.1,2.4,-,6.67
Joey Pelupessy,133937,Heracles Almelo,2038,1530,1,1,2,-,0.9,85.4,1.2,-,6.67
Sergi Canos,174932,Brentford,94,17(13),1399,3,2,4,1,2.5,66.8,0.5,-,6.67
David Martin,19194,Millwall,103,1,90,-,-,-,-,-,56.5,-,-,6.66
Angus MacDonald,106177,Barnsley,37,12,936,-,-,2,-,0.3,69,3.8,-,6.66
Cameron Jerome,18804,Derby County,24,11(4),970,1,2,2,-,1.7,64.7,3.7,1,6.66
Lamine Koné,45076,Sunderland,56,24,2107,-,-,5,-,0.3,71.7,3.4,-,6.66
Christoph Zimmermann,192303,Norwich City,45,30(9),2823,1,2,5,-,0.3,87,1.8,-,6.65
Ilias Chair,432668,Queens Park Rangers,52,304,1,1,1,-,1.3,77.8,0.5,-,6.65
Daniel Bentley,79602,Sunderland,56,45,4050,-,-,-,-,-,69,0.5,1,6.65
Adam Clayton,59044,Middlesbrough,25,22(10),2091,-,-,10,-,0.3,87.2,0.7,-,6.65
Neeskens Kebano,92259,Fulham,54,10(16),1069,3,3,1,-,1.3,79.4,0.4,2,6.65
Daryl Murphy,11854,Nottingham Forest,17,2020,7,-,-,-,2.3,70.1,1.9,-,6.65
Brad Potts,123210,Barnsley,37,35(2),3019,3,2,4,-,1.6,76.5,2,-,6.65
Grant Ward,157664,Ipswich Town,40,25(12),2220,2,5,3,1,0.6,70.4,0.7,-,6.65
James Bree,184386,Aston Villa,7,405,-,-,-,-,0.2,75.1,1.5,-,6.65
Birkir Bjarnason,27770,Aston Villa,7,1090,3,2,1,-,1.1,82.9,1.1,-,6.65
Emyr Huws,106422,Ipswich Town,40,3(2),228,-,1,1,-,0.6,72.5,1.4,-,6.65
Lloyd Isgrove,101179,Barnsley,37,10(6),787,1,1,1,-,0.4,69.2,0.8,-,6.65
Duncan Watmore,115854,Sunderland,56,4(2),322,-,2,-,-,0.8,69.4,0.5,-,6.65
Andrew Taylor,18145,Bolton Wanderers,30,20,1690,-,-,2,-,0.2,67,1.3,-,6.64
Hördur Magnússon,141558,Bristol City,113,1505,-,1,-,-,0.4,69.4,2.2,-,6.64
David Button,50093,Fulham,54,20,1800,-,-,2,-,-,66.1,0.6,-,6.64
Grant Leadbitter,10460,Sunderland,56,29(3),2372,3,1,10,1,0.6,82.7,1.3,-,6.64
Darren Randolph,32259,Middlesbrough,25,46,4140,-,-,3,-,-,49.4,0.4,-,6.64
Cameron Dawson,167896,Sheffield Wednesday,19,270,-,-,-,-,-,56,0.3,-,6.64
Aiden O'Brien,101145,Millwall,103,23(7),1797,4,1,1,1,1.4,73.4,1,1,6.64
Billy Sharp,18867,Derby County,24,2361,13,4,4,-,1.6,74.3,0.7,2,6.63
Neil Etheridge,88734,Cardiff City,97,45,4050,-,-,1,-,-,31.8,0.4,-,6.63
Paul Smyth,220803,Sheffield Wednesday,19,691,2,1,1,-,0.9,74,0.7,-,6.63
Yanic Wildschut,87333,Norwich City,45,7(9),645,1,-,2,-,1.1,78,0.6,-,6.63
Daniel Johnson,90590,Nottingham Forest,17,25(8),2283,3,3,7,-,0.7,77.2,0.5,-,6.63
George Baldock,82691,Sheffield United,49,2683,1,1,4,-,0.9,71.6,1.3,1,6.63
Andre Dozzell,200087,Ipswich Town,40,1,50,-,-,-,-,1,80.8,-,-,6.63
Frank Fielding,42887,Hull City,88,3799,-,-,1,1,-,54.8,0.4,-,6.63
Lloyd Kelly,235530,Bristol City,113,664,1,1,-,-,0.3,72.1,2.5,1,6.63
Martin Samuelsen,111055,Burton Albion,587,7(2),647,-,-,1,-,1,77.8,3,-,6.63
Jon Flanagan,91979,Bolton Wanderers,30,8(1),692,-,-,3,-,0.2,68.7,2,-,6.63
Ben Alnwick,11662,Bolton Wanderers,30,39,3466,-,1,2,-,-,41.3,0.5,-,6.63
Jordan Archer,107084,Millwall,103,45,4050,-,-,1,-,-,40.2,0.4,2,6.63
Lee Tomlin,20963,Cardiff City,97,5(8),505,1,-,2,-,1.5,62.7,0.4,-,6.62
Sam Gallagher,153371,Birmingham City,41,23(10),2125,6,-,4,1,1.8,50.4,4.8,3,6.62
Neal Maupay,115382,Leeds United,2,25(17),2321,12,4,9,-,2.2,80.5,0.4,2,6.62
Chris Wood,60689,Crystal Palace,31,3,270,1,1,-,-,2.3,69.6,1.3,-,6.62
Ryan Tunnicliffe,94217,Millwall,103,19(5),1772,1,1,4,-,0.7,78.4,1.1,1,6.62
James Vaughan,19916,Sunderland,56,15(8),1350,2,1,5,-,1.2,54.6,5.5,-,6.62
David Meyler,53371,Birmingham City,41,17(8),1562,5,2,3,1,0.8,74.8,1.5,1,6.62
Stephen Warnock,13310,Fulham,54,13(1),1069,1,-,2,-,0.1,70.9,1.9,-,6.62
Glenn Loovens,12006,Sheffield Wednesday,19,1467,-,-,2,2,0.2,84.1,2.1,-,6.62
Harrison Reed,153366,Norwich City,45,36(3),3009,1,3,7,-,0.5,88,0.8,1,6.61
Kamohelo Mokotjo,77929,Brentford,94,25(10),2187,1,2,-,-,0.6,86,0.3,-,6.61
John Swift,126189,England U21,524,17(7),1467,2,1,4,-,1.3,80.6,0.8,1,6.61
Mustapha Carayol,45265,Ipswich Town,40,408,1,1,1,-,1.1,72.7,0.3,-,6.61
Vito Mannone,20487,Reading,108,41,3690,-,-,2,-,-,62.2,0.3,2,6.61
Alex Mowatt,113571,Barnsley,37,1,90,-,-,-,-,-,70,4,-,6.61
Ryan Shotton,45158,Birmingham City,41,0(1),64,-,-,-,-,1,65.4,4,-,6.61
Sam Winnall,80996,Sheffield Wednesday,19,6(11),633,6,1,2,-,1.3,75.5,1.6,1,6.61
George Moncur,105320,Barnsley,37,22(12),1947,2,3,1,-,1.2,83.5,0.4,-,6.61
Jamal Lewis,194799,Wolverhampton Wanderers,39,19(3),1793,-,-,4,-,0.1,80.1,0.8,-,6.61
Billy Jones,11467,Sunderland,56,19(3),1572,1,-,4,-,0.5,65.4,2.9,-,6.61
Gaetano Berardi,38588,Leeds United,2,29(2),2557,-,-,3,3,0.3,71.1,1.7,-,6.60
Idrissa Sylla,66896,Sheffield Wednesday,19,1236,7,-,2,-,1.3,64.8,3,1,6.60
Marvin Johnson,74192,Middlesbrough,25,6(11),733,1,2,-,-,0.7,70.3,0.4,1,6.60
Vurnon Anita,40799,Leeds United,2,14(4),1291,-,-,3,-,0.1,79.9,0.4,-,6.60
Donald Love,160816,Sunderland,56,11,980,-,2,4,-,0.9,72.4,0.9,-,6.60
David Edwards,16236,Wolverhampton Wanderers,39,27(5),2416,3,4,4,1,0.6,78.8,1.6,1,6.60
Matthew Lund,67734,Burton Albion,587,10(2),906,1,2,2,-,0.8,73.6,2,1,6.59
Alfred N'Diaye,49688,Villarreal,449,1286,3,2,4,-,0.4,86.8,0.8,1,6.59
Liam Boyce,73915,Burton Albion,587,12(4),1062,3,1,2,-,1.9,62.7,3,-,6.59
Ivo Daniel Ferreira Mendonça Pinto,52980,Sunderland,56,31(4),2918,2,1,5,-,0.2,79.7,0.5,-,6.59
Emilio Nsue,48771,Birmingham City,41,15(3),1428,-,-,-,-,0.3,71.8,1.9,-,6.58
Ethan Robson,149051,Sunderland,56,6(3),481,-,1,1,-,0.8,78.9,1.1,-,6.58
Jem Karacan,48886,Bolton Wanderers,30,14(2),1141,-,-,4,-,0.8,75.6,1.3,-,6.58
Craig Bryson,44032,Derby County,24,19(3),1602,2,2,4,-,1.2,69.5,1.3,-,6.58
Damien McCrory,55455,Burton Albion,587,9(2),727,-,-,1,-,0.2,65.8,1.6,-,6.58
Joel Asoro,219727,Sunderland,56,11(15),1218,3,1,2,-,1.3,70.7,1.6,-,6.58
Grant Hall,59748,Queens Park Rangers,52,115,-,-,-,-,-,60.9,3.3,-,6.58
Calum Woods,38288,Preston North End,107,11(5),927,-,-,5,-,0.2,65,1.4,-,6.58
Wes Hoolahan,28499,Norwich City,45,14(15),1349,1,3,-,-,0.4,80.8,0.1,1,6.58
Morgan Fox,142607,Sheffield Wednesday,19,2204,-,1,2,1,0.5,72.5,1.8,-,6.58
Adam Matthews,60794,Ipswich Town,40,25(9),2505,1,2,-,-,0.3,79.4,0.6,1,6.58
Cheikh N'Doye,168109,Birmingham City,41,28(9),2391,-,1,5,1,1.2,62.8,5.3,-,6.57
Milan Djuric,49203,Bristol City,113,545,3,-,2,-,0.9,48.5,4.8,-,6.57
Jens Hegeler,49801,Bristol City,113,259,-,-,1,-,1.3,75.4,1,-,6.57
Adlène Guédioura,44302,Middlesbrough,25,509,-,-,2,-,1.5,75.1,2.2,-,6.57
Chris Gunter,39262,Reading,108,46,4126,1,1,6,-,0.3,71.6,1,-,6.57
Marten de Roon,82428,Middlesbrough,25,1,65,-,-,-,-,-,80,2,-,6.57
Darron Gibson,27707,Sunderland,56,12(3),1015,-,-,-,-,0.4,79.2,1,-,6.57
Tyler Walker,184391,Bolton Wanderers,30,700,3,1,2,-,1.6,81.3,1.7,1,6.57
Tomasz Kuszczak,10135,Birmingham City,41,10,900,-,-,-,-,-,51.1,0.4,1,6.57
Eunan O'Kane,80498,Leeds United,2,27(5),2241,-,3,3,1,0.1,77.6,0.8,-,6.57
Omatsone Aluko,27503,Fulham,54,4,332,-,-,-,-,2.5,84.4,0.3,-,6.57
Mark Howard,18124,Bolton Wanderers,30,7(1),675,-,-,-,-,-,46.7,0.4,-,6.56
Fraizer Campbell,28541,Hull City,88,23(13),2075,6,3,10,-,1.2,68,1.1,1,6.56
Evandro Goebel,52287,Hull City,88,3(5),345,1,-,-,-,1,89.4,0.5,-,6.55
Marcus Tavernier,201658,Middlesbrough,25,4(1),254,1,-,-,-,0.8,62.1,1.8,-,6.55
Yann Kermorgant,44558,Reading,108,13(12),1309,2,1,2,1,1.4,52.8,3.6,-,6.55
Jón Dadi Bödvarsson,83506,Reading,108,20(13),1766,7,1,2,-,1.5,61.9,2.8,2,6.55
Conor Shaughnessy,174647,Leeds United,2,5(4),476,-,1,1,-,0.1,67,3.1,-,6.55
Cyrus Christie,87107,Fulham,54,1(4),135,-,1,-,-,-,69.2,1.6,-,6.55
Stephen Kingsley,96306,Hull City,88,10(1),813,-,-,1,-,0.3,76.8,1.3,-,6.54
David Brooks,111317,Sheffield United,49,1148,3,4,5,-,1.1,79.2,0.3,-,6.54
Marcel Franke,93662,Norwich City,45,5,450,-,-,-,-,0.8,85.1,2.4,-,6.54
Callum McManaman,61538,Sunderland,56,13(11),1108,1,2,4,1,1.1,86.1,0.3,-,6.54
Filipe Alexandre Morais,28657,Bolton Wanderers,30,17(16),1866,1,2,6,1,0.7,71.4,0.4,-,6.53
David Jones,19556,Sunderland,56,1791,1,1,2,-,0.6,83.7,1.4,1,6.53
Ross Wallace,14161,Sheffield Wednesday,19,1952,2,2,7,-,1.6,78.5,0.3,-,6.53
Leandro Bacuna,74297,Millwall,103,70,-,-,-,-,1,77.8,1,-,6.53
Tyler Blackett,112133,Reading,108,19(6),1788,-,2,1,1,0.3,78.5,1.1,-,6.53
Stuart Dallas,87873,Leeds United,2,14(15),1600,2,1,1,-,0.5,69,1.2,1,6.53
Anthony Pilkington,40451,Cardiff City,97,1(7),152,3,1,1,-,0.9,58.1,1,-,6.52
David Cotterill,19048,Birmingham City,41,2(5),361,-,-,-,-,1.1,78.9,0.3,-,6.52
David Stockdale,15903,Birmingham City,41,36,3240,-,-,1,-,-,45.6,0.4,-,6.52
Derik Osede,119401,Bolton Wanderers,30,13(4),1103,-,-,2,-,0.5,68.3,1.5,-,6.51
Keiren Westwood,20531,Sheffield Wednesday,19,1564,-,-,-,-,-,47.1,0.6,-,6.51
Jordan Smith,184193,Nottingham Forest,17,2610,-,-,-,-,-,57,0.6,3,6.51
Scott Carson,17601,Derby County,24,46,4140,-,-,2,-,-,51.1,0.3,-,6.51
Steven Fletcher,18953,Sheffield Wednesday,19,1072,2,1,-,-,1.9,73.3,2.9,-,6.50
Hope Akpan,78270,Preston North End,107,19(7),1760,2,1,1,1,1.1,76.9,2,1,6.50
Andreas Bouchalakis,101155,Nottingham Forest,17,1005,2,-,2,-,1.1,85.8,0.3,1,6.50
Jonathan Williams,103100,Sunderland,56,7(5),559,1,-,1,-,0.3,75,0.8,-,6.50
Ryan Kent,141291,Bristol City,113,548,-,2,1,-,0.8,84.8,0.1,-,6.50
Felix Wiedwald,66880,Leeds United,2,28,2520,-,-,1,-,-,53.8,0.4,2,6.50
Lewis MacLeod,114275,Brentford,94,5(5),387,1,-,-,-,1.4,76.2,0.5,-,6.50
Cameron McGeehan,156706,Barnsley,37,6(3),492,1,-,2,-,1.3,68.8,1.6,-,6.50
Maikel Kieftenbeld,85365,Birmingham City,41,33(2),2910,-,1,11,1,0.7,80.8,0.6,-,6.49
Bailey Peacock-Farrell,220037,Leeds United,2,11,990,-,-,-,-,-,42.8,0.3,-,6.49
Stephen Mallan,168271,Barnsley,37,5(3),432,-,1,1,-,1,73.3,0.1,-,6.49
Kortney Hause,123354,Wolverhampton Wanderers,39,7,-,-,-,-,-,100,-,-,6.49
Jake Wright,16229,Sheffield United,49,1259,-,-,-,-,-,88.3,0.9,-,6.49
Josh McEachran,88821,Brentford,94,14(11),1163,-,1,4,-,0.2,80.9,0.4,-,6.49
Lloyd Dyer,14325,Bolton Wanderers,30,30(8),2901,7,2,1,-,0.8,77.7,0.6,-,6.49
Jamal Blackman,108132,Sheffield United,49,2633,-,-,1,1,-,47.5,0.2,1,6.49
Matt Mills,15234,Barnsley,37,4,351,-,-,-,-,0.8,70.6,5.3,-,6.48
Rui Pedro da Rocha Fonte,58476,Fulham,54,16(11),1381,3,2,2,-,1,77.9,1,-,6.48
Jason McCarthy,153368,Barnsley,37,17(4),1499,-,-,4,-,0.2,63.2,1.7,-,6.48
Stephen Bywater,3670,Burton Albion,587,44,3960,-,-,4,-,-,37.7,0.4,2,6.48
Loïc Damour,54527,Cardiff City,97,18(9),1673,-,1,5,-,1,68,0.5,-,6.48
Adama Diomande,111847,Hull City,88,3(13),466,1,1,-,-,0.6,72.3,1.4,-,6.48
Liam Palmer,80277,Sheffield Wednesday,19,1592,-,2,4,-,0.4,70.5,0.3,-,6.48
Che Adams,200439,Birmingham City,41,16(14),1538,5,2,1,1,1.6,67.6,0.7,1,6.48
Christoph Knasmüllner,79614,Barnsley,37,1(2),119,-,1,-,-,0.7,95,0.7,-,6.48
Josh Harrop,156690,Preston North End,107,11(27),1417,2,1,5,-,0.9,80.1,0.4,-,6.47
Allan McGregor,12390,Hull City,88,44,3960,-,-,5,-,-,47.8,0.4,-,6.47
Will Keane,91126,Hull City,88,3(6),359,1,2,-,-,1.1,76.4,1.6,-,6.47
Anssi Jaakkola,40746,Reading,108,5,450,-,-,1,-,-,59,1.2,-,6.47
Hugo Diaz,436762,Leeds United,2,0(1),33,-,-,-,-,-,70,1,-,6.47
Liam Walsh,180148,Birmingham City,41,248,-,-,-,-,-,79.1,0.3,-,6.47
Scott Hogan,79910,Aston Villa,7,1886,6,2,-,-,1.4,67.8,0.7,1,6.47
Ben Brereton,204814,Nottingham Forest,17,2236,5,2,6,-,1.2,82.4,0.8,-,6.46
Kasey Palmer,160190,Derby County,24,2(13),429,2,1,2,-,0.5,78,0.5,-,6.46
Angus MacDonald,106177,Barnsley,37,10(1),787,-,-,-,1,0.5,66.9,3.5,-,6.46
James Husband,90263,Norwich City,45,14(4),1153,-,1,6,-,0.2,73.6,0.9,-,6.46
Lewis Baker,126186,Middlesbrough,25,6(6),617,1,-,1,-,1.4,80.5,0.2,-,6.46
Joseph Mendes,91019,Reading,108,1(2),154,-,1,-,-,2,77.1,3,-,6.46
Jordan Rhodes,20047,Nottingham Forest,17,1595,5,1,1,-,1.3,60.1,2.6,1,6.45
Alex Smithies,45220,Hull City,88,3821,-,-,1,-,-,50.5,0.1,-,6.45
Beryly Lubala,220330,Birmingham City,41,0(1),21,-,-,-,-,1,66.7,-,-,6.45
Tom Bradshaw,80942,Barnsley,37,26(13),2388,9,-,2,-,2,74.6,2.1,1,6.45
Omar Bogle,114054,Cardiff City,97,4(6),390,3,-,1,1,1.1,58.1,1.3,-,6.44
Adam Davies,102549,Barnsley,37,35,3150,-,-,1,-,-,40.1,0.4,1,6.44
Karl Henry,10561,Bolton Wanderers,30,33,2838,1,1,13,-,0.7,75.5,1,-,6.44
Kazenga LuaLua,40545,Sunderland,56,242,-,-,-,-,0.9,75.7,0.5,-,6.44
Josh Cullen,172567,West Ham United,21,9(3),880,-,-,1,-,0.3,74.1,1.6,-,6.43
George Thorne,79843,Derby County,24,9(11),838,-,-,1,-,0.8,82.2,0.9,-,6.43
Clayton Donaldson,15789,Aston Villa,7,4,343,-,-,-,-,2,69.1,2.5,-,6.43
Danny Ward,75826,Cardiff City,97,6(12),586,4,-,-,-,0.9,67.2,1.4,-,6.43
Steven Caulker,68815,Queens Park Rangers,52,146,-,-,1,-,1,52.6,3,-,6.43
Yohan Mollo,55134,Fulham,54,2(4),219,-,1,1,-,1,81.4,0.3,-,6.43
Aboubakar Kamara,197030,Fulham,54,8(22),1195,7,1,5,1,1.4,77.4,0.6,1,6.43
Jack Harrison,221399,Middlesbrough,25,0(4),49,-,1,-,-,0.5,64.7,-,-,6.43
Jared Bird,200726,Barnsley,37,0(3),37,-,-,-,-,0.3,76.9,0.3,-,6.42
Gary Madine,45196,Barnsley,37,5(8),508,-,2,1,-,0.8,59.7,4,-,6.42
Luke Steele,17505,Bristol City,113,340,-,-,-,-,-,56.1,0.8,-,6.42
David Wheeler,59082,Queens Park Rangers,52,371,1,-,-,-,0.9,58,2.9,-,6.42
Edward Bishop,180658,Ipswich Town,40,1(3),109,-,-,-,-,0.3,77.3,0.3,-,6.42
Nick Townsend,151418,Barnsley,37,8,720,-,-,-,-,-,48.8,0.5,1,6.41
Connor Mahoney,169743,Barnsley,37,3(5),336,-,-,-,-,0.8,66.2,0.4,-,6.41
Shane McLoughlin,221751,Ipswich Town,40,0(1),14,-,-,-,-,-,85.7,-,-,6.41
Onel Hernández,89470,Eintracht Braunschweig,1740,5(7),488,-,1,1,-,0.3,77.5,0.2,-,6.41
Clayton Donaldson,15789,Aston Villa,7,942,5,1,2,-,0.8,66,1.6,2,6.41
Ben Marshall,67735,Millwall,103,119,-,1,1,-,1.2,88.1,0.2,-,6.40
Jordan Cousins,91913,Queens Park Rangers,52,996,-,-,5,-,0.4,71.5,1.7,-,6.40
Lynden Gooch,149016,Sunderland,56,12(12),1101,1,3,4,-,0.9,75.5,0.3,-,6.40
Ryan Leonard,82303,Sheffield United,49,489,-,-,-,-,0.8,74,0.5,-,6.40
Juan Rafael Fuentes Hernández,78336,Nottingham Forest,17,46,-,-,-,-,-,94.1,-,-,6.40
Bright Enobakhare,198847,Wolverhampton Wanderers,39,643,1,1,-,-,0.7,84.8,0.2,-,6.40
Gabriel Agbonlahor,27450,Aston Villa,7,284,1,1,-,-,0.5,74,1.8,-,6.40
Jan Kirchhoff,57736,Bolton Wanderers,30,2(2),185,-,-,-,-,1,71.6,2.3,-,6.40
Conor Washington,134430,Reading,108,2263,6,1,-,-,1.8,73.3,0.7,1,6.39
Isaac Vassell,103698,Birmingham City,41,3(6),399,1,-,-,-,0.9,65.8,1.9,-,6.39
Sean Scannell,49202,Burton Albion,587,13(5),1044,-,1,-,-,0.6,58.2,0.7,-,6.39
Osman Kakay,176421,Queens Park Rangers,52,157,-,-,-,-,-,86.7,1,-,6.39
Kazenga LuaLua,40545,Sunderland,56,0(6),117,-,-,-,-,1.3,64.7,-,-,6.38
Callum O'Hare,184272,Aston Villa,7,103,-,1,-,-,-,82.7,0.3,-,6.38
Adam Forshaw,80179,Middlesbrough,25,5(6),453,-,-,1,-,0.2,84.5,0.6,-,6.37
Chris Martin,39776,Reading,108,5(18),837,1,-,1,-,0.8,72.2,1.7,-,6.37
Mason Bennett,103920,Derby County,24,1(2),41,-,-,-,-,0.3,56.3,1,-,6.37
Regan Slater,243413,Sheffield United,49,16,-,-,-,-,-,90,-,-,6.37
Shane Ferguson,61944,Millwall,103,9(15),948,-,-,2,-,0.3,68.5,0.2,-,6.36
Mamadou Thiam,208747,Barnsley,37,12(17),1165,1,1,1,-,1.5,71.4,1,-,6.36
Jamie Ward,32300,Cardiff City,97,2(2),101,-,-,1,-,1,56.5,0.8,-,6.36
Chris Martin,39776,Reading,108,4(6),425,1,1,1,-,0.8,64.3,2.3,-,6.36
James Wilson,112139,Sheffield United,49,317,1,-,1,-,1.3,77.4,0.5,-,6.36
Jeff King,250724,Bolton Wanderers,30,1,77,-,-,-,-,-,76.7,2,-,6.36
Tommy Smith,45099,Ipswich Town,40,3,270,-,-,1,-,0.3,74.3,2.3,-,6.36
Jamie Mackie,19196,Queens Park Rangers,52,1251,4,1,3,1,1.6,78.4,0.6,-,6.35
George Evans,106423,Reading,108,9(9),877,1,-,5,-,0.3,72,1.2,-,6.35
Ashley Fletcher,176296,Wolverhampton Wanderers,39,3(13),446,1,1,-,-,0.8,66.7,1.1,-,6.35
Adam Armstrong,155511,Bolton Wanderers,30,14(6),1118,1,-,-,-,1.7,71,0.6,-,6.34
Rhys Healey,131403,Cardiff City,97,1(2),98,-,-,-,-,1,72.7,1.3,-,6.34
Darren Bent,10738,Sunderland,56,10(5),869,2,-,1,-,1.4,65.5,3.6,-,6.34
Chiedozie Ogbene,229164,Brentford,94,0(2),35,-,-,-,-,1.5,81.8,1,-,6.34
Joe Lumley,167888,Queens Park Rangers,52,180,-,-,-,-,-,64.6,0.5,-,6.34
Marvin Sordell,66978,Burton Albion,587,30(10),2652,3,1,-,-,1.4,66.1,1.1,-,6.33
William Miller,158535,Burton Albion,587,7(3),506,-,-,-,-,0.7,63.4,-,-,6.33
Nouha Dicko,106348,Ipswich Town,40,19(10),1571,4,1,-,-,1.5,77.5,0.8,-,6.33
Samir Carruthers,114042,Sheffield United,49,415,1,-,-,-,0.3,85,0.1,-,6.33
John Welsh,15315,Preston North End,107,5(4),472,-,-,3,1,-,70.8,1.2,-,6.32
Jack Hobbs,19723,Nottingham Forest,17,180,-,-,-,-,0.5,88.2,7.5,-,6.32
Adam Le Fondre,19163,Barnsley,37,15(20),1686,7,2,2,-,1.4,70.1,1.9,1,6.32
Ryan Manning,204863,Norwich City,45,920,2,1,2,1,0.5,68.9,0.7,-,6.32
Jake Clarke-Salter,180732,Sunderland,56,8(3),653,-,-,1,2,0.3,69.6,3.5,-,6.32
Jonathan Leko,173809,Bristol City,113,404,-,-,1,-,0.5,79.3,-,-,6.32
Greg Halford,14927,Cardiff City,97,2(10),314,-,-,3,-,0.2,56.8,1.5,-,6.32
Ibrahima Cissé,109999,Fulham,54,2(4),190,-,-,-,-,0.5,88.3,-,-,6.31
Simon Moore,74854,Sheffield United,49,1488,-,-,-,1,-,41.5,0.4,-,6.31
Adrian Popa,72244,Reading,108,3(3),281,-,-,-,-,1,72.9,0.2,-,6.31
Ikechi Anya,19342,Derby County,24,3(4),302,-,1,-,-,0.4,79.4,0.1,-,6.31
Luke Woolfenden,220583,Ipswich Town,40,1(1),92,-,-,-,-,-,81.3,-,-,6.31
Stephen Darby,40400,Bolton Wanderers,30,3,204,-,-,-,-,-,68.9,1.7,-,6.31
Jason Cummings,169422,Nottingham Forest,17,600,1,-,1,-,1.9,85.1,0.2,-,6.31
Craig Bryson,44032,Derby County,24,0(4),69,1,-,-,-,0.5,78.8,-,-,6.31
William Buckley,49853,Bolton Wanderers,30,14(10),1210,2,-,2,-,1,77.3,0.4,-,6.30
Daryl Horgan,94799,Preston North End,107,2(18),399,1,1,-,-,0.9,71.7,0.2,-,6.30
Apostolos Vellios,60865,Nottingham Forest,17,360,1,-,-,-,1.2,55.3,1.8,-,6.30
Luis Rafael Soares Alves,165800,Fulham,54,0(3),53,-,-,-,-,-,70.2,0.7,-,6.30
Robbin Ruiter,56326,Sunderland,56,20,1800,-,-,-,-,-,43,0.3,-,6.30
Bright Osayi-Samuel,205118,Queens Park Rangers,52,641,1,-,-,-,0.8,84.9,0.3,-,6.30
Ben Folami,241190,Ipswich Town,40,1(3),179,-,-,-,-,0.3,69.2,1.5,-,6.30
Zach Clough,109432,Bolton Wanderers,30,2(7),237,1,-,-,-,0.8,77.4,-,-,6.29
Craig Noone,55913,Barnsley,37,6(18),807,1,-,1,-,1.2,55.6,0.3,-,6.29
Tony Craig,16048,Millwall,103,1(3),99,-,-,-,-,-,64.3,1.8,-,6.29
Alan Judge,15420,Brentford,94,3(10),393,-,-,-,-,1.7,83.2,-,-,6.29
Jack Walton,207722,Barnsley,37,3,270,-,-,-,-,-,45.1,0.3,-,6.29
Pelle Clement,209604,Reading,108,10(13),1074,-,2,2,-,0.3,78.7,0.6,-,6.28
Kevin Stewart,106449,Hull City,88,10(7),949,-,-,4,-,0.6,76.1,1.1,-,6.28
Luke Hyam,74960,Ipswich Town,40,6(11),666,-,-,-,-,0.2,74,1,-,6.28
Jacob Butterfield,47420,Derby County,24,1061,-,1,3,-,0.3,88.7,0.6,1,6.28
Chris Cohen,18072,Nottingham Forest,17,32,-,-,-,-,-,73.1,1,-,6.28
Marley Watkins,55563,Norwich City,45,12(12),1218,-,1,2,1,0.8,74,1.3,-,6.28
Barry Cotter,443368,Ipswich Town,40,1(1),57,-,-,-,-,0.5,47.4,-,-,6.28
Caleb Ekuban,152905,Leeds United,2,12(8),991,1,-,1,-,1,72.9,1.4,-,6.27
Fred Onyedinma,168035,Birmingham City,41,8(29),981,1,1,-,-,0.7,74.1,0.4,-,6.27
Jordan Graham,175874,Wolverhampton Wanderers,39,6,-,-,-,-,-,100,-,-,6.27
Ryan Hedges,169414,Barnsley,37,6(17),782,2,1,-,-,0.7,62.5,-,-,6.27
Roy Beerens,27338,Derby County,24,9(8),876,2,-,1,-,0.6,83.1,0.1,-,6.27
Liam Walsh,180148,Birmingham City,41,1(2),153,-,-,1,-,0.3,75.9,0.7,-,6.26
Liam Feeney,58789,Cardiff City,97,4(11),439,-,1,1,-,0.3,65.5,0.3,-,6.26
Flynn Downes,220585,Ipswich Town,40,3(7),387,-,-,3,-,0.2,75,0.7,-,6.26
Stephen Gleeson,38398,Ipswich Town,40,5(5),488,-,-,3,-,0.4,75.4,1.2,-,6.26
Garath McCleary,49949,Reading,108,9(9),818,-,1,2,-,0.3,76.4,0.6,-,6.25
Cohen Bramall,245791,Birmingham City,41,3(2),333,-,-,-,-,0.4,78.2,0.6,-,6.25
Morgan Gibbs-White,222531,Wolverhampton Wanderers,39,241,-,-,-,-,0.2,88.1,0.2,-,6.25
Emiliano Marcondes Camargo Hansen,133845,Brentford,94,2(10),359,-,1,-,-,0.7,78.8,0.4,-,6.25
Dennis Srbeny,179587,Norwich City,45,7(7),602,1,-,2,-,1.1,66,1.1,-,6.24
Yanic Wildschut,87333,Norwich City,45,3(7),365,-,1,-,-,0.7,66.7,0.9,-,6.24
Adetayo Edun,169128,Fulham,54,1(1),96,-,-,-,-,-,85.4,-,-,6.24
Jordan Obita,87170,Reading,108,0(2),59,-,-,1,-,-,83.8,-,-,6.24
Caolan Lavery,129020,Sheffield United,49,72,-,-,-,-,0.3,61.5,1.7,-,6.24
Sam Smith,199053,Reading,108,4(4),320,1,-,-,-,1.3,71.1,1.4,-,6.24
Niclas Eliasson,157841,Bristol City,113,337,-,-,-,-,0.2,80.6,0.5,-,6.24
Louis Moult,76429,Preston North End,107,3(7),314,2,-,-,-,1.2,65,1.4,-,6.24
Aramide Oteh,199403,Queens Park Rangers,52,245,1,-,-,-,0.8,66.7,0.2,-,6.24
Freddie Sears,49997,Reading,108,15(21),1723,2,-,1,-,0.7,74.4,0.1,-,6.23
Jamie Allen,153347,Burton Albion,587,19(10),1725,1,-,1,-,0.7,79.2,0.7,-,6.23
Joe Mason,73442,Burton Albion,587,3(3),287,1,-,-,-,0.8,64.6,1,-,6.23
Kevin Bru,40509,Ipswich Town,40,3(6),380,-,-,-,-,0.2,76.8,0.6,-,6.23
Aaron Wilbraham,1409,Bolton Wanderers,30,3(20),378,2,1,3,-,0.6,55.2,1.6,-,6.23
Jason Lowe,92488,Birmingham City,41,6(3),385,-,-,3,-,0.2,82.5,0.7,-,6.23
Stephy Mavididi,154048,Preston North End,107,3(7),334,-,-,-,-,0.7,81,0.3,-,6.22
Nathan Thomas,114314,Sheffield United,49,16,-,-,-,-,-,60,-,-,6.22
Cauley Woodrow,91046,England U21,524,331,2,-,3,-,0.7,79.8,0.7,-,6.22
Marco André Silva Lopes Matias,125404,Sheffield Wednesday,19,243,-,-,-,-,0.2,72,-,-,6.22
Carl Jenkinson,80254,Birmingham City,41,7,521,-,-,1,-,0.4,69.4,1.7,-,6.22
Ike Ugbo,181913,Sunderland,56,7(9),745,1,1,-,-,0.9,80.6,0.6,-,6.21
Martin Cranie,18006,Middlesbrough,25,1(8),146,-,-,1,-,0.1,68.3,0.8,-,6.21
John Mousinho,27612,Burton Albion,587,1,89,-,-,-,-,-,76.5,1,-,6.21
Rushian Hepburn-Murphy,175944,Aston Villa,7,59,-,-,-,-,0.3,86.7,0.3,-,6.21
Steven Naismith,18981,Norwich City,45,2,150,-,-,-,-,1,81,1,-,6.21
Josh Maja,195480,Sunderland,56,6(11),586,1,-,1,-,0.6,79,0.5,-,6.20
Zach Clough,109432,Bolton Wanderers,30,433,-,-,-,-,0.7,90,0.2,-,6.20
Denver Hume,195463,Sunderland,56,0(1),19,-,-,-,-,-,83.3,-,-,6.20
Ritchie de Laet,46695,Aston Villa,7,109,-,-,-,-,0.2,69,1,-,6.20
Tyler Walker,184391,Bolton Wanderers,30,3(2),196,-,-,-,-,0.6,61.8,1.6,-,6.19
Nouha Dicko,106348,Ipswich Town,40,77,1,-,-,-,0.8,73.3,0.4,-,6.19
Lee Camp,15904,Sunderland,56,11(1),1029,-,-,-,-,-,34.3,0.2,-,6.19
Rafael Mir Vicente,219929,Wolverhampton Wanderers,39,29,-,-,-,-,1,66.7,1,-,6.19
Almen Abdi,41926,Sheffield Wednesday,19,159,-,-,-,-,1,88.7,0.5,-,6.18
Adlène Guédioura,44302,Middlesbrough,25,1,50,-,-,-,-,-,73.3,-,-,6.17
Joe Sbarra,240275,Burton Albion,587,4(13),605,-,2,1,-,0.2,75.6,0.2,-,6.17
Ben Thompson,195592,Millwall,103,0(3),40,-,-,-,-,-,85,0.7,-,6.17
Daniel Lafferty,80788,Sheffield United,49,199,-,-,1,-,0.1,59.2,0.9,-,6.17
Josh Dacres-Cogley,213279,Birmingham City,41,1(2),100,-,-,-,-,-,40.9,0.7,-,6.16
Stephen Gleeson,38398,Ipswich Town,40,4(2),280,-,-,1,-,0.5,82.8,-,-,6.16
Ben Morris,220591,Ipswich Town,40,1(2),67,-,-,-,-,-,63.6,0.7,-,6.16
Paul Robinson,2004,Birmingham City,41,0(2),46,-,-,-,-,-,75,0.5,-,6.16
Sylvain Deslandes,213931,Wolverhampton Wanderers,39,26,-,-,-,-,-,55.6,-,-,6.16
Jack Stobbs,179012,Sheffield Wednesday,19,202,-,-,-,-,0.3,77.2,0.3,-,6.15
Marcelo Djaló,194842,Fulham,54,0(2),13,-,-,-,-,-,-,0.5,-,6.14
Connor Kirby,435859,Sheffield Wednesday,19,12,-,-,-,-,-,100,-,-,6.14
Connor Roberts,192290,Middlesbrough,25,1,90,-,-,-,-,-,77.3,3,-,6.14
Kadeem Harris,78911,Cardiff City,97,1(2),94,-,-,-,-,0.7,66.7,0.7,-,6.13
Jay-Roy Grot,204642,Leeds United,2,1(19),301,1,1,-,-,0.3,59.6,1.3,-,6.13
James Weir,156686,Hull City,88,0(3),13,-,-,-,-,-,81.8,-,-,6.13
Jack Price,114041,Wolverhampton Wanderers,39,60,-,-,-,-,-,95.5,-,-,6.13
Jacob Butterfield,47420,Derby County,24,2(1),157,-,-,-,-,-,86.4,-,-,6.12
Harry Burgoyne,176797,Wolverhampton Wanderers,39,19,-,-,-,-,-,-,-,-,6.11
Ricky Holmes,58857,Sheffield United,49,132,-,-,-,-,0.8,81.4,-,-,6.11
Luke Varney,15988,Burton Albion,587,1(17),305,-,-,1,-,0.1,48.2,1.6,-,6.10
Tristan Nydam,220584,Ipswich Town,40,12(6),869,-,-,2,-,0.3,74.2,0.6,-,6.10
Adam McDonnell,215218,Ipswich Town,40,0(1),13,-,-,-,-,-,50,-,-,6.10
Jamie Hanson,154094,Derby County,24,0(6),50,-,-,1,-,-,79.3,0.2,-,6.10
Ched Evans,48613,Sheffield United,49,307,-,-,-,-,0.9,67.7,0.9,-,6.09
Sean Raggett,91915,Norwich City,45,0(2),10,-,-,-,-,-,100,1,-,6.09
Hadi Sacko,121520,Leeds United,2,1(13),281,-,-,-,-,0.2,82.6,0.5,-,6.08
Elliot Embleton,204819,Sunderland,56,0(2),17,-,-,-,-,-,100,-,-,6.08
Luke Thomas,217585,Derby County,24,0(2),6,-,-,-,-,-,100,-,-,6.08
Theo Archibald,175939,Brentford,94,0(2),18,-,-,-,-,-,73.3,0.5,-,6.07
Greg Luer,202174,Hull City,88,0(1),7,-,-,1,-,-,40,-,-,6.07
Matty Taylor,106257,Bristol City,113,519,1,-,-,1,0.7,71.4,0.6,-,6.07
Connor Ronan,198842,Wolverhampton Wanderers,39,29,-,-,-,-,0.3,86.7,-,-,6.07
Jason Shackell,15706,Millwall,103,0(7),27,-,-,-,-,-,66.7,-,-,6.06
Freddie Hinds,235365,Bristol City,113,7,-,-,-,-,-,-,-,-,6.06
Frédéric Gounongbe,120962,Cardiff City,97,0(3),23,-,-,1,-,-,66.7,0.3,-,6.06
Ryan Edmondson,437709,Leeds United,2,0(1),16,-,-,1,-,1,100,2,-,6.06
Wahbi Khazri,60165,Sunderland,56,0(3),70,-,-,1,-,0.3,63.6,0.3,-,6.06
Gustav Engvall,160790,Bristol City,113,13,-,-,-,-,-,66.7,-,-,6.04
Luca De La Torre,176414,Fulham,54,0(5),50,-,-,-,-,0.4,85.4,-,-,6.04
Lois Diony,147577,St Etienne,152,200,-,-,-,-,0.1,55.6,1.1,-,6.04
Jordan Graham,175874,Wolverhampton Wanderers,39,0(3),33,-,-,-,-,-,81.3,-,-,6.02
Frederik Nielsen,222777,Sheffield Wednesday,19,13,-,-,-,-,-,44.4,0.3,-,6.02
Gary O'Neil,5716,Bristol City,113,56,-,-,1,-,-,64.4,0.3,-,6.02
Tomas Egert,194560,Burton Albion,587,0(3),23,-,-,-,-,0.3,41.7,0.7,-,6.02
Jamie Ward,32300,Cardiff City,97,118,-,-,1,-,0.5,67.3,0.1,-,6.02
Kristopher Twardek,181924,Millwall,103,0(2),12,-,-,-,-,-,100,-,-,6.02
Connor Ripley,91043,Burton Albion,587,2,180,-,-,-,-,-,24.6,0.5,-,6.01
Marcus Edwards,174592,Norwich City,45,0(1),6,-,-,-,-,-,100,-,-,6.01
Antoine Semenyo,437730,Bristol City,113,11,-,-,-,-,-,-,-,-,6.00
Danny Rowe,60620,Ipswich Town,40,0(2),15,-,-,-,-,0.5,16.7,-,-,6.00
Matthew Kennedy,92476,Cardiff City,97,0(1),1,-,-,-,-,-,-,-,-,6.00
Shaun Barker,8351,Burton Albion,587,0(1),1,-,-,-,-,-,-,-,-,6.00
Tim Cahill,3273,Millwall,103,0(10),65,-,-,4,-,-,58.1,0.8,-,6.00
Dylan Mottley-Henry,199808,Barnsley,37,0(1),22,-,-,-,-,-,85.7,-,-,5.99
Marnick Vermijl,58747,Preston North End,107,0(2),63,-,-,-,-,0.5,72.2,-,-,5.99
David Edwards,16236,Wolverhampton Wanderers,39,12,-,-,-,-,-,50,-,-,5.98
Russell Martin,19341,Fulham,54,4(1),351,-,-,1,-,0.8,83.1,0.8,-,5.97
Yeni N'Gbakoto,68157,Queens Park Rangers,52,143,-,-,-,-,0.4,70.6,0.6,-,5.97
Stefan Payne,79179,Barnsley,37,0(2),23,-,-,-,-,0.5,50,-,-,5.97
Justin Shaibu,230214,Brentford,94,0(2),10,-,-,-,-,-,20,0.5,-,5.96
Cheick Keita,194441,Birmingham City,41,0(1),11,-,-,-,-,-,-,-,-,5.93
Harry Charsley,153676,Bolton Wanderers,30,1,55,-,-,-,-,-,58.3,2,-,5.92
Jake Eastwood,213280,Sheffield United,49,14,-,-,-,-,-,42.9,-,-,5.91
Mateusz Klich,72222,FC Utrecht,325,1(3),131,-,-,-,-,0.5,86.5,0.5,-,5.90
Andy Lonergan,11948,Leeds United,2,7,630,-,-,-,-,-,35.9,0.1,-,5.89
Ashkan Dejagah,18427,Nottingham Forest,17,14,-,-,-,-,-,50,-,-,5.88
David Marshall,15144,Hull City,88,2,180,-,-,-,-,-,56.7,0.5,-,5.83
Will Norris,168399,Wolverhampton Wanderers,39,71,-,-,-,-,-,77.8,1,-,4.03
