name,team,Apps,Mins,Goals,SpG,KeyP,Drb,Fouled,Off,Disp,UnsTch,Rating
Adama Traoré,"Middlesbrough,",2247,5,10,1.4,1.4,7.1,2.5,0.1,2.5,3,7.79
Aleksandar Mitrovic,"Fulham,",1383,12,1,4,1.1,0.7,1.6,0.6,2,3.6,7.65
Curtis Davies,"Derby,",4133,1,3,0.5,0.1,0.3,1,-,0.2,0.4,7.59
Ashley Baker,Sheffield Wednesday,84,-,-,-,-,1,-,-,-,2,7.57
Sean Morrison,"Cardiff,",3330,7,1,1.3,0.6,0.2,0.7,0.1,0.2,0.3,7.56
Willy Boly,Wolverhampton,3200,3,2,0.5,0.4,0.7,0.3,-,0.4,0.4,7.52
Souleymane Bamba,"Cardiff,",3851,4,1,0.8,0.3,0.7,0.8,0.1,0.5,0.7,7.51
Mark Bunn,Aston,90,-,-,-,-,-,-,-,-,-,7.48
Armand Traore,"Cardiff,",249,1,1,0.8,1.3,1,1,-,0.8,1,7.45
James Maddison,"Norwich,",3643,14,8,2.6,2.8,2.4,3.3,0.1,1.3,1.8,7.43
Barry Douglas,Wolverhampton,3393,5,14,0.7,1.8,0.3,1.1,0.2,0.5,0.9,7.41
Shaun Hutchinson,"Millwall,",4140,2,1,0.7,0.2,0.1,0.7,-,0.1,0.4,7.40
Robert Snodgrass,Aston,3159,7,14,1.8,2.3,1.6,2.1,0.2,1.7,1.8,7.40
Harry Wilson,"Hull,",996,7,3,2.2,1.1,1.5,1.5,0.2,1.2,2.2,7.37
Joe Bryan,Bristol,3740,5,3,1.1,0.8,1.7,1.6,0.1,1,1.2,7.34
George Saville,"Millwall,",3947,10,1,1.8,1,1.3,1.9,0.1,1.4,1.7,7.32
Dean Gerken,"Ipswich,",90,-,-,-,-,-,-,-,-,-,7.32
Massimo Luongo,Queens,3389,6,3,1.7,1.2,1.8,1.9,-,1.9,2.2,7.32
Diogo José Teixeira da Silva,Wolverhampton,3632,17,5,2.7,1.2,2.4,2.2,0.4,2.5,2.8,7.32
Luke Freeman,Queens,3849,5,12,2.4,2.4,3,1.4,0.1,2.7,3.4,7.31
Joe Lolley,Nottingham,1114,3,3,2.5,1.2,2.8,0.3,0.1,1.3,2,7.31
Tom Cairney,"Fulham,",2796,5,5,1.6,1.9,2.2,1.9,0.1,1.6,1.6,7.30
Kieffer Moore,"Barnsley,",1474,4,4,3.1,0.9,0.6,1.9,0.5,2,3.7,7.29
Joe Ralls,"Cardiff,",3321,7,4,1.5,1.9,0.9,0.6,-,0.7,0.9,7.29
David Junior Hoilett,"Cardiff,",3808,9,11,2,1.8,2,1.6,0.6,2.1,2.3,7.28
Oliver McBurnie,"Barnsley,",1420,9,-,2.1,1.5,2,1.2,0.1,2.2,2.4,7.26
Matt Targett,"Fulham,",1465,1,2,0.7,1.8,0.6,0.9,-,0.2,0.8,7.26
Gary Madine,"Bolton,",2470,10,5,2.7,1.5,0.3,1.8,0.3,1.4,3.4,7.26
Ethan Pinnock,"Barnsley,",940,2,-,0.3,0.2,0.1,0.3,-,-,0.2,7.25
Thomas Spurr,"Preston,",430,-,-,0.4,-,0.6,0.4,0.2,-,-,7.25
Bruno Ecuele Manga,"Cardiff,",3183,-,2,0.4,0.2,0.3,0.7,0.1,0.3,0.6,7.25
Adam Webster,"Ipswich,",2287,-,2,0.2,0.1,0.7,1.2,-,0.1,0.3,7.24
Matt Ingram,Queens,140,-,-,-,-,-,-,-,-,-,7.24
Oliver Watkins,"Brentford,",3531,10,4,3.1,2.2,2.7,1.8,0.3,1.9,3,7.24
Sammy Ameobi,"Bolton,",2910,4,2,2,1.2,3.4,1.3,0.1,3,3.4,7.23
Abel Hernández,"Hull,",688,8,1,3.1,0.9,0.3,0.8,0.7,0.9,1.8,7.23
Tommy Elphick,Aston,277,-,-,0.5,0.3,-,0.5,-,-,-,7.22
Jack Grealish,Aston,1860,3,5,1.9,1.9,2.6,3,-,1.8,1.5,7.22
Albert Adomah,Aston,2864,14,5,1.5,1.1,1.4,0.9,0.6,1.7,1.9,7.20
Rúben Diogo da Silva Neves,Wolverhampton,3622,6,1,2.2,0.9,0.7,0.8,-,1,1,7.20
Tom Clarke,"Preston,",1276,2,-,0.7,0.3,0.1,0.6,0.2,0.2,0.6,7.20
Luke Molyneux,"Sunderland,",90,-,-,4,3,1,-,-,2,1,7.20
Cyrus Christie,"Middlesbrough,",2122,1,4,0.7,1,2.4,1,-,1.3,1.8,7.20
Shaun Williams,"Millwall,",2758,2,3,0.9,1.5,0.4,1.8,-,0.5,0.7,7.17
Cameron Borthwick-Jackson,"Leeds,",82,-,-,-,2,-,-,-,1,1,7.17
Aden Flint,Bristol,3428,8,2,1.1,0.5,0.2,0.6,0.2,0.2,0.2,7.17
Tom Lees,Sheffield Wednesday,2565,1,1,0.5,0.1,0.1,0.5,-,0.1,0.2,7.16
James Chester,Aston,4140,4,1,0.5,0.1,0.2,0.3,-,0.1,0.4,7.16
Fernando Forestieri,Sheffield Wednesday,558,5,-,2,0.3,1.8,1.7,0.3,1.7,1.9,7.16
Darnell Fisher,"Preston,",2924,-,1,0.2,0.8,0.6,2.1,0.1,0.7,1.3,7.14
Steve Morison,"Millwall,",3449,5,8,2,1.2,0.5,0.6,0.6,0.9,1.9,7.14
Marko Grujic,"Cardiff,",986,1,-,1.4,0.5,0.8,1.2,-,0.2,1.2,7.14
John Fleck,Sheffield United,3659,2,7,1.6,1.8,2,1.3,-,1.3,0.9,7.14
Daniel Ayala,"Middlesbrough,",2910,7,1,0.8,0.2,0.2,0.8,0.1,0.1,0.3,7.14
Nathaniel Mendez-Laing,"Cardiff,",2861,6,5,1.5,1,2.4,0.9,0.3,1.3,2.1,7.13
Yoann Barbet,"Brentford,",2949,3,2,2,1.1,0.5,0.8,0.1,0.3,0.6,7.13
Thomas Holmes,"Reading,",90,-,-,-,-,-,1,-,2,1,7.13
Ivan Cavaleiro,Wolverhampton,2577,9,12,1.5,1.6,1.8,1.1,0.4,1.8,2.5,7.13
Richard Keogh,"Derby,",3698,1,5,0.5,0.4,0.3,1,0.1,0.1,0.4,7.13
Jack O'Connell,Sheffield United,4140,-,4,0.7,0.5,0.4,1.2,0.2,0.4,0.5,7.13
Callum Paterson,"Cardiff,",2165,10,4,1.6,1.1,0.2,1.2,-,0.3,1.6,7.13
Tom Lawrence,"Derby,",3083,6,7,2,1.6,2.2,1.6,0.1,1.7,2.3,7.13
Conor Hourihane,Aston,3431,11,2,2.1,1.5,0.3,1.2,0.1,0.5,0.8,7.12
Mark Beevers,"Bolton,",3960,1,-,0.4,0.4,0.2,0.6,-,0.1,0.2,7.12
Pontus Jansson,"Leeds,",3560,3,-,0.6,0.2,0.3,0.5,-,0.2,0.3,7.12
Matt Doherty,Wolverhampton,3987,4,4,0.5,1,0.9,0.8,0.2,0.7,0.9,7.12
Liam Moore,"Reading,",4140,3,1,0.5,0.2,0.2,1.2,-,0.2,0.3,7.12
Bobby De Cordova-Reid,Bristol,4043,19,7,1.9,1.2,1.4,1.3,0.4,1.8,2.8,7.11
Jake Cooper,"Millwall,",3184,4,3,1,0.3,-,0.3,0.2,0.1,0.3,7.10
Alex Pritchard,"Norwich,",473,1,2,3.3,1.3,1.4,1.3,0.5,0.6,1.5,7.10
Chris Baird,"Derby,",1886,-,1,0.1,1.1,0.1,0.1,-,0.2,0.5,7.10
George Friend,"Middlesbrough,",2704,2,1,0.5,0.5,1.2,0.8,0.2,0.6,1.1,7.10
Temitayo Olufisayo Olaoluwa Aina,"Hull,",3823,-,3,0.8,0.7,1.5,1.3,-,0.9,1.4,7.09
Joshua Earl,"Preston,",1494,-,-,0.4,0.6,1.5,0.9,0.2,1.2,1.1,7.09
Tom Pearce,"Leeds,",430,1,-,0.6,0.4,0.6,0.6,-,0.4,0.4,7.09
Romain Saïss,Wolverhampton,3398,4,-,1,0.7,0.4,0.7,0.1,0.5,0.9,7.09
Muhamed Besic,"Middlesbrough,",1179,1,1,1.7,1.7,1.8,0.3,-,1,1.1,7.08
Mark Duffy,Sheffield United,2472,3,9,1.3,1.8,1.8,0.8,0.1,1.9,1.5,7.08
Paul Coutts,Sheffield United,1401,1,-,0.8,0.9,1.1,1.1,-,1.1,0.9,7.08
Paul Huntington,"Preston,",3916,1,2,0.9,0.3,0.1,0.5,0.1,-,0.1,7.07
José Ignacio Peleteiro Ramallo,"Brentford,",325,-,3,4,1.8,1.3,0.3,-,2,3.5,7.07
Leon Clarke,Sheffield United,3332,19,5,2.3,1,0.4,0.8,1.1,1,1.7,7.07
Tobias Pereira Figueiredo,Nottingham,1050,-,-,0.5,0.1,0.1,0.7,-,0.1,0.1,7.07
Kevin McDonald,"Fulham,",3734,3,1,1,0.5,1,1,-,0.8,1.1,7.07
Atdhe Nuhiu,Sheffield Wednesday,1451,11,5,1.6,0.6,0.8,0.8,0.2,2.3,2.5,7.06
Chris Basham,Sheffield United,3887,2,1,0.4,0.3,0.8,1.6,0.1,0.5,0.9,7.06
Adam Reach,Sheffield Wednesday,4063,4,11,1.8,1.6,1.3,0.8,0.1,1.3,2.5,7.06
Chris Mepham,"Brentford,",1707,1,-,0.8,0.2,0.5,0.7,-,0.3,0.2,7.06
Joe Garner,"Ipswich,",2573,10,2,1.7,0.8,0.3,3.3,0.7,2.1,3.2,7.05
Harlee Dean,"Brentford,",270,-,-,-,1,1,0.7,-,0.7,1,7.05
Tom Trybull,"Norwich,",1428,2,-,0.7,0.4,0.5,0.9,0.1,0.7,0.7,7.05
Ben Marshall,"Millwall,",1232,3,5,1.3,2.1,0.8,0.5,0.2,0.9,1.4,7.05
Mathieu Smith,Queens,2064,11,9,2.4,0.4,0.1,0.4,0.6,0.7,1,7.05
Michael Hector,"Hull,",2965,1,-,0.6,0.3,0.6,0.4,-,0.2,0.6,7.04
Lee Tomlin,Nottingham,1055,4,3,2.5,1.8,1.8,2.1,0.1,1.3,2.2,7.04
Jarrod Bowen,"Hull,",3284,14,1,1.8,1,1,2.4,0.2,2,1.9,7.04
John Egan,"Brentford,",2851,2,1,0.7,0.4,0.2,0.5,-,0.1,0.3,7.03
Matthew Connolly,"Cardiff,",360,-,-,0.5,0.3,-,1.5,-,1,0.3,7.03
Bryan Oviedo,"Sunderland,",2605,2,4,0.7,1.3,1.3,1.5,0.1,0.9,1.2,7.03
Tim Ream,"Fulham,",3960,1,-,0.1,0.1,0.5,0.3,-,0.3,0.4,7.03
Max Clark,"Hull,",2270,-,-,0.4,0.5,0.6,0.6,-,0.4,0.8,7.03
Greg Cunningham,"Preston,",1734,1,2,0.5,0.7,0.6,2.4,0.2,0.3,0.3,7.03
Andrew Boyle,"Preston,",270,-,-,0.3,-,-,1.7,-,-,0.7,7.02
Aron Gunnarsson,"Cardiff,",1500,1,1,0.8,0.9,0.7,1.2,0.1,0.2,0.7,7.02
Kouassi Ryan Sessegnon,"Fulham,",4041,15,6,1.2,1.1,1.2,0.5,0.3,1.7,2.6,7.02
Ryan Shotton,"Middlesbrough,",2062,1,2,0.2,0.5,0.6,0.6,-,0.7,0.8,7.02
Adam Jackson,"Barnsley,",1887,1,-,0.4,0.1,-,0.5,-,0.1,0.2,7.02
Armand Traore,Nottingham,1372,-,2,0.1,0.6,1.2,1.4,0.1,1,1.4,7.02
Sean Maguire,"Preston,",1678,10,3,2.1,0.8,1.2,2.1,0.3,2.5,3,7.01
Mile Jedinak,Aston,1510,1,-,0.6,0.1,-,0.5,-,0.1,0.3,7.01
Jack Robinson,Queens,2645,2,1,0.4,0.3,0.5,0.7,-,0.3,0.7,7.01
Frederico André Ferrão Venâncio,Sheffield Wednesday,1788,1,-,0.6,0.2,0.1,0.4,-,0.1,0.1,7.01
Ryan Bennett,Wolverhampton,2508,1,1,0.3,0.1,-,0.2,-,-,-,7.00
Luke Ayling,"Leeds,",2366,-,1,0.4,0.4,1.1,1.7,-,1,1.6,7.00
Joe Bennett,"Cardiff,",3340,1,4,0.3,0.7,0.4,0.8,0.1,0.4,0.5,7.00
Nathan Baker,Bristol,2737,-,1,0.5,0.2,0.1,0.8,-,0.1,0.2,7.00
Kenneth Zohore,"Cardiff,",2680,9,5,2.6,0.9,1.1,1.4,0.5,1.6,1.9,7.00
Tom Huddlestone,"Derby,",3926,2,-,1,0.9,0.7,0.6,-,0.6,1,6.99
Jack Rodwell,"Sunderland,",104,1,-,0.5,-,-,-,-,1,-,6.99
Ben Davies,"Preston,",2927,1,-,0.5,0.1,-,0.9,-,0.1,0.2,6.99
Jackson Irvine,"Hull,",2460,2,6,0.7,1.2,0.7,1,0.1,1,1.7,6.98
Wes Harding,"Birmingham,",810,-,2,0.6,0.8,1.6,0.2,-,0.8,1.3,6.98
Henrik Dalsgaard,"Brentford,",2541,1,3,0.7,1,0.7,0.9,-,0.6,1,6.98
Rico Henry,"Brentford,",665,-,-,0.5,0.5,0.9,2,-,0.6,1.5,6.98
Sam Clucas,"Hull,",251,-,1,0.7,1.3,0.3,0.7,-,0.3,1,6.98
Ben Osborn,Nottingham,3810,4,5,0.9,1.6,1.1,1.1,-,1.3,1.7,6.98
Tomas Kalas,"Fulham,",2523,-,1,0.2,0.1,0.5,0.8,-,0.2,0.3,6.98
Timm Klose,"Norwich,",3241,4,1,0.6,0.3,0.2,0.3,-,0.2,0.4,6.97
Daniel Fox,Nottingham,2026,-,-,0.2,0.3,0.3,0.4,-,0.3,0.3,6.97
Joe Williams,"Barnsley,",2979,1,-,0.7,1.1,1.1,1.2,-,1.5,1.6,6.97
Pablo Hernández,"Leeds,",2978,7,8,1.8,2.3,1.4,0.9,0.1,1.1,1.6,6.97
John Terry,Aston,2811,1,1,0.5,0.2,0.1,0.5,-,0.1,0.2,6.97
Bailey Wright,Bristol,3218,-,2,0.2,0.4,0.3,1.1,0.1,0.3,0.6,6.97
Ryan Fredericks,"Fulham,",3919,-,7,0.6,1,1.6,1.1,-,0.6,1.2,6.96
David Wheater,"Bolton,",2866,1,-,0.8,0.2,0.1,0.5,-,0.1,0.3,6.96
Stewart Downing,"Middlesbrough,",3246,3,7,1.9,1.9,0.6,0.7,0.1,0.6,1,6.96
Jonas Knudsen,"Ipswich,",3780,1,7,0.6,0.7,0.3,0.6,0.1,0.4,0.8,6.96
Andy Yiadom,"Barnsley,",2797,-,3,0.3,0.8,1.7,1.2,0.2,0.8,1.1,6.96
Michael Dawson,"Hull,",3600,3,1,0.4,0.1,0.1,0.8,0.1,0.1,0.2,6.96
Andre Green,Aston,340,1,-,2,0.8,2,1.2,-,0.8,1.6,6.96
Jed Wallace,"Millwall,",3661,6,9,2,1.4,1.3,0.7,0.1,1.2,2.5,6.95
Martyn Waghorn,"Ipswich,",3465,16,11,2.4,1.5,0.7,1.6,0.8,1.5,2.6,6.95
Aiden McGeady,"Sunderland,",2639,7,5,2.2,1.6,2.3,1.1,0.4,2,1.7,6.95
Famara Diedhiou,Bristol,2341,13,2,2,0.7,1,1.2,0.6,2,2.7,6.95
Craig Forsyth,"Derby,",2790,-,1,0.1,0.6,0.5,0.4,0.1,0.5,0.7,6.95
Adam Forshaw,"Leeds,",874,-,1,0.4,1.3,1.1,2.1,-,1.2,0.3,6.95
Cameron Carter-Vickers,"Ipswich,",1530,-,-,0.2,-,0.5,0.6,-,0.1,0.1,6.95
Luke Daniels,"Brentford,",90,-,-,-,-,-,-,-,-,-,6.95
Grant Hanley,"Norwich,",2475,1,1,0.7,0.2,0.1,0.6,0.1,0.2,0.5,6.95
Michael Mancienne,Nottingham,2435,-,-,0.1,0.1,0.2,0.3,-,0.2,0.3,6.95
Samuel Sáiz Alonso,"Leeds,",2642,5,7,1.9,1.9,2.4,2,0.2,2.1,2.7,6.95
Lewis Grabban,Aston,970,8,1,1.9,0.8,1,0.4,0.7,1.2,2.1,6.95
Kyle McFadzean,"Burton,",3415,-,-,0.5,0.2,0.3,1.6,-,0.2,0.4,6.94
Paul Gallagher,"Preston,",1858,2,6,1.3,2,0.2,0.6,-,0.4,1,6.94
Tommy Elphick,"Reading,",196,-,-,0.5,-,0.3,0.5,-,-,-,6.94
Paul McShane,"Reading,",2141,-,1,0.6,0.2,0.1,1.3,-,0.3,0.6,6.94
Matej Vydra,"Derby,",2718,21,4,1.9,1,0.9,1.6,-,1.5,2.1,6.94
Andreas Bjelland,"Brentford,",2681,1,1,0.5,0.2,0.2,0.3,-,0.1,0.4,6.93
Alan Hutton,Aston,2351,-,2,0.5,0.6,0.8,1.3,-,0.7,0.8,6.93
Sean Clare,Sheffield Wednesday,349,1,-,1.2,1,1.4,0.8,-,1.2,0.4,6.93
Liam Lindsay,"Barnsley,",3771,1,1,0.4,0.3,0.3,0.6,-,0.2,0.6,6.93
Jake Bidwell,Queens,3917,2,4,0.6,1.2,0.2,0.8,-,0.3,0.5,6.93
Modou Barrow,"Reading,",3348,10,4,1.3,1,2.2,1.7,0.9,1.6,2,6.92
Alan Browne,"Preston,",3391,7,1,1.3,0.9,0.8,1.2,-,1.6,1.9,6.92
Oskar Buur,Wolverhampton,20,1,-,1,-,-,-,-,-,1,6.92
Gary Hooper,Sheffield Wednesday,1931,10,3,1.7,1.1,0.9,1,0.5,1.3,2.1,6.91
Barrie McKay,Nottingham,1704,5,7,1.3,1.6,2.1,0.5,0.2,1.7,1.9,6.91
Jordan Spence,"Ipswich,",3329,4,4,0.5,0.5,0.6,0.9,0.1,0.4,0.7,6.91
Danny Batth,Wolverhampton,1275,1,-,0.4,-,0.1,0.4,-,0.1,0.3,6.90
Alex Pearce,"Derby,",500,1,-,0.3,0.1,0.3,0.3,0.3,-,0.3,6.90
Denis Odoi,"Fulham,",2698,1,-,0.3,0.2,0.9,1,-,0.6,0.6,6.90
Fabio Pereira da Silva,"Middlesbrough,",1496,1,1,0.7,0.6,0.7,0.9,0.1,0.4,0.8,6.90
Joe Worrall,Nottingham,2615,1,-,0.4,0.2,0.2,0.6,-,0.1,0.4,6.89
Luke Chambers,"Ipswich,",3264,1,-,0.2,0.1,0.1,0.6,0.1,0.1,0.1,6.89
Ben Pearson,"Preston,",3037,-,2,0.4,0.9,0.6,1.1,-,0.8,1.1,6.89
Martin Braithwaite,"Middlesbrough,",1397,5,2,1.6,0.9,1.6,1.7,0.1,1.4,1.7,6.89
Jonny Howson,"Middlesbrough,",3303,3,2,1,1.1,1,0.5,-,0.6,1.1,6.89
Lee Peltier,"Cardiff,",2420,-,1,0.1,0.4,0.2,0.8,-,0.3,0.5,6.89
Rudy Gestede,"Middlesbrough,",927,3,2,1.3,0.6,0.2,0.4,0.3,0.6,1.2,6.89
Rúben Gonçalo Silva Nascimento Vinagre,Wolverhampton,628,1,1,0.4,0.7,1,0.2,0.2,1.7,1.4,6.89
Harlee Dean,"Birmingham,",3015,1,-,0.7,0.2,0.4,0.7,-,0.5,0.6,6.89
Andre Wisdom,"Derby,",2599,-,3,0.1,0.4,1.2,0.3,-,0.9,0.5,6.89
Jonathan Grounds,"Birmingham,",2199,-,-,0.5,0.6,0.2,0.5,-,0.3,0.7,6.89
Conor McLaughlin,"Millwall,",2045,1,-,0.3,0.3,0.4,0.8,-,0.4,0.9,6.88
Ben Watson,Nottingham,1234,-,-,0.8,1.1,0.2,0.6,-,0.2,0.5,6.88
Maxime Colin,"Brentford,",270,-,-,0.3,1,0.3,0.7,0.7,0.7,0.7,6.88
Jeremie Boga,"Birmingham,",2095,2,3,1.4,1,3.4,1.1,0.2,1.6,1.5,6.88
Oviemuno Ejaria,"Sunderland,",790,1,-,0.9,1,3.1,1.8,0.2,1.6,1.5,6.88
Marlon Pack,Bristol,3164,3,6,1.3,0.8,0.4,1.1,-,0.7,1.1,6.88
Roderick Jefferson Gonçalves Miranda,Wolverhampton,1404,-,-,0.2,0.1,0.4,0.9,-,0.3,0.4,6.88
Dominic Iorfa,"Ipswich,",1730,1,1,0.4,0.3,0.4,0.5,0.2,0.8,1.2,6.88
Stefan Johansen,"Fulham,",3633,8,8,1.8,2,0.7,0.9,-,1.1,1.5,6.88
Kalvin Phillips,"Leeds,",3200,7,3,1.1,0.7,0.4,0.5,-,1.1,1.3,6.88
Stefanos Kapino,Nottingham,360,-,-,-,-,-,-,-,-,-,6.87
Josh Brownhill,Bristol,3639,5,6,1.3,1,0.9,0.9,0.1,0.8,1.3,6.87
Myles Kenlock,"Ipswich,",1281,-,1,0.3,0.4,1,0.5,-,1.1,1.3,6.87
Ben Turner,"Burton,",2362,2,1,0.4,0.4,0.1,0.5,-,-,0.1,6.87
Ben Gibson,"Middlesbrough,",4050,1,3,0.4,0.2,0.3,0.4,-,0.2,0.4,6.87
John O'Shea,"Sunderland,",3080,1,-,0.2,-,-,0.3,-,-,0.2,6.87
Alex Baptiste,Queens,2245,-,-,0.2,0.3,0.2,0.5,-,0.2,0.4,6.87
Tendayi Darikwa,Nottingham,2555,-,-,0.6,0.9,1.1,0.7,-,0.8,0.9,6.87
Ezgjan Alioski,"Leeds,",3151,7,5,2.1,1.1,0.9,1.9,0.6,1.5,2.2,6.86
Oluwaseyi Ojo,"Fulham,",1402,4,2,2.2,0.5,1.5,1.2,0.4,1.3,2.1,6.86
Dael Fry,"Middlesbrough,",1044,-,1,0.3,0.1,0.5,0.6,0.1,0.2,0.2,6.86
Cole Skuse,"Ipswich,",3330,1,1,0.5,0.5,0.3,1,-,0.5,0.6,6.85
Daniel Pudil,Sheffield Wednesday,2139,-,1,0.4,0.3,0.2,1,0.1,0.1,0.3,6.85
Bradley Johnson,"Derby,",2331,4,5,1.6,0.5,0.3,1.1,0.1,0.5,1.2,6.85
James Perch,Queens,510,-,-,0.1,0.3,0.1,0.3,0.1,-,0.7,6.85
Enda Stevens,Sheffield United,3973,1,4,0.2,1,0.9,0.7,0.1,1.3,1.4,6.85
Josh Scowen,Queens,3721,1,1,1.2,0.7,0.5,2,-,0.6,1.3,6.85
Jordan Hugill,"Preston,",2266,8,1,2.1,1.2,0.2,2,0.9,1.6,2.9,6.85
Ashley Darel Jazz Richards,"Cardiff,",477,-,-,0.7,0.7,-,0.5,-,0.5,0.5,6.85
Romaine Sawyers,"Brentford,",3284,4,4,1.6,1.8,0.9,1.7,0.1,1,1.7,6.85
David McGoldrick,"Ipswich,",1617,6,4,2.2,0.7,1.1,0.4,0.3,1.6,2.1,6.85
Gustavo Lucas Domingues Piazon,"Fulham,",1170,5,4,0.9,0.8,1,0.9,-,1,1.3,6.85
Lee Evans,Sheffield United,1538,2,1,1.7,0.7,0.7,1.9,-,0.9,1.1,6.85
Daniel Pinillos,"Barnsley,",665,-,1,0.4,0.6,0.5,0.6,-,0.6,1.3,6.84
James Hanson,Sheffield United,16,-,-,1,-,-,-,-,-,-,6.84
Patrick McNair,"Sunderland,",1070,5,-,2.1,0.6,0.9,1.1,0.1,1.2,1.3,6.84
James Meredith,"Millwall,",4009,-,-,0.1,0.3,0.4,0.8,-,0.2,0.9,6.84
Lucas Eduardo Santos João,Sheffield Wednesday,1769,9,3,1.5,0.6,1.2,1.5,0.2,2,2.3,6.84
Marco Stiepermann,"Norwich,",1429,1,2,0.5,0.9,1,0.7,-,1,0.7,6.84
Jacques Maghoma,"Birmingham,",2868,5,6,1.1,1.1,1.9,1.8,0.1,2.5,2,6.84
Craig Gardner,"Birmingham,",1775,2,2,1.3,1.6,0.4,0.8,-,0.4,0.9,6.84
Liam Cooper,"Leeds,",2496,1,1,0.3,0.2,0.2,0.8,0.1,0.1,0.4,6.83
Ezekiel Fryers,"Barnsley,",1968,1,2,0.5,1,0.6,0.3,-,0.5,1.1,6.83
Ahmed Eissa El Mohamady Abdel Fattah,Aston,3177,-,5,0.3,0.7,0.4,0.5,-,0.5,0.3,6.83
Dorian Dervite,"Bolton,",1171,-,-,0.4,0.4,0.3,0.4,0.1,0.1,0.4,6.83
Thomas Barkhuizen,"Preston,",3708,8,7,1.6,1.1,1.3,1,0.3,1.3,2.6,6.83
Lewis Grabban,"Sunderland,",1558,12,-,2.4,1.1,0.5,0.5,0.9,1.4,2.8,6.83
Paudie O'Connor,"Leeds,",360,-,-,-,-,-,1,-,0.3,0.3,6.83
Matthew Cash,Nottingham,1455,2,3,1.5,0.9,1.3,1,0.3,1.6,2.1,6.82
Axel Tuanzebe,Aston,300,-,-,-,0.4,0.4,0.4,-,0.8,2,6.82
Liam Bridcutt,Nottingham,2146,1,4,0.5,0.9,1,1.3,-,1.3,1.4,6.82
Veijeany Christopher Samba,Aston,539,1,-,0.4,-,0.3,0.2,-,-,0.1,6.81
Lucas Akins,"Burton,",3509,5,6,1.1,1,1.2,1.5,0.2,2,3.4,6.81
Byron Webster,"Millwall,",900,-,-,0.1,0.3,0.4,0.8,-,0.1,0.2,6.81
Kevin O'Connor,"Preston,",522,-,-,0.1,0.1,0.3,0.8,-,0.4,0.5,6.81
Mario Vrancic,"Norwich,",2609,1,2,1.3,1.5,0.6,1.1,-,0.5,1,6.81
Conor Coady,Wolverhampton,3975,1,2,-,0.2,0.2,0.3,-,0.2,0.2,6.81
Matthew Pearson,"Barnsley,",1306,-,1,0.5,0.4,0.2,0.9,-,0.2,0.4,6.81
Marcus Bettinelli,"Fulham,",2340,-,-,-,-,-,0.3,-,-,0.1,6.81
Daniel Batty,"Hull,",90,-,-,-,-,1,2,-,1,-,6.81
Fikayo Tomori,"Hull,",2063,-,2,0.3,0.6,0.7,0.4,0.1,0.9,1.1,6.81
José Ignacio Peleteiro Ramallo,"Birmingham,",2184,5,2,2,1.3,1.6,0.8,0.1,1.6,1.9,6.81
Markus Henriksen,"Hull,",2160,2,5,0.7,0.7,0.2,1.2,0.1,0.5,0.8,6.81
Marc Wilson,"Sunderland,",1690,-,-,0.3,0.2,0.5,1,-,0.4,0.7,6.81
Josh Clarke,"Brentford,",2153,1,-,0.4,0.8,1.8,1.3,0.1,1.5,1.9,6.81
Eberechi Eze,Queens,848,2,-,1.3,0.9,2.2,1.6,0.1,1,1,6.80
Florian Jozefzoon,"Brentford,",2677,7,7,1.8,1.5,1.7,1.4,0.6,1.5,2.1,6.80
Marc Roberts,"Birmingham,",2423,1,-,0.4,0.4,0.1,0.3,0.1,0.2,0.4,6.80
Jamie Paterson,Bristol,2825,5,8,1.3,1.5,1.1,1,0.3,1.4,1.8,6.80
Jack Hunt,Sheffield Wednesday,2381,-,4,0.2,1.2,0.7,1.1,0.1,0.9,1.2,6.80
Adam Hammill,"Barnsley,",2714,-,1,1.8,1.6,1.7,1.3,0.1,1.6,1.6,6.80
Mustapha Carayol,"Ipswich,",318,1,1,1.1,0.9,2.6,0.6,0.1,0.9,1.6,6.79
Kieran Dowell,Nottingham,2699,9,4,1.8,1.6,1.3,1.1,0.1,1.4,2,6.79
Callum Robinson,"Preston,",2570,7,7,2.3,1.1,1.3,0.7,0.4,1.7,1.8,6.79
Laurens De Bock,"Leeds,",630,-,-,0.1,0.9,0.3,0.6,-,0.7,0.4,6.79
Brian Murphy,"Cardiff,",90,-,-,-,-,-,-,-,-,-,6.79
Bartosz Bialkowski,"Ipswich,",4050,-,-,-,-,-,0.1,-,-,-,6.79
Ondrej Mazuch,"Hull,",905,-,-,0.4,-,-,0.1,-,0.2,0.1,6.79
Joost van Aken,Sheffield Wednesday,1229,-,-,0.4,0.1,0.2,0.4,-,0.1,0.1,6.79
Ashley Fletcher,"Sunderland,",1330,2,2,2.3,0.8,1.3,1,0.7,1.8,4.1,6.79
Joey van den Berg,"Reading,",2574,1,1,0.3,0.5,1,1.2,-,0.7,0.7,6.79
Antonee Robinson,"Bolton,",2420,-,4,0.3,0.7,1.6,0.8,-,1.5,1.9,6.78
Leonardo Bonatini Lohner Maia,Wolverhampton,2608,12,5,1.9,0.9,0.6,0.6,0.1,1.1,1.9,6.78
Callum O'Dowda,Bristol,1373,1,3,0.9,1,1.2,1.5,-,1.2,1.6,6.78
Omatsone Aluko,"Reading,",3045,3,4,1.5,1,1.8,1.4,0.1,1.8,2,6.78
Floyd Ayité,"Fulham,",1662,4,2,1.6,1.1,1.3,1.1,0.4,1.5,1.9,6.78
Kieron Freeman,Sheffield United,794,1,-,0.7,0.9,0.4,1.4,0.1,0.5,0.9,6.78
Tyias Browning,"Sunderland,",2244,-,-,0.2,0.2,0.1,0.4,-,0.1,0.5,6.78
Richard Stearman,Sheffield United,2386,2,-,0.4,-,0.1,1.1,-,0.1,0.4,6.78
Eros Pisano,Bristol,1175,-,-,0.3,0.2,0.8,1.3,-,0.8,0.8,6.77
Darnell Furlong,Queens,1602,-,3,0.6,0.4,0.2,0.9,-,0.2,0.6,6.77
Kieran Lee,Sheffield Wednesday,1004,3,1,1,1.3,0.5,0.9,0.1,0.7,1.6,6.77
Maxime Colin,"Birmingham,",3053,2,1,0.3,0.8,1.2,0.6,-,1,1.4,6.77
Ryan Woods,"Brentford,",3186,1,3,0.2,1,1.1,1.1,-,0.9,1.3,6.77
Harvey Barnes,"Barnsley,",1408,5,4,1.7,1.1,1.4,0.5,-,1.2,1.5,6.77
Marcus Olsson,"Derby,",1159,-,-,0.3,0.5,0.5,1.1,0.1,0.5,0.9,6.77
Andreas Weimann,"Derby,",2890,5,6,1.3,1.1,1.1,0.5,0.2,0.6,1.5,6.77
Sam Johnstone,Aston,4050,-,-,-,-,-,0.1,-,-,-,6.77
Barry Bannan,Sheffield Wednesday,2456,-,3,1,1,0.8,0.2,-,1.1,0.7,6.77
Gary Gardner,"Barnsley,",2405,2,2,1.3,0.6,0.6,1.2,0.1,0.6,0.6,6.76
Tom Adeyemi,"Ipswich,",361,-,-,0.8,0.6,0.2,1.8,-,0.6,0.8,6.76
Jack Colback,Nottingham,1440,1,-,0.6,0.9,0.2,2,0.2,0.8,0.5,6.76
Josh Murphy,"Norwich,",2954,7,3,2.8,0.8,2,1.8,0.3,1.8,1.9,6.76
Josh Onomah,Aston,1860,4,3,0.9,0.9,1.3,0.7,0.2,1.6,1.8,6.76
Callum Connolly,"Ipswich,",2552,4,1,1.1,0.4,0.3,1.2,0.1,0.5,1.3,6.76
Pierre-Michel Lasogga,"Leeds,",1869,10,3,2.4,0.3,0.3,0.5,0.4,0.8,1.3,6.76
Hélder Wander Sousa de Azevedo e Costa,Wolverhampton,1758,5,6,1.2,1,1.9,1.2,0.2,1.5,1.9,6.76
Benik Afobe,Wolverhampton,698,6,-,1.8,0.3,0.5,0.7,0.6,0.5,1.1,6.76
Cameron Carter-Vickers,Sheffield United,1396,1,2,0.5,0.1,0.3,0.5,-,0.2,0.5,6.75
Glenn Whelan,Aston,2550,1,1,0.3,0.4,0.2,0.8,-,0.2,0.8,6.75
Oliver Norwood,"Fulham,",2120,5,3,1.3,1.1,0.2,0.6,-,0.4,0.4,6.75
Jonathan Kodjia,Aston,825,1,3,1.9,0.7,1.7,1.7,0.7,1.7,2.5,6.75
Henri Lansbury,Aston,593,2,3,1.3,1,0.4,1,-,0.1,0.9,6.75
Reece Burke,"Bolton,",1894,1,-,0.2,0.2,0.4,0.5,-,0.2,0.7,6.75
Johnny Russell,"Derby,",1293,4,2,1.5,0.9,1,1.2,0.1,1.4,1.5,6.74
Matthew Pennington,"Leeds,",1524,-,-,0.3,0.2,0.5,0.6,-,0.1,0.5,6.74
Darren Pratley,"Bolton,",2611,2,3,0.6,0.6,0.5,2.1,0.1,1.1,1,6.74
Lee Cattermole,"Sunderland,",3033,1,5,0.9,0.7,0.5,0.4,-,0.7,0.8,6.74
Billy Bodin,"Preston,",1096,1,-,1.8,1.2,1.2,0.8,0.1,1.2,2.4,6.74
Omar Richards,"Reading,",770,2,-,0.2,0.2,0.7,1.3,0.1,0.8,0.5,6.74
Mahlon Romeo,"Millwall,",2003,1,1,0.1,0.4,0.5,0.9,-,0.6,0.9,6.74
Matt Mills,Nottingham,998,-,-,0.3,0.1,-,0.5,-,-,0.3,6.74
Jordan Thorniley,Sheffield Wednesday,741,-,-,-,0.3,0.3,0.8,-,0.1,0.5,6.74
Joel Lynch,Queens,1854,1,1,0.5,0.3,0.2,0.5,0.1,0.2,0.3,6.74
Mark Little,"Bolton,",2293,1,1,0.4,0.4,1,0.7,-,0.8,1.2,6.73
Matthew Palmer,"Burton,",758,1,2,1,1.2,0.5,0.8,-,1,1,6.73
John Brayford,"Burton,",2162,-,1,0.2,0.5,0.2,0.9,-,0.3,0.6,6.73
Kamil Grosicki,"Hull,",2131,9,5,2.1,1.1,0.8,0.3,0.2,0.9,0.8,6.73
Michael Morrison,"Birmingham,",2906,1,1,0.3,0.2,0.1,0.8,-,0.1,0.3,6.73
David Vaughan,Nottingham,1099,-,1,0.5,0.4,1.1,0.6,-,0.9,0.5,6.73
Sam Winnall,Sheffield Wednesday,136,1,-,3,-,-,1.5,1,1.5,4,6.73
Chinedum Onuoha,Queens,2499,-,-,0.2,0.2,0.4,0.5,-,0.2,0.4,6.72
Nélson Miguel Castro Oliveira,"Norwich,",2449,8,1,3.2,0.8,1.6,1.5,0.5,2.2,2.9,6.72
Zak Vyner,Bristol,90,-,-,-,1,-,-,-,3,2,6.72
Tom Flanagan,"Burton,",1890,2,-,0.4,0.5,0.6,0.9,-,0.4,0.9,6.72
Declan Rudd,"Preston,",1440,-,-,-,0.1,-,0.4,-,-,-,6.72
Jason Steele,"Sunderland,",1309,-,-,-,0.1,0.1,-,-,-,-,6.72
Moritz Leitner,"Norwich,",864,-,-,0.4,1.8,1,1.4,-,0.8,1.3,6.72
George Boyd,Sheffield Wednesday,1240,2,-,0.6,0.4,0.4,0.7,0.1,1,0.9,6.71
Ke Li,"Brentford,",2821,4,4,1,1.1,0.6,0.8,-,0.7,1.2,6.71
Costel Pantilimon,Nottingham,1170,-,-,-,-,-,0.3,-,-,0.1,6.71
Brendan Galloway,"Sunderland,",457,-,-,0.1,0.3,0.7,1.7,-,0.7,1.6,6.71
Lasse Vibe,"Brentford,",1144,7,1,3.2,0.7,0.8,0.6,0.3,1.5,2.4,6.71
Joe Ledley,"Derby,",1897,1,2,0.3,0.8,0.1,0.4,-,0.3,0.4,6.71
Angus Gunn,"Norwich,",4140,-,-,-,0.1,-,0.2,-,-,-,6.71
John Ruddy,Wolverhampton,4050,-,1,-,-,-,0.2,-,-,-,6.71
Lukas Jutkiewicz,"Birmingham,",1721,5,1,1.7,0.5,0.2,1.1,0.3,1.1,1.4,6.70
Bersant Celina,"Ipswich,",2104,7,-,1.2,1.3,1.1,0.5,0.2,0.9,1.4,6.70
Sebastian Larsson,"Hull,",3246,2,4,0.9,1.1,0.4,0.6,-,0.3,0.8,6.70
Tom Naylor,"Burton,",2881,3,-,0.4,0.2,0.5,1.4,-,0.7,0.8,6.70
David Davis,"Birmingham,",2876,2,2,1.2,0.9,0.9,1.1,0.1,1.4,1.7,6.70
Josh Vela,"Bolton,",2386,1,4,0.7,1.3,0.8,0.6,0.3,0.7,2,6.70
Leandro Bacuna,"Reading,",2649,1,3,1,0.7,1.1,0.8,-,0.8,1.3,6.69
George Honeyman,"Sunderland,",3315,6,2,1.1,1.1,1.2,1.9,0.1,1.3,2.1,6.69
Dimitri Kevin Cavaré,"Barnsley,",587,1,-,0.2,0.9,1.2,0.3,-,0.8,1.3,6.69
Patrick Bamford,"Middlesbrough,",2083,11,-,1.8,0.5,0.5,1,0.5,0.7,2.4,6.69
Britt Assombalonga,"Middlesbrough,",2985,15,-,2,0.8,0.7,1.6,1,1.9,2.8,6.69
Cameron Jerome,"Derby,",802,5,1,1.1,0.6,0.6,0.8,0.3,0.4,1.7,6.69
Jake Buxton,"Burton,",2627,-,1,0.2,0.1,0.1,0.3,-,-,0.3,6.69
Ronaldo Vieira,"Leeds,",2022,-,2,0.8,0.5,0.7,1,-,0.9,1.2,6.69
Didier Ndong,"Sunderland,",1392,-,3,0.7,0.7,0.6,0.9,-,1.2,1.2,6.69
Tom Elliott,"Millwall,",855,4,-,1.1,0.3,-,0.7,0.2,0.5,1.4,6.69
Luke Murphy,"Burton,",3007,1,2,0.8,0.2,0.4,1.2,-,0.6,0.7,6.69
Lee Gregory,"Millwall,",3391,10,4,2,0.9,0.7,1.8,0.8,1.6,3.5,6.68
Eric Lichaj,Nottingham,1887,1,-,0.4,0.6,0.5,1.3,-,0.8,0.7,6.68
Joe Wildsmith,Sheffield Wednesday,2306,-,-,-,-,-,0.2,-,-,-,6.68
Jon-Miquel Toral,"Hull,",1352,1,4,1.1,1.4,0.7,1,0.1,0.9,1.6,6.68
Pawel Wszolek,Queens,2470,2,4,0.8,1.3,0.8,0.6,0.2,0.8,1.2,6.68
Kemar Roofe,"Leeds,",2429,11,3,1.5,0.6,0.6,1,0.3,1.3,2.2,6.68
Sam Hutchinson,Sheffield Wednesday,510,-,-,0.4,0.4,0.4,-,0.1,0.1,0.3,6.68
John Lundstram,Sheffield United,1956,3,3,0.9,0.5,0.7,0.3,-,0.5,0.6,6.68
Chris Maxwell,"Preston,",2700,-,-,-,0.1,-,0.3,-,-,-,6.68
Jackson Irvine,"Burton,",218,1,-,1,1,0.7,0.3,-,1.7,1.7,6.68
Neil Taylor,Aston,2335,-,-,0.3,0.6,0.5,0.7,-,0.4,0.5,6.67
David Nugent,"Derby,",2332,9,4,1.7,0.7,0.1,0.8,0.7,0.7,1.5,6.67
Alexander Tettey,"Norwich,",1931,-,1,0.3,0.3,0.6,0.2,-,0.3,0.7,6.67
Keinan Davis,Aston,1503,2,1,1.4,0.9,1.3,1,0.3,1.8,2.4,6.67
Pawel Cibicki,"Leeds,",387,-,2,0.6,1.4,-,0.4,0.1,0.6,1.1,6.67
Jacob Davenport,"Burton,",1351,1,1,0.7,1.1,0.6,1.2,-,0.6,1.2,6.67
Liam Kelly,"Reading,",2403,5,3,1.1,1.4,0.4,1.1,0.1,0.6,1.1,6.67
Korey Smith,Bristol,3909,1,1,0.5,0.8,0.6,1.2,-,1.2,1.1,6.67
Tiago Abiola Delfim Almeida Ilori,"Reading,",2190,-,-,0.2,-,0.2,0.5,-,0.3,0.4,6.67
Joey Pelupessy,Sheffield Wednesday,1530,1,1,0.9,0.3,0.5,0.6,-,0.2,1.4,6.67
Sergi Canos,"Brentford,",1399,3,2,2.5,0.8,1.5,0.9,0.1,0.8,2,6.67
David Martin,"Millwall,",90,-,-,-,-,-,-,-,-,-,6.66
Angus MacDonald,"Hull,",936,-,-,0.3,0.2,0.1,0.8,-,0.2,0.4,6.66
Cameron Jerome,"Norwich,",970,1,2,1.7,0.8,0.3,0.6,0.7,0.6,1.5,6.66
Lamine Koné,"Sunderland,",2107,-,-,0.3,0.1,0.3,0.5,-,0.1,0.6,6.66
Christoph Zimmermann,"Norwich,",2823,1,2,0.3,0.1,0.2,0.6,-,0.2,0.2,6.65
Ilias Chair,Queens,304,1,1,1.3,1.5,0.3,0.8,-,0.5,1,6.65
Daniel Bentley,"Brentford,",4050,-,-,-,-,-,0.1,-,-,-,6.65
Adam Clayton,"Middlesbrough,",2091,-,-,0.3,0.7,0.3,0.6,-,0.3,0.4,6.65
Neeskens Kebano,"Fulham,",1069,3,3,1.3,0.4,1,1.1,0.3,0.7,1.6,6.65
Daryl Murphy,Nottingham,2020,7,-,2.3,0.8,0.2,0.6,0.6,1.1,2,6.65
Brad Potts,"Barnsley,",3019,3,2,1.6,1,0.7,0.7,0.1,1.5,1.6,6.65
Grant Ward,"Ipswich,",2220,2,5,0.6,0.9,1.1,1.2,0.1,0.7,1.6,6.65
James Bree,Aston,405,-,-,0.2,0.5,0.7,0.3,-,0.7,1,6.65
Birkir Bjarnason,Aston,1090,3,2,1.1,0.4,0.4,1.1,0.1,0.4,0.7,6.65
Emyr Huws,"Ipswich,",228,-,1,0.6,0.4,0.6,0.4,0.2,0.4,0.6,6.65
Lloyd Isgrove,"Barnsley,",787,1,1,0.4,0.9,0.6,0.5,0.2,1.1,1.6,6.65
Duncan Watmore,"Sunderland,",322,-,2,0.8,1.2,2.3,0.8,0.5,1,2,6.65
Andrew Taylor,"Bolton,",1690,-,-,0.2,0.8,0.5,0.4,-,0.4,0.4,6.64
Hördur Magnússon,Bristol,1505,-,1,0.4,0.3,0.1,0.6,-,-,0.6,6.64
David Button,"Fulham,",1800,-,-,-,-,-,0.1,-,-,-,6.64
Grant Leadbitter,"Middlesbrough,",2372,3,1,0.6,0.5,0.4,0.7,-,0.5,0.4,6.64
Darren Randolph,"Middlesbrough,",4140,-,-,-,-,-,0.1,-,-,-,6.64
Cameron Dawson,Sheffield Wednesday,270,-,-,-,-,-,-,-,-,-,6.64
Aiden O'Brien,"Millwall,",1797,4,1,1.4,0.5,1.3,0.6,0.1,1.3,0.9,6.64
Billy Sharp,Sheffield United,2361,13,4,1.6,0.5,0.1,1,0.6,1.2,1.8,6.63
Neil Etheridge,"Cardiff,",4050,-,-,-,-,0.1,0.1,-,-,0.1,6.63
Paul Smyth,Queens,691,2,1,0.9,0.6,1.2,1,0.4,1.2,1.4,6.63
Yanic Wildschut,"Norwich,",645,1,-,1.1,0.6,2.4,1,-,0.8,1.6,6.63
Daniel Johnson,"Preston,",2283,3,3,0.7,1.1,0.7,0.4,-,1.1,0.9,6.63
George Baldock,Sheffield United,2683,1,1,0.9,0.7,0.9,1,0.3,1,1,6.63
Andre Dozzell,"Ipswich,",50,-,-,1,1,-,-,-,-,-,6.63
Frank Fielding,Bristol,3799,-,-,-,-,-,0.1,-,-,-,6.63
Lloyd Kelly,Bristol,664,1,1,0.3,0.3,0.9,0.6,0.1,0.6,1,6.63
Martin Samuelsen,"Burton,",647,-,-,1,1,1.2,1.4,0.4,3.1,2,6.63
Jon Flanagan,"Bolton,",692,-,-,0.2,0.6,0.1,0.8,-,0.4,0.3,6.63
Ben Alnwick,"Bolton,",3466,-,1,-,0.2,-,0.2,-,-,-,6.63
Jordan Archer,"Millwall,",4050,-,-,-,-,-,0.1,-,-,0.1,6.63
Lee Tomlin,"Cardiff,",505,1,-,1.5,1,1.2,0.9,-,0.7,0.8,6.62
Sam Gallagher,"Birmingham,",2125,6,-,1.8,0.6,0.9,0.5,0.6,1.5,2.7,6.62
Neal Maupay,"Brentford,",2321,12,4,2.2,0.9,0.7,1.1,0.2,1.7,2.3,6.62
Chris Wood,"Leeds,",270,1,1,2.3,1,-,0.3,1.7,1.3,2.7,6.62
Ryan Tunnicliffe,"Millwall,",1772,1,1,0.7,0.7,0.2,0.5,-,0.6,1,6.62
James Vaughan,"Sunderland,",1350,2,1,1.2,0.4,0.3,1.5,0.2,0.9,1.7,6.62
David Meyler,"Hull,",1562,5,2,0.8,0.5,0.5,1.5,-,1,0.9,6.62
Stephen Warnock,"Burton,",1069,1,-,0.1,0.4,0.4,1.5,-,0.1,0.4,6.62
Glenn Loovens,Sheffield Wednesday,1467,-,-,0.2,0.1,0.2,0.4,-,0.1,0.3,6.62
Harrison Reed,"Norwich,",3009,1,3,0.5,0.7,0.5,1,-,0.3,1.1,6.61
Kamohelo Mokotjo,"Brentford,",2187,1,2,0.6,1.2,0.7,0.7,-,1.1,1.4,6.61
John Swift,"Reading,",1467,2,1,1.3,0.9,1.1,1,-,1.2,1.5,6.61
Mustapha Carayol,Nottingham,408,1,1,1.1,0.6,2,0.4,0.1,1.1,1.1,6.61
Vito Mannone,"Reading,",3690,-,-,-,-,0.1,0.3,-,-,-,6.61
Alex Mowatt,"Barnsley,",90,-,-,-,2,-,3,-,-,-,6.61
Ryan Shotton,"Birmingham,",64,-,-,1,-,-,1,-,-,-,6.61
Sam Winnall,"Derby,",633,6,1,1.3,0.6,0.2,0.9,0.6,0.5,1.2,6.61
George Moncur,"Barnsley,",1947,2,3,1.2,1.1,1.2,0.6,-,1,0.9,6.61
Jamal Lewis,"Norwich,",1793,-,-,0.1,0.5,1,1,0.1,1,1.3,6.61
Billy Jones,"Sunderland,",1572,1,-,0.5,0.3,0.5,0.7,-,0.5,0.8,6.61
Gaetano Berardi,"Leeds,",2557,-,-,0.3,0.4,0.3,0.8,-,0.4,0.5,6.60
Idrissa Sylla,Queens,1236,7,-,1.3,0.3,0.4,0.8,0.5,0.6,2.4,6.60
Marvin Johnson,"Middlesbrough,",733,1,2,0.7,0.5,1.1,0.8,-,0.8,0.9,6.60
Vurnon Anita,"Leeds,",1291,-,-,0.1,0.2,0.4,0.5,-,0.3,0.4,6.60
Donald Love,"Sunderland,",980,-,2,0.9,1.3,0.4,0.7,-,0.4,1.1,6.60
David Edwards,"Reading,",2416,3,4,0.6,0.4,0.3,0.8,0.1,0.4,1.2,6.60
Matthew Lund,"Burton,",906,1,2,0.8,1.3,0.3,1,0.1,1,1.5,6.59
Alfred N'Diaye,Wolverhampton,1286,3,2,0.4,0.4,0.6,0.5,0.1,0.5,0.5,6.59
Liam Boyce,"Burton,",1062,3,1,1.9,0.8,0.6,0.9,0.3,1.8,3,6.59
Ivo Daniel Ferreira Mendonça Pinto,"Norwich,",2918,2,1,0.2,0.7,0.8,0.9,0.2,0.7,1.3,6.59
Emilio Nsue,"Birmingham,",1428,-,-,0.3,0.6,0.6,0.6,-,1.1,1.5,6.58
Ethan Robson,"Sunderland,",481,-,1,0.8,0.7,0.4,0.1,-,0.4,0.3,6.58
Jem Karacan,"Bolton,",1141,-,-,0.8,0.3,0.9,1.9,-,0.4,0.4,6.58
Craig Bryson,"Cardiff,",1602,2,2,1.2,0.6,0.2,1.2,-,0.5,1.3,6.58
Damien McCrory,"Burton,",727,-,-,0.2,0.5,0.2,1.1,-,0.3,0.5,6.58
Joel Asoro,"Sunderland,",1218,3,1,1.3,0.8,1.7,1,0.3,1.4,1.9,6.58
Grant Hall,Queens,115,-,-,-,-,-,-,-,-,-,6.58
Calum Woods,"Preston,",927,-,-,0.2,0.2,0.3,0.1,-,0.1,0.3,6.58
Wes Hoolahan,"Norwich,",1349,1,3,0.4,1.8,1.4,0.8,0.2,1.3,1.6,6.58
Morgan Fox,Sheffield Wednesday,2204,-,1,0.5,0.7,0.3,0.5,-,0.4,0.8,6.58
Adam Matthews,"Sunderland,",2505,1,2,0.3,0.4,0.9,0.7,-,0.9,0.7,6.58
Cheikh N'Doye,"Birmingham,",2391,-,1,1.2,0.4,0.3,0.7,0.1,0.8,0.7,6.57
Milan Djuric,Bristol,545,3,-,0.9,0.2,0.1,0.3,0.1,0.8,0.8,6.57
Jens Hegeler,Bristol,259,-,-,1.3,-,0.3,0.3,-,0.3,0.5,6.57
Adlène Guédioura,Nottingham,509,-,-,1.5,0.7,1.5,0.6,0.2,0.9,0.9,6.57
Chris Gunter,"Reading,",4126,1,1,0.3,0.7,0.2,1.2,-,0.3,0.5,6.57
Marten de Roon,"Middlesbrough,",65,-,-,-,-,-,-,-,-,1,6.57
Darron Gibson,"Sunderland,",1015,-,-,0.4,0.4,0.2,0.4,-,0.2,0.3,6.57
Tyler Walker,Nottingham,700,3,1,1.6,0.3,0.5,1,0.2,0.9,2.5,6.57
Tomasz Kuszczak,"Birmingham,",900,-,-,-,-,-,0.2,-,-,0.3,6.57
Eunan O'Kane,"Leeds,",2241,-,3,0.1,0.5,0.5,0.7,-,0.8,0.6,6.57
Omatsone Aluko,"Fulham,",332,-,-,2.5,0.8,1.3,2,0.3,1.8,3,6.57
Mark Howard,"Bolton,",675,-,-,-,0.1,-,0.4,-,-,-,6.56
Fraizer Campbell,"Hull,",2075,6,3,1.2,0.8,0.4,0.9,0.3,1.3,2.2,6.56
Evandro Goebel,"Hull,",345,1,-,1,1.3,0.5,0.8,-,1.1,0.9,6.55
Marcus Tavernier,"Middlesbrough,",254,1,-,0.8,0.4,0.2,0.4,-,1.2,1.4,6.55
Yann Kermorgant,"Reading,",1309,2,1,1.4,0.6,-,0.4,0.3,0.1,0.7,6.55
Jón Dadi Bödvarsson,"Reading,",1766,7,1,1.5,0.5,0.8,0.8,0.3,1.3,2.5,6.55
Conor Shaughnessy,"Leeds,",476,-,1,0.1,0.1,-,0.2,-,0.2,0.6,6.55
Cyrus Christie,"Fulham,",135,-,1,-,0.4,0.2,0.2,-,0.4,0.6,6.55
Stephen Kingsley,"Hull,",813,-,-,0.3,0.4,1,0.6,0.1,1,0.9,6.54
David Brooks,Sheffield United,1148,3,4,1.1,1,1.2,1,0.2,1.1,1.9,6.54
Marcel Franke,"Norwich,",450,-,-,0.8,0.2,-,0.6,-,0.2,0.2,6.54
Callum McManaman,"Sunderland,",1108,1,2,1.1,0.4,1.6,1.2,-,1,1,6.54
Filipe Alexandre Morais,"Bolton,",1866,1,2,0.7,1.5,0.7,0.5,-,0.5,0.9,6.53
David Jones,Sheffield Wednesday,1791,1,1,0.6,0.7,0.3,0.4,-,0.4,0.5,6.53
Ross Wallace,Sheffield Wednesday,1952,2,2,1.6,1.3,0.6,0.6,0.1,0.6,0.7,6.53
Leandro Bacuna,Aston,70,-,-,1,-,1,-,-,1,-,6.53
Tyler Blackett,"Reading,",1788,-,2,0.3,0.6,0.8,0.5,0.1,0.6,1,6.53
Stuart Dallas,"Leeds,",1600,2,1,0.5,0.6,0.4,0.7,0.2,0.5,0.9,6.53
Anthony Pilkington,"Cardiff,",152,3,1,0.9,0.1,-,0.6,0.3,0.5,0.9,6.52
David Cotterill,"Birmingham,",361,-,-,1.1,1.9,0.3,1,-,0.6,0.4,6.52
David Stockdale,"Birmingham,",3240,-,-,-,0.1,-,0.2,-,-,-,6.52
Derik Osede,"Bolton,",1103,-,-,0.5,0.4,0.1,0.4,-,0.2,0.3,6.51
Keiren Westwood,Sheffield Wednesday,1564,-,-,-,-,0.1,0.3,-,-,-,6.51
Jordan Smith,Nottingham,2610,-,-,-,-,-,0.1,-,-,-,6.51
Scott Carson,"Derby,",4140,-,-,-,-,-,0.1,-,-,-,6.51
Steven Fletcher,Sheffield Wednesday,1072,2,1,1.9,0.4,0.1,0.9,0.5,1.6,2.3,6.50
Hope Akpan,"Burton,",1760,2,1,1.1,0.4,1,0.6,-,1.2,1.5,6.50
Andreas Bouchalakis,Nottingham,1005,2,-,1.1,0.4,0.5,0.6,-,0.5,0.7,6.50
Jonathan Williams,"Sunderland,",559,1,-,0.3,0.8,1,1.4,0.1,1.1,1.1,6.50
Ryan Kent,Bristol,548,-,2,0.8,0.8,1.4,1.2,-,1.8,1.9,6.50
Felix Wiedwald,"Leeds,",2520,-,-,-,-,-,0.2,-,-,-,6.50
Lewis MacLeod,"Brentford,",387,1,-,1.4,1,0.4,0.6,-,0.6,1,6.50
Cameron McGeehan,"Barnsley,",492,1,-,1.3,0.3,0.3,0.4,-,0.4,0.9,6.50
Maikel Kieftenbeld,"Birmingham,",2910,-,1,0.7,0.4,0.5,0.7,0.1,0.9,1.3,6.49
Bailey Peacock-Farrell,"Leeds,",990,-,-,-,-,-,-,-,-,-,6.49
Stephen Mallan,"Barnsley,",432,-,1,1,1.9,0.1,0.6,-,0.9,1,6.49
Kortney Hause,Wolverhampton,7,-,-,-,-,1,1,-,-,-,6.49
Jake Wright,Sheffield United,1259,-,-,-,0.1,0.1,0.2,-,0.2,0.2,6.49
Josh McEachran,"Brentford,",1163,-,1,0.2,0.7,0.4,0.3,-,0.6,0.6,6.49
Lloyd Dyer,"Burton,",2901,7,2,0.8,0.8,0.7,0.6,0.3,0.7,1.6,6.49
Jamal Blackman,Sheffield United,2633,-,-,-,-,0.1,-,-,-,-,6.49
Matt Mills,"Barnsley,",351,-,-,0.8,0.3,0.3,0.5,-,0.3,0.3,6.48
Rui Pedro da Rocha Fonte,"Fulham,",1381,3,2,1,0.5,0.3,1.3,0.1,1.4,1.5,6.48
Jason McCarthy,"Barnsley,",1499,-,-,0.2,0.5,0.3,0.2,-,0.5,0.6,6.48
Stephen Bywater,"Burton,",3960,-,-,-,-,-,0.2,-,-,-,6.48
Loïc Damour,"Cardiff,",1673,-,1,1,0.6,0.7,1.2,-,1.3,1.3,6.48
Adama Diomande,"Hull,",466,1,1,0.6,0.5,0.8,0.4,0.1,0.6,1.4,6.48
Liam Palmer,Sheffield Wednesday,1592,-,2,0.4,0.9,0.7,0.7,0.1,0.3,0.6,6.48
Che Adams,"Birmingham,",1538,5,2,1.6,0.7,1,0.7,0.5,1.7,1.6,6.48
Christoph Knasmüllner,"Barnsley,",119,-,1,0.7,1,1.7,0.3,-,0.3,-,6.48
Josh Harrop,"Preston,",1417,2,1,0.9,1,0.8,0.6,0.1,1.2,1.3,6.47
Allan McGregor,"Hull,",3960,-,-,-,-,-,0.2,-,-,-,6.47
Will Keane,"Hull,",359,1,2,1.1,0.7,0.2,0.1,0.1,0.9,1.3,6.47
Anssi Jaakkola,"Reading,",450,-,-,-,-,-,0.4,-,-,-,6.47
Hugo Diaz,"Leeds,",33,-,-,-,-,-,-,-,-,-,6.47
Liam Walsh,Bristol,248,-,-,-,1,0.5,1,-,0.3,0.7,6.47
Scott Hogan,Aston,1886,6,2,1.4,0.3,0.6,0.2,0.5,0.8,1,6.47
Ben Brereton,Nottingham,2236,5,2,1.2,0.6,1.3,1.3,0.4,1.7,2.3,6.46
Kasey Palmer,"Derby,",429,2,1,0.5,0.3,1.2,0.8,-,1.5,1.2,6.46
Angus MacDonald,"Barnsley,",787,-,-,0.5,0.2,-,0.5,-,0.2,0.2,6.46
James Husband,"Norwich,",1153,-,1,0.2,0.7,0.4,1.1,-,0.3,0.5,6.46
Lewis Baker,"Middlesbrough,",617,1,-,1.4,1.3,0.2,1,-,1,1.3,6.46
Joseph Mendes,"Reading,",154,-,1,2,0.3,-,2,0.7,1,2,6.46
Jordan Rhodes,Sheffield Wednesday,1595,5,1,1.3,0.5,-,1.2,0.5,0.5,0.9,6.45
Alex Smithies,Queens,3821,-,-,-,-,-,0.1,-,-,-,6.45
Beryly Lubala,"Birmingham,",21,-,-,1,1,2,-,-,-,-,6.45
Tom Bradshaw,"Barnsley,",2388,9,-,2,0.6,0.2,1.2,0.2,0.9,2,6.45
Omar Bogle,"Cardiff,",390,3,-,1.1,0.3,0.6,0.9,0.3,1.1,1.4,6.44
Adam Davies,"Barnsley,",3150,-,-,-,-,-,0.2,-,-,0.1,6.44
Karl Henry,"Bolton,",2838,1,1,0.7,0.3,0.4,1.1,-,0.4,0.9,6.44
Kazenga LuaLua,Queens,242,-,-,0.9,0.4,1,2.9,0.1,0.9,1.1,6.44
Josh Cullen,"Bolton,",880,-,-,0.3,0.6,0.1,1,-,0.9,0.8,6.43
George Thorne,"Derby,",838,-,-,0.8,0.5,0.3,0.6,-,0.6,0.6,6.43
Clayton Donaldson,"Birmingham,",343,-,-,2,1.5,0.5,2.8,2.3,2.8,3.8,6.43
Danny Ward,"Cardiff,",586,4,-,0.9,0.3,0.3,0.6,0.2,0.4,1.4,6.43
Steven Caulker,Queens,146,-,-,1,-,-,-,-,-,-,6.43
Yohan Mollo,"Fulham,",219,-,1,1,0.3,0.8,0.3,-,1,1.5,6.43
Aboubakar Kamara,"Fulham,",1195,7,1,1.4,0.6,0.5,1,0.6,1,1.6,6.43
Jack Harrison,"Middlesbrough,",49,-,1,0.5,0.8,0.3,-,-,0.5,0.5,6.43
Jared Bird,"Barnsley,",37,-,-,0.3,0.7,0.7,0.3,-,0.3,-,6.42
Gary Madine,"Cardiff,",508,-,2,0.8,0.8,0.2,0.7,0.1,0.5,1.8,6.42
Luke Steele,Bristol,340,-,-,-,-,-,-,-,-,-,6.42
David Wheeler,Queens,371,1,-,0.9,0.6,-,0.3,0.1,0.1,0.9,6.42
Edward Bishop,"Ipswich,",109,-,-,0.3,0.3,0.8,0.8,-,0.3,0.3,6.42
Nick Townsend,"Barnsley,",720,-,-,-,-,-,0.1,-,-,-,6.41
Connor Mahoney,"Barnsley,",336,-,-,0.8,1.4,0.6,0.4,0.1,1.3,0.6,6.41
Shane McLoughlin,"Ipswich,",14,-,-,-,-,-,1,-,-,1,6.41
Onel Hernández,"Norwich,",488,-,1,0.3,0.8,1.4,0.8,0.4,0.8,1.1,6.41
Clayton Donaldson,Sheffield United,942,5,1,0.8,0.3,0.3,1.1,0.4,1.2,1.3,6.41
Ben Marshall,Wolverhampton,119,-,1,1.2,0.3,0.5,0.2,-,0.5,0.5,6.40
Jordan Cousins,Queens,996,-,-,0.4,0.3,0.2,0.9,-,0.5,1.3,6.40
Lynden Gooch,"Sunderland,",1101,1,3,0.9,0.9,1.3,1.4,-,1.8,1.8,6.40
Ryan Leonard,Sheffield United,489,-,-,0.8,0.2,0.4,0.7,-,0.2,0.8,6.40
Juan Rafael Fuentes Hernández,Nottingham,46,-,-,-,-,-,-,-,-,-,6.40
Bright Enobakhare,Wolverhampton,643,1,1,0.7,0.5,1.4,0.7,0.3,2,1.3,6.40
Gabriel Agbonlahor,Aston,284,1,1,0.5,0.7,0.5,0.5,0.2,0.5,0.8,6.40
Jan Kirchhoff,"Bolton,",185,-,-,1,-,-,0.8,-,1,1.3,6.40
Conor Washington,Queens,2263,6,1,1.8,0.9,0.4,0.2,0.8,1,2.3,6.39
Isaac Vassell,"Birmingham,",399,1,-,0.9,0.3,1.2,0.7,0.2,2,3.1,6.39
Sean Scannell,"Burton,",1044,-,1,0.6,0.6,1.4,0.6,-,1.4,1.3,6.39
Osman Kakay,Queens,157,-,-,-,-,1.5,-,-,1,1.5,6.39
Kazenga LuaLua,"Sunderland,",117,-,-,1.3,0.2,1,1.3,-,1.2,0.7,6.38
Callum O'Hare,Aston,103,-,1,-,0.5,0.8,0.8,-,1,0.3,6.38
Adam Forshaw,"Middlesbrough,",453,-,-,0.2,0.5,0.6,0.5,-,0.4,0.4,6.37
Chris Martin,"Derby,",837,1,-,0.8,1,0.1,0.6,0.4,0.6,1.1,6.37
Mason Bennett,"Derby,",41,-,-,0.3,-,0.3,0.3,-,0.3,0.7,6.37
Regan Slater,Sheffield United,16,-,-,-,1,1,-,-,-,-,6.37
Shane Ferguson,"Millwall,",948,-,-,0.3,0.9,0.2,0.5,-,0.5,0.3,6.36
Mamadou Thiam,"Barnsley,",1165,1,1,1.5,1,0.7,0.4,0.2,1,1.4,6.36
Jamie Ward,"Cardiff,",101,-,-,1,0.3,0.5,0.8,-,0.5,-,6.36
Chris Martin,"Reading,",425,1,1,0.8,0.7,-,0.7,0.1,0.5,0.9,6.36
James Wilson,Sheffield United,317,1,-,1.3,0.3,0.5,0.1,0.1,1.1,2.3,6.36
Jeff King,"Bolton,",77,-,-,-,1,-,1,-,2,-,6.36
Tommy Smith,"Ipswich,",270,-,-,0.3,-,0.3,-,-,-,-,6.36
Jamie Mackie,Queens,1251,4,1,1.6,0.7,0.5,0.8,0.8,0.9,2.4,6.35
George Evans,"Reading,",877,1,-,0.3,0.2,0.3,0.2,-,0.1,0.3,6.35
Ashley Fletcher,"Middlesbrough,",446,1,1,0.8,0.3,0.4,0.4,0.4,0.6,1.1,6.35
Adam Armstrong,"Bolton,",1118,1,-,1.7,0.3,0.5,0.1,0.1,1.1,1.4,6.34
Rhys Healey,"Cardiff,",98,-,-,1,0.3,0.7,1,-,0.3,1,6.34
Darren Bent,"Burton,",869,2,-,1.4,0.3,0.1,0.7,0.6,0.6,1.5,6.34
Chiedozie Ogbene,"Brentford,",35,-,-,1.5,-,1,0.5,-,1.5,0.5,6.34
Joe Lumley,Queens,180,-,-,-,-,-,-,-,-,-,6.34
Marvin Sordell,"Burton,",2652,3,1,1.4,0.8,0.8,1,0.2,2.2,2.3,6.33
William Miller,"Burton,",506,-,-,0.7,0.2,0.4,0.8,-,0.4,1.4,6.33
Nouha Dicko,"Hull,",1571,4,1,1.5,0.3,0.7,0.6,0.7,1,2.2,6.33
Samir Carruthers,Sheffield United,415,1,-,0.3,0.1,1.1,1,-,0.9,1.2,6.33
John Welsh,"Preston,",472,-,-,-,0.1,-,0.8,-,0.4,0.1,6.32
Jack Hobbs,Nottingham,180,-,-,0.5,1,-,-,-,-,-,6.32
Adam Le Fondre,"Bolton,",1686,7,2,1.4,0.5,0.2,1,0.3,0.6,1.8,6.32
Ryan Manning,Queens,920,2,1,0.5,0.4,0.2,1.4,0.1,0.6,0.8,6.32
Jake Clarke-Salter,"Sunderland,",653,-,-,0.3,-,0.4,0.5,-,0.2,0.4,6.32
Jonathan Leko,Bristol,404,-,-,0.5,0.1,1.8,1.1,0.1,2.3,1.5,6.32
Greg Halford,"Cardiff,",314,-,-,0.2,0.1,0.1,0.3,0.1,0.2,0.2,6.32
Ibrahima Cissé,"Fulham,",190,-,-,0.5,0.5,-,0.5,-,-,1,6.31
Simon Moore,Sheffield United,1488,-,-,-,-,-,0.2,-,-,-,6.31
Adrian Popa,"Reading,",281,-,-,1,0.2,0.5,0.8,0.3,0.3,1,6.31
Ikechi Anya,"Derby,",302,-,1,0.4,0.6,0.9,0.6,0.1,0.9,1.4,6.31
Luke Woolfenden,"Ipswich,",92,-,-,-,-,-,-,-,-,0.5,6.31
Stephen Darby,"Bolton,",204,-,-,-,0.3,-,-,-,-,0.3,6.31
Jason Cummings,Nottingham,600,1,-,1.9,0.8,0.3,0.6,0.4,0.4,1,6.31
Craig Bryson,"Derby,",69,1,-,0.5,0.3,-,0.5,-,0.3,0.3,6.31
William Buckley,"Bolton,",1210,2,-,1,0.3,0.4,1.8,0.3,0.8,1.2,6.30
Daryl Horgan,"Preston,",399,1,1,0.9,0.3,0.5,0.2,-,0.6,0.9,6.30
Apostolos Vellios,Nottingham,360,1,-,1.2,0.3,0.5,0.1,0.2,0.2,0.8,6.30
Luis Rafael Soares Alves,"Fulham,",53,-,-,-,-,-,0.3,-,1,0.3,6.30
Robbin Ruiter,"Sunderland,",1800,-,-,-,0.1,0.1,-,-,-,-,6.30
Bright Osayi-Samuel,Queens,641,1,-,0.8,0.3,0.7,0.6,0.2,1,1.5,6.30
Ben Folami,"Ipswich,",179,-,-,0.3,1,0.3,0.3,0.3,1,2.5,6.30
Zach Clough,"Bolton,",237,1,-,0.8,0.1,0.6,0.3,0.1,0.4,0.8,6.29
Craig Noone,"Bolton,",807,1,-,1.2,0.8,0.6,0.6,-,0.8,0.8,6.29
Tony Craig,"Millwall,",99,-,-,-,0.3,-,-,-,-,-,6.29
Alan Judge,"Brentford,",393,-,-,1.7,1.1,0.2,0.7,0.1,0.3,1.2,6.29
Jack Walton,"Barnsley,",270,-,-,-,-,-,0.3,-,-,-,6.29
Pelle Clement,"Reading,",1074,-,2,0.3,0.5,0.4,0.7,-,0.7,1.1,6.28
Kevin Stewart,"Hull,",949,-,-,0.6,0.1,0.5,1.2,-,1.1,1.4,6.28
Luke Hyam,"Ipswich,",666,-,-,0.2,0.2,-,0.6,-,0.6,0.4,6.28
Jacob Butterfield,Sheffield Wednesday,1061,-,1,0.3,0.9,0.3,0.5,-,0.7,0.9,6.28
Chris Cohen,Nottingham,32,-,-,-,-,-,1,-,0.5,-,6.28
Marley Watkins,"Norwich,",1218,-,1,0.8,0.6,0.6,0.5,0.4,1.1,1.3,6.28
Barry Cotter,"Ipswich,",57,-,-,0.5,-,0.5,0.5,-,0.5,2,6.28
Caleb Ekuban,"Leeds,",991,1,-,1,0.6,0.7,0.6,0.2,1.6,2.2,6.27
Fred Onyedinma,"Millwall,",981,1,1,0.7,0.2,0.7,0.9,0.2,0.7,1.4,6.27
Jordan Graham,Wolverhampton,6,-,-,-,-,1,2,-,-,-,6.27
Ryan Hedges,"Barnsley,",782,2,1,0.7,0.7,0.7,0.6,-,0.5,1.1,6.27
Roy Beerens,"Reading,",876,2,-,0.6,0.6,0.6,0.6,0.4,1.4,1.4,6.27
Liam Walsh,"Birmingham,",153,-,-,0.3,0.3,1,1,-,1,0.3,6.26
Liam Feeney,"Cardiff,",439,-,1,0.3,0.2,0.3,0.3,0.1,0.4,0.5,6.26
Flynn Downes,"Ipswich,",387,-,-,0.2,0.2,0.3,0.7,-,0.5,0.5,6.26
Stephen Gleeson,"Ipswich,",488,-,-,0.4,0.5,0.1,0.2,-,-,0.4,6.26
Garath McCleary,"Reading,",818,-,1,0.3,0.8,0.3,0.7,0.4,0.8,0.9,6.25
Cohen Bramall,"Birmingham,",333,-,-,0.4,0.4,1,0.6,-,1,1.6,6.25
Morgan Gibbs-White,Wolverhampton,241,-,-,0.2,0.5,0.9,0.4,0.1,0.4,0.3,6.25
Emiliano Marcondes Camargo Hansen,"Brentford,",359,-,1,0.7,0.8,0.3,0.5,-,0.8,0.9,6.25
Dennis Srbeny,"Norwich,",602,1,-,1.1,0.4,0.1,0.7,0.2,0.5,1.6,6.24
Yanic Wildschut,"Cardiff,",365,-,1,0.7,0.4,0.9,0.3,-,0.7,1.5,6.24
Adetayo Edun,"Fulham,",96,-,-,-,-,1,1,-,2.5,1.5,6.24
Jordan Obita,"Reading,",59,-,-,-,1,0.5,0.5,-,0.5,0.5,6.24
Caolan Lavery,Sheffield United,72,-,-,0.3,-,0.3,-,0.7,0.3,0.7,6.24
Sam Smith,"Reading,",320,1,-,1.3,-,0.1,0.5,0.5,1,0.8,6.24
Niclas Eliasson,Bristol,337,-,-,0.2,0.5,0.3,0.5,-,0.5,0.5,6.24
Louis Moult,"Preston,",314,2,-,1.2,0.1,-,0.6,0.1,0.4,1.3,6.24
Aramide Oteh,Queens,245,1,-,0.8,0.8,0.3,0.7,0.3,0.2,1.7,6.24
Freddie Sears,"Ipswich,",1723,2,-,0.7,0.4,0.3,0.5,0.3,0.5,0.9,6.23
Jamie Allen,"Burton,",1725,1,-,0.7,0.4,0.1,0.7,-,0.5,1.3,6.23
Joe Mason,"Burton,",287,1,-,0.8,0.5,0.2,0.5,0.7,0.8,1.8,6.23
Kevin Bru,"Ipswich,",380,-,-,0.2,0.4,-,0.3,-,0.3,0.1,6.23
Aaron Wilbraham,"Bolton,",378,2,1,0.6,0.2,-,0.3,0.1,0.4,0.4,6.23
Jason Lowe,"Birmingham,",385,-,-,0.2,0.2,0.2,0.6,-,0.4,0.3,6.23
Stephy Mavididi,"Preston,",334,-,-,0.7,0.6,1.3,0.8,0.4,1,1.7,6.22
Nathan Thomas,Sheffield United,16,-,-,-,1,1,1,-,-,3,6.22
Cauley Woodrow,Bristol,331,2,-,0.7,0.4,-,0.4,0.1,0.8,0.9,6.22
Marco André Silva Lopes Matias,Sheffield Wednesday,243,-,-,0.2,0.3,0.8,0.4,-,0.9,0.4,6.22
Carl Jenkinson,"Birmingham,",521,-,-,0.4,0.6,0.3,0.4,-,0.7,0.3,6.22
Ike Ugbo,"Barnsley,",745,1,1,0.9,0.6,0.2,0.6,0.3,1.1,2.3,6.21
Martin Cranie,"Middlesbrough,",146,-,-,0.1,0.1,0.2,0.1,-,0.1,0.2,6.21
John Mousinho,"Burton,",89,-,-,-,-,-,1,-,-,1,6.21
Rushian Hepburn-Murphy,Aston,59,-,-,0.3,-,0.3,1.3,1,0.7,1.7,6.21
Steven Naismith,"Norwich,",150,-,-,1,1,0.5,1.5,-,1.5,2.5,6.21
Josh Maja,"Sunderland,",586,1,-,0.6,0.2,0.7,0.9,0.1,0.8,1.8,6.20
Zach Clough,Nottingham,433,-,-,0.7,0.5,0.3,0.8,0.1,0.5,0.3,6.20
Denver Hume,"Sunderland,",19,-,-,-,-,-,1,-,1,1,6.20
Ritchie de Laet,Aston,109,-,-,0.2,-,0.2,0.2,-,0.2,0.2,6.20
Tyler Walker,"Bolton,",196,-,-,0.6,-,-,1,0.4,0.6,1.2,6.19
Nouha Dicko,Wolverhampton,77,1,-,0.8,0.2,-,-,0.4,0.8,0.4,6.19
Lee Camp,"Sunderland,",1029,-,-,-,-,-,0.1,-,-,-,6.19
Rafael Mir Vicente,Wolverhampton,29,-,-,1,0.5,0.5,-,-,-,0.5,6.19
Almen Abdi,Sheffield Wednesday,159,-,-,1,0.8,-,0.5,-,0.5,0.8,6.18
Adlène Guédioura,"Middlesbrough,",50,-,-,-,-,1,2,-,1,3,6.17
Joe Sbarra,"Burton,",605,-,2,0.2,0.4,0.1,0.1,-,0.8,0.5,6.17
Ben Thompson,"Millwall,",40,-,-,-,-,0.3,1,-,-,0.3,6.17
Daniel Lafferty,Sheffield United,199,-,-,0.1,0.1,-,0.4,-,0.3,0.5,6.17
Josh Dacres-Cogley,"Birmingham,",100,-,-,-,-,-,-,-,0.3,-,6.16
Stephen Gleeson,"Birmingham,",280,-,-,0.5,0.8,0.2,0.3,-,0.3,0.3,6.16
Ben Morris,"Ipswich,",67,-,-,-,-,0.7,-,-,-,1,6.16
Paul Robinson,"Birmingham,",46,-,-,-,0.5,-,-,-,-,-,6.16
Sylvain Deslandes,Wolverhampton,26,-,-,-,-,-,-,-,1,1,6.16
Jack Stobbs,Sheffield Wednesday,202,-,-,0.3,0.7,1.7,-,0.3,1,2,6.15
Marcelo Djaló,"Fulham,",13,-,-,-,-,-,-,-,-,-,6.14
Connor Kirby,Sheffield Wednesday,12,-,-,-,1,-,-,-,-,-,6.14
Connor Roberts,"Middlesbrough,",90,-,-,-,1,-,2,-,-,2,6.14
Kadeem Harris,"Cardiff,",94,-,-,0.7,0.3,-,-,-,0.7,1.7,6.13
Jay-Roy Grot,"Leeds,",301,1,1,0.3,0.1,0.2,0.4,-,0.7,1.2,6.13
James Weir,"Hull,",13,-,-,-,-,0.3,0.3,-,0.3,0.3,6.13
Jack Price,Wolverhampton,60,-,-,-,-,-,0.2,-,-,-,6.13
Jacob Butterfield,"Derby,",157,-,-,-,0.7,1,0.3,-,-,1,6.12
Harry Burgoyne,Wolverhampton,19,-,-,-,-,-,-,-,-,-,6.11
Ricky Holmes,Sheffield United,132,-,-,0.8,0.6,-,1.8,-,1.4,1,6.11
Luke Varney,"Burton,",305,-,-,0.1,0.1,0.1,0.3,-,0.3,0.7,6.10
Tristan Nydam,"Ipswich,",869,-,-,0.3,0.4,0.2,0.2,0.1,0.7,1,6.10
Adam McDonnell,"Ipswich,",13,-,-,-,-,-,-,-,-,-,6.10
Jamie Hanson,"Derby,",50,-,-,-,0.2,-,-,-,0.2,0.3,6.10
Ched Evans,Sheffield United,307,-,-,0.9,0.2,0.4,0.6,0.3,1.1,1.7,6.09
Sean Raggett,"Norwich,",10,-,-,-,-,-,0.5,-,-,-,6.09
Hadi Sacko,"Leeds,",281,-,-,0.2,0.4,0.2,0.4,0.1,0.4,1.3,6.08
Elliot Embleton,"Sunderland,",17,-,-,-,-,-,-,-,-,0.5,6.08
Luke Thomas,"Derby,",6,-,-,-,-,-,-,-,-,0.5,6.08
Theo Archibald,"Brentford,",18,-,-,-,-,-,1.5,-,1,0.5,6.07
Greg Luer,"Hull,",7,-,-,-,1,-,-,-,-,-,6.07
Matty Taylor,Bristol,519,1,-,0.7,0.3,0.3,0.4,0.1,0.7,0.8,6.07
Connor Ronan,Wolverhampton,29,-,-,0.3,-,-,-,-,-,0.7,6.07
Jason Shackell,"Millwall,",27,-,-,-,-,-,-,-,-,-,6.06
Freddie Hinds,Bristol,7,-,-,-,-,-,-,-,-,-,6.06
Frédéric Gounongbe,"Cardiff,",23,-,-,-,0.3,-,0.3,-,-,0.7,6.06
Ryan Edmondson,"Leeds,",16,-,-,1,-,-,-,-,-,-,6.06
Wahbi Khazri,"Sunderland,",70,-,-,0.3,0.3,0.7,0.7,-,0.3,0.3,6.06
Gustav Engvall,Bristol,13,-,-,-,-,0.5,1,0.5,0.5,-,6.04
Luca De La Torre,"Fulham,",50,-,-,0.4,-,0.2,0.2,-,0.4,0.2,6.04
Lois Diony,Bristol,200,-,-,0.1,0.1,0.1,0.7,0.3,0.4,1.7,6.04
Jordan Graham,"Fulham,",33,-,-,-,0.3,-,0.3,0.7,-,0.7,6.02
Frederik Nielsen,Sheffield Wednesday,13,-,-,-,0.3,-,-,0.3,-,0.7,6.02
Gary O'Neil,Bristol,56,-,-,-,-,-,0.5,-,-,0.5,6.02
Tomas Egert,"Burton,",23,-,-,0.3,-,-,-,-,-,0.3,6.02
Jamie Ward,Nottingham,118,-,-,0.5,0.4,0.1,0.4,-,0.1,1.1,6.02
Kristopher Twardek,"Millwall,",12,-,-,-,-,-,-,-,0.5,0.5,6.02
Connor Ripley,"Burton,",180,-,-,-,-,-,0.5,-,-,-,6.01
Marcus Edwards,"Norwich,",6,-,-,-,-,-,-,-,-,-,6.01
Antoine Semenyo,Bristol,11,-,-,-,-,-,-,-,1,-,6.00
Bali Mumba,"Sunderland,",3,-,-,-,-,-,-,-,-,-,6.00
Connor Simpson,"Preston,",1,-,-,-,-,-,-,-,-,-,6.00
Danny Rowe,"Ipswich,",15,-,-,0.5,-,-,-,-,-,1,6.00
Matthew Kennedy,"Cardiff,",1,-,-,-,-,-,-,-,-,-,6.00
Shaun Barker,"Burton,",1,-,-,-,-,-,-,-,-,-,6.00
Tim Cahill,"Millwall,",65,-,-,-,0.1,0.1,-,0.2,0.1,0.7,6.00
Dylan Mottley-Henry,"Barnsley,",22,-,-,-,-,-,-,-,-,1,5.99
Marnick Vermijl,"Preston,",63,-,-,0.5,0.5,-,-,-,-,1,5.99
David Edwards,Wolverhampton,12,-,-,-,-,-,-,1,-,-,5.98
Russell Martin,"Norwich,",351,-,-,0.8,-,-,-,0.2,-,0.4,5.97
Yeni N'Gbakoto,Queens,143,-,-,0.4,0.2,-,-,-,1,0.6,5.97
Stefan Payne,"Barnsley,",23,-,-,0.5,-,-,-,0.5,1,-,5.97
Justin Shaibu,"Brentford,",10,-,-,-,-,-,-,-,0.5,1,5.96
Cheick Keita,"Birmingham,",11,-,-,-,-,-,-,-,1,-,5.93
Harry Charsley,"Bolton,",55,-,-,-,1,-,-,-,1,5,5.92
Jake Eastwood,Sheffield United,14,-,-,-,-,-,-,-,-,-,5.91
Mateusz Klich,"Leeds,",131,-,-,0.5,0.3,-,-,0.3,-,0.8,5.90
Andy Lonergan,"Leeds,",630,-,-,-,0.1,-,0.1,-,-,-,5.89
Ashkan Dejagah,Nottingham,14,-,-,-,-,-,-,-,-,2,5.88
David Marshall,"Hull,",180,-,-,-,-,-,-,-,-,-,5.83
Will Norris,Wolverhampton,71,-,-,-,-,-,-,-,-,-,4.03
