name,team,Apps,Mins,Goals,Assists,SpG,KeyP,Drb,Fouled,Off,Disp,UnsTch,Rating
Coutinho,Liverpool,13(1),1116,7,6,3.9,2.9,2.8,1.5,0.3,1.9,1.4,8.03
Sergio Agüero,Manchester City,22(3),1969,21,6,3.8,1.6,2.2,0.7,0.6,1.7,2.2,7.81
Alex Oxlade-Chamberlain,Arsenal,3,242,-,-,3,1.7,5.7,0.3,0.3,1.3,1.7,7.81
Kevin De Bruyne,Manchester City,36(1),3085,8,16,2.5,2.9,1.7,0.9,0.1,1.6,1.7,7.80
Henri Saivet,Newcastle United,1,84,1,-,1,-,-,-,-,-,-,7.70
Mohamed Salah,Liverpool,34(2),2922,32,10,4,1.7,2.2,0.8,0.5,2.6,2.9,7.69
Eden Hazard,Chelsea,28(6),2433,12,4,2.1,2.5,4.9,2.4,0.5,2.3,1.9,7.69
Harry Kane,Tottenham,35(2),3083,30,2,5,0.9,1.3,1.1,1.1,1.6,1.7,7.60
David Silva,Manchester City,28(1),2437,9,11,1.9,2.1,1.3,1.2,0.1,1,1.1,7.58
Alexis Sánchez,Manchester United,12,1048,2,3,1.6,2.2,3.7,2.6,0.8,2.9,2.7,7.55
Raheem Sterling,Manchester City,29(4),2593,18,11,2.6,1.7,1.9,1.8,0.6,1.8,2,7.55
Leroy Sané,Manchester City,27(5),2423,10,15,1.8,1.8,2.7,0.8,0.2,2,2.5,7.54
Paulo Gazzaniga,Tottenham,1,90,-,-,-,-,-,-,-,-,-,7.52
Aaron Wan-Bissaka,Crystal Palace,7,628,-,-,-,0.4,1.9,0.4,-,0.9,1.3,7.52
Paul Pogba,Manchester United,25(2),2151,6,10,2.8,1.4,2.8,1.9,0.1,1.5,2.1,7.48
Fernando Luiz Rosa,Manchester City,33(1),2885,5,3,1.4,0.6,0.6,0.8,-,0.6,1,7.44
Jérémy Pied,Southampton,2,180,-,1,1,1,1,1,-,-,1.5,7.41
Christian Eriksen,Tottenham,37,3226,10,10,2.6,2.6,0.8,0.6,-,1.9,2,7.40
Roberto Firmino,Liverpool,32(5),2778,15,7,2.3,1.5,1.3,0.5,0.4,1.9,2.2,7.39
Shkodran Mustafi,Arsenal,25(2),2274,3,1,0.5,0.3,-,0.4,0.1,0.1,0.3,7.38
Wilfried Zaha,Crystal Palace,28(1),2551,9,3,2.2,1.8,4.1,2.6,0.7,3.8,3.7,7.38
Virgil van Dijk,Liverpool,14,1260,-,-,1.1,0.4,-,0.8,-,0.1,0.1,7.35
Henrikh Mkhitaryan,Arsenal,9(2),797,2,4,1.9,1.5,1.5,1.5,0.2,1.8,1.7,7.35
Sergio Romero,Manchester United,1,90,-,-,-,-,-,-,-,-,-,7.34
Alexis Sánchez,Arsenal,17(2),1508,7,3,3.6,2.7,2.1,2.3,0.8,2.5,3.4,7.33
Pierre-Emerick Aubameyang,Arsenal,12(1),1058,10,4,2.4,1,0.8,0.6,0.8,0.9,0.9,7.33
James Tomkins,Crystal Palace,27(1),2388,3,-,0.8,-,0.2,0.5,-,0.1,0.3,7.31
Romelu Lukaku,Manchester United,33(1),2869,16,7,2.5,1,1,0.5,0.5,1.4,2.2,7.29
Riyad Mahrez,Leicester,34(2),2961,12,10,2,1.6,2.3,1.6,0.3,1.8,2.6,7.28
Serge Aurier,Tottenham,16(1),1429,2,2,0.9,0.9,0.9,0.9,0.1,0.9,0.9,7.28
Emre Can,Liverpool,24(2),2094,3,4,1,1,0.9,1,-,0.6,1.2,7.28
Kyle Walker-Peters,Tottenham,2(1),188,-,2,-,1,1.3,1.3,-,1.7,1,7.28
Sadio Mané,Liverpool,28(1),2207,10,7,2.4,1.7,1.9,1.7,0.4,1.7,2.4,7.27
Aaron Ramsey,Arsenal,21(3),1848,7,8,2.3,1.2,1.2,1.4,-,1.5,2,7.27
Jan Vertonghen,Tottenham,36,3205,-,-,0.7,0.3,0.8,0.7,-,0.2,0.5,7.26
Mesut Özil,Arsenal,24(2),2164,4,8,1.5,3.2,1.4,0.8,0.5,1.2,1.6,7.25
N'Golo Kanté,Chelsea,34,2998,1,1,0.7,1.2,1.4,0.4,-,1.2,1.3,7.25
Chris Smalling,Manchester United,28(1),2536,4,-,0.4,0.1,0.1,0.5,0.1,0.1,0.2,7.24
James Tarkowski,Burnley,31,2790,-,-,0.6,0.2,0.4,0.8,0.1,0.2,0.4,7.22
Phil Jones,Manchester United,23,1975,-,-,0.1,0.1,0.3,1,-,-,0.3,7.21
Nemanja Matic,Manchester United,35(1),3119,1,1,0.5,0.7,1.5,0.6,0.1,0.9,1,7.20
César Azpilicueta,Chelsea,37,3330,2,6,0.4,0.8,0.2,0.4,-,0.2,0.4,7.18
Shane Duffy,Brighton,37,3294,-,1,0.8,0.2,0.2,0.7,0.2,0.1,0.4,7.18
Kevin Long,Burnley,16,1440,1,2,0.6,0.4,-,1.3,0.1,0.1,0.4,7.16
Fabian Delph,Manchester City,21(1),1746,1,2,0.5,0.5,1.4,0.8,-,0.5,0.9,7.16
Wilfred Ndidi,Leicester,33,2899,-,3,1.2,0.4,1,0.8,-,1.3,1.2,7.14
Nicolás Otamendi,Manchester City,33(1),2968,4,-,0.9,0.4,0.1,0.6,-,-,0.6,7.13
Marcos Alonso,Chelsea,33,2860,7,2,2,1,0.5,0.9,0.2,0.7,1.3,7.13
Nacho Monreal,Arsenal,26(2),2244,5,2,0.8,0.5,0.2,0.6,0.1,0.2,0.3,7.13
Theo Walcott,Everton,13(1),1153,3,3,1.4,1,1.9,2,0.5,1.6,2.9,7.13
Ben Mee,Burnley,29,2610,-,-,0.9,0.2,0.1,1,0.1,0.1,0.3,7.12
Kurt Zouma,Stoke,32(2),2888,1,-,0.6,0.2,0.6,0.6,-,0.5,0.4,7.12
Ashley Young,Manchester United,28(2),2448,2,4,0.6,0.9,1,1.2,-,0.6,0.6,7.12
Andros Townsend,Crystal Palace,35(1),3129,2,7,1.7,1.8,2.3,1.3,0.2,2,2.4,7.11
Oleksandr Zinchenko,Manchester City,6(2),533,-,-,0.6,1,0.4,0.1,0.3,0.3,0.3,7.11
Joseph Gomez,Liverpool,21(2),1901,-,2,0.2,0.7,1,0.4,-,0.6,0.7,7.11
Christopher Schindler,Huddersfield,37,3266,-,1,0.3,0.2,0.1,0.6,-,-,0.2,7.11
Robbie Brady,Burnley,15,1279,1,2,1.6,1.7,1.1,0.7,0.2,1.3,1.2,7.10
Alexander Sørloth,Crystal Palace,4,360,-,-,1.8,1.5,2.8,0.5,0.8,2.3,2.3,7.10
Cesc Fàbregas,Chelsea,25(7),2309,2,4,1.2,2.8,0.6,0.7,0.2,0.8,0.7,7.10
Virgil van Dijk,Southampton,11(1),993,-,-,0.9,0.3,0.4,0.8,-,0.3,0.3,7.10
Ryan Shawcross,Stoke,27,2372,1,1,0.9,0.1,0.1,0.7,0.1,-,0.1,7.09
Aymeric Laporte,Manchester City,9,807,-,-,0.3,0.2,0.3,0.4,-,-,0.2,7.09
Bamidele Alli,Tottenham,34(2),2972,9,10,1.9,1.8,1.2,2.3,0.1,2.5,2.7,7.09
Alexandre Lacazette,Arsenal,26(6),2212,14,4,2.1,1.1,1,0.9,0.7,1.6,1.9,7.09
Ben Davies,Tottenham,26(3),2325,2,6,0.6,1.6,0.5,0.9,-,0.6,0.9,7.08
Ruben Loftus-Cheek,Crystal Palace,21(3),1875,2,3,1.3,1.1,3,2.6,0.1,2,1.9,7.08
Laurent Koscielny,Arsenal,25,2227,2,-,0.4,0.3,0.1,1,0.1,0.2,0.5,7.08
Harry Maguire,Leicester,38,3420,2,4,0.8,0.5,1.3,0.8,0.1,0.5,0.7,7.08
Marko Arnautovic,West Ham,28(3),2323,11,6,2.3,1.1,1.8,0.9,1.4,1.4,1.9,7.07
Antonio Valencia,Manchester United,31,2743,3,1,0.5,0.7,0.9,0.6,0.1,0.6,0.6,7.07
Lasse Sorensen,Stoke,1,76,-,1,-,2,-,-,-,1,-,7.06
Florian Lejeune,Newcastle United,24,2104,-,2,0.5,0.3,0.5,0.6,0.1,0.2,0.5,7.05
Kyle Walker,Manchester City,32,2787,-,6,0.4,0.9,0.8,0.6,0.1,0.6,1,7.05
Gabriel Fernando de Jesus,Manchester City,19(10),1673,13,3,1.9,0.7,0.8,0.6,0.5,0.9,1.5,7.05
Manuel Lanzini,West Ham,23(4),2049,5,6,1.6,1.5,2.4,1.3,0.1,1.7,1.1,7.04
Jamaal Lascelles,Newcastle United,32(1),2928,3,-,0.4,0.2,0.2,0.4,-,0.2,0.1,7.04
Vincent Kompany,Manchester City,17,1397,1,1,0.5,0.2,0.2,0.1,-,0.1,0.4,7.04
Kieran Trippier,Tottenham,21(3),1914,-,5,0.3,1.7,0.5,0.8,0.1,0.3,0.8,7.04
Eric Bailly,Manchester United,11(2),1000,1,-,0.2,0.2,0.3,0.7,-,0.4,0.1,7.03
Arthur Masuaku,West Ham,21(6),1873,-,3,0.3,0.6,3.1,1.1,0.1,1.4,1.7,7.02
Lewis Dunk,Brighton,38,3420,1,1,0.7,0.3,0.3,0.4,-,0.2,0.6,7.02
Johann Berg Gudmundsson,Burnley,32(3),2840,2,8,1.5,1.9,1,0.9,0.1,1.3,1.3,7.02
Andrew Robertson,Liverpool,22,1943,1,5,0.5,1.1,0.4,0.2,0.2,0.5,1,7.02
Craig Dawson,West Bromwich Albion,28,2509,2,-,0.6,0.4,0.3,0.8,0.1,0.3,0.4,7.02
Terence Kongolo,Huddersfield,11(2),1047,-,-,0.2,0.2,0.5,0.8,-,0.4,0.7,7.02
Granit Xhaka,Arsenal,37(1),3266,1,7,1.7,1,0.5,1.1,-,0.5,0.9,7.02
Papa Alioune Ndiaye,Stoke,13,1140,2,1,1.5,0.5,1.3,1.6,0.2,1.5,1.7,7.02
Trent Alexander-Arnold,Liverpool,18(1),1576,1,1,0.6,1.3,1.1,0.1,0.2,0.7,0.9,7.02
Luka Milivojevic,Crystal Palace,35(1),3082,10,1,1.2,0.6,0.8,0.9,-,0.7,0.9,7.01
Willian,Chelsea,20(16),1883,6,7,1.5,1.7,1.9,1,0.1,0.9,1.6,7.01
Abdoulaye Doucouré,Watford,37,3325,7,3,1.3,1.1,1.1,0.7,0.1,1.2,1.5,7.00
Dejan Lovren,Liverpool,24(5),2125,2,1,0.5,0.2,-,0.2,-,-,0.2,6.99
Heung-Min Son,Tottenham,27(10),2312,12,6,2,1.1,1.6,0.7,0.7,1.5,1.8,6.99
Ahmed El-Sayed Hegazi,West Bromwich Albion,38,3387,2,-,0.4,0.2,0.6,0.3,0.1,0.2,0.3,6.98
Jamie Vardy,Leicester,37,3258,20,1,1.9,0.9,0.6,0.7,1.2,0.4,1.7,6.98
Cuco Martina,Everton,20(1),1831,-,2,0.1,0.6,0.1,0.4,0.1,0.4,0.5,6.98
Matthew Lowton,Burnley,25(1),2295,-,3,0.2,0.5,0.4,0.7,-,0.4,0.7,6.97
Matt Targett,Southampton,2,167,-,-,-,1,1.5,1.5,-,0.5,1,6.97
Simon Francis,Bournemouth,31(1),2710,-,1,0.4,0.8,0.3,0.5,-,0.3,0.3,6.96
Henrikh Mkhitaryan,Manchester United,11(4),931,1,5,1,1.9,0.9,0.8,0.1,1.5,1.6,6.96
Yohan Benalouane,Leicester,1,90,-,-,2,-,-,1,1,-,-,6.96
Eric Dier,Tottenham,32(2),2827,-,2,0.9,0.4,0.4,0.2,-,0.5,0.3,6.96
Kenedy,Newcastle United,13,1030,2,2,1.8,1,1.2,1.5,-,1.5,3.4,6.95
Idrissa Gueye,Everton,32(1),2757,2,1,0.7,0.5,0.5,1.6,-,1,1.3,6.95
David Ospina,Arsenal,4(1),380,-,-,-,-,-,0.8,-,-,-,6.95
Jordan Henderson,Liverpool,25(2),2173,1,1,0.6,0.9,0.3,0.5,-,0.4,0.6,6.95
Marouane Fellaini,Manchester United,5(11),613,4,-,0.6,0.3,0.3,0.8,0.2,0.8,0.8,6.94
Davinson Sánchez,Tottenham,29(2),2535,-,-,0.3,0.1,0.3,0.6,-,0.1,0.3,6.94
Jesús Gámez,Newcastle United,1(1),97,-,-,0.5,2,0.5,0.5,-,-,0.5,6.94
Michael Keane,Everton,29(1),2561,-,1,0.5,0.1,0.2,0.3,0.1,0.1,0.5,6.94
Álvaro Morata,Chelsea,24(7),2067,11,6,2.5,1.1,1,1.4,0.9,1.9,2.5,6.94
Christian Kabasele,Watford,27(1),2332,2,-,0.4,0.1,0.1,0.6,-,0.1,0.3,6.93
Mario Lemina,Southampton,20(5),1723,1,1,0.9,0.3,2.2,0.6,0.1,1.2,0.9,6.93
Nick Pope,Burnley,34(1),3114,-,-,-,0.1,-,0.1,-,-,-,6.93
Eric Maxim Choupo-Moting,Stoke,26(4),2248,5,5,2,0.7,2,0.8,0.5,1.9,2.5,6.93
Chris Brunt,West Bromwich Albion,22(4),1923,-,7,1,1.4,0.6,0.2,-,0.6,0.6,6.93
Oriol Romeu,Southampton,34,2903,1,-,0.8,0.6,0.4,1.1,0.1,0.3,0.8,6.92
James Collins,West Ham,12(1),1050,1,-,0.3,0.2,0.1,0.2,-,-,0.2,6.92
Antonio Rüdiger,Chelsea,25(2),2336,2,1,0.6,0.1,0.3,0.5,0.1,0.6,0.5,6.92
Sead Kolasinac,Arsenal,25(2),2152,2,4,0.8,0.7,0.4,0.4,-,0.6,0.8,6.92
Joel Matip,Liverpool,22(3),1995,1,-,0.4,0.2,0.1,0.4,-,0.2,0.4,6.92
Jordan Ayew,Swansea,33(3),2859,7,2,1.8,0.4,2.1,2.4,0.2,2.9,3,6.91
Danilo,Manchester City,13(10),1342,3,2,0.8,0.2,0.3,0.4,-,0.2,0.6,6.91
Christian Benteke,Crystal Palace,24(7),2238,3,5,1.9,0.9,0.5,0.9,0.4,1,2.8,6.91
Younes Kaboul,Watford,2,151,-,-,-,-,-,-,-,-,-,6.90
Victor Moses,Chelsea,25(3),2119,3,3,1.3,0.7,1.1,1,0.3,0.7,0.7,6.90
Mousa Dembélé,Tottenham,21(7),1886,-,-,0.4,0.6,2.4,1,-,1.2,0.9,6.90
José Miguel da Rocha Fonte,West Ham,8,690,-,1,1,0.5,0.1,0.6,-,0.1,0.4,6.89
Steve Cook,Bournemouth,31(3),2766,2,1,0.6,0.1,-,0.6,-,0.2,0.4,6.89
Mike van der Hoorn,Swansea,24,1952,1,-,0.4,0.2,0.4,0.8,-,0.2,0.3,6.89
Lukasz Fabianski,Swansea,38,3420,-,-,-,-,-,0.1,-,-,-,6.89
Wesley Hoedt,Southampton,28,2520,-,1,0.5,0.3,0.9,0.5,-,0.2,0.5,6.89
Stephen Ward,Burnley,28,2462,1,1,0.2,0.6,0.2,1,0.1,0.2,0.6,6.89
John Stones,Manchester City,16(2),1306,-,-,0.6,-,0.2,0.1,-,0.3,0.3,6.89
Nathan Aké,Bournemouth,37(1),3354,2,3,0.5,0.2,0.3,0.5,0.1,0.2,0.3,6.88
Michail Antonio,West Ham,16(5),1358,3,1,1.6,0.7,2.4,1.4,0.3,2,2.6,6.88
Gylfi Sigurdsson,Everton,25(2),2262,4,3,1.4,1.4,0.7,0.6,-,0.9,2,6.88
Alex Iwobi,Arsenal,22(4),1844,3,5,1.7,1.4,1.4,0.5,-,1.2,1.6,6.88
Joshua King,Bournemouth,27(6),2456,8,3,1.5,1.2,1.9,1.7,0.1,2.5,2.6,6.88
Alex Oxlade-Chamberlain,Liverpool,14(18),1485,3,7,1.2,1.1,1.3,0.3,0.1,0.8,1.2,6.88
Anthony Martial,Manchester United,18(12),1584,9,5,1.6,1.1,1.4,0.9,0.3,1.8,1.8,6.87
Junior Stanislas,Bournemouth,17(2),1299,5,2,2.4,1.3,1.1,0.1,0.1,0.8,1.7,6.87
Joe Allen,Stoke,36,3142,2,6,0.7,0.9,1.2,1.4,-,1.9,1.5,6.87
Jonjoe Kenny,Everton,17(2),1589,-,1,0.2,0.5,0.3,0.2,-,0.3,1.1,6.87
Xherdan Shaqiri,Stoke,36,3049,8,7,1.9,2.1,1.1,1.4,0.4,1.6,2.8,6.87
Phil Bardsley,Burnley,13,1126,-,-,0.2,0.4,0.2,1.5,-,0.7,0.7,6.87
Benjamin Mendy,Manchester City,4(3),362,-,1,0.7,1.3,0.4,0.1,-,0.9,0.4,6.87
Juan Mata,Manchester United,23(5),1933,3,5,1,1.8,0.6,0.7,0.6,0.7,0.9,6.87
Seamus Coleman,Everton,12,1036,-,1,0.4,0.6,2.1,1.1,-,1.2,1.3,6.87
Tiemoué Bakayoko,Chelsea,24(5),2126,2,2,1.4,0.6,1.2,0.8,0.1,0.9,1.4,6.87
Chancel Mbemba,Newcastle United,7(2),672,-,-,-,0.4,0.9,0.4,-,0.3,0.2,6.87
Gary Cahill,Chelsea,24(3),2084,-,-,0.4,0.1,0.1,0.6,-,0.1,0.3,6.87
Nathaniel Chalobah,Watford,5(1),448,-,-,2,0.2,1.2,1.2,0.2,0.7,0.8,6.86
Aaron Mooy,Huddersfield,34(2),3071,4,3,0.8,1.4,0.4,0.4,0.1,1.6,1,6.86
Maya Yoshida,Southampton,23(1),2051,2,-,0.8,0.2,0.1,0.6,-,0.4,0.3,6.86
Luke Shaw,Manchester United,8(3),789,-,-,1.1,0.8,0.5,0.7,-,0.4,0.9,6.86
Pedro Obiang,West Ham,18(3),1565,2,-,0.6,0.3,1.1,1.1,-,0.9,0.8,6.85
Peter Crouch,Stoke,14(17),1555,5,2,0.7,0.7,0.2,0.4,0.5,0.7,1.2,6.85
Mohamed Diamé,Newcastle United,23(8),2043,2,-,0.6,0.4,0.8,0.5,-,1.3,0.9,6.85
David Luiz,Chelsea,9(1),839,1,-,1.1,0.1,0.3,1.5,-,0.4,0.7,6.85
Vicente Iborra,Leicester,17(2),1417,3,-,0.7,0.4,0.6,0.9,0.1,0.4,0.4,6.85
Mikel Merino,Newcastle United,14(10),1343,1,1,0.7,0.7,1.2,1.2,-,1.4,1.4,6.85
Richarlison,Watford,32(6),2827,5,4,2.5,0.7,1.2,2.5,0.6,2.1,3.1,6.84
Kyle Naughton,Swansea,34,3033,-,2,0.4,0.4,0.7,0.7,-,0.8,0.7,6.84
Matt Ritchie,Newcastle United,32(3),2812,3,5,1.7,1.5,0.5,1,0.1,0.9,1.4,6.84
Daley Blind,Manchester United,4(3),361,-,-,0.4,0.6,0.1,0.6,-,0.4,0.6,6.84
Claudio Bravo,Manchester City,2(1),225,-,-,-,-,-,0.3,-,-,-,6.83
David de Gea,Manchester United,37,3330,-,-,-,-,-,0.1,-,-,-,6.83
Robert Elliot,Newcastle United,16,1440,-,-,-,-,-,0.1,-,-,-,6.83
Eldin Jakupovic,Leicester,2,180,-,-,-,-,-,0.5,-,-,-,6.83
Jack Wilshere,Arsenal,12(8),1188,1,3,0.8,0.8,2.3,1.9,0.1,1.3,1.2,6.82
Phil Jagielka,Everton,23(2),2065,-,-,0.3,-,-,0.6,-,0.2,0.3,6.82
Jesse Lingard,Manchester United,20(13),1823,8,5,1.7,0.8,0.8,1.1,0.1,0.6,1.5,6.82
Joel Ward,Crystal Palace,19,1616,-,1,0.3,0.4,0.4,1.5,0.1,0.5,1,6.82
Ben Chilwell,Leicester,20(4),1852,-,2,0.3,0.9,1.3,1,0.2,0.8,1.7,6.82
Christian Fuchs,Leicester,21(4),1918,-,1,0.4,0.7,0.4,0.2,-,0.4,0.4,6.81
Pascal Groß,Brighton,35(3),2949,7,8,1.2,2.2,0.3,0.5,0.2,1,1.7,6.81
Alfie Mawson,Swansea,38,3420,2,1,0.5,0.1,0.6,0.3,-,0.4,0.3,6.81
Mason Holgate,Everton,13(2),1183,-,-,0.4,0.5,0.5,0.8,0.1,0.2,0.7,6.81
Marvin Zeegelaar,Watford,12,995,-,1,-,0.6,1.3,0.8,-,0.8,0.9,6.81
Ragnar Klavan,Liverpool,16(3),1449,1,-,0.1,0.2,0.2,0.6,-,0.1,0.4,6.81
Mark Noble,West Ham,28(1),2405,4,-,0.5,0.7,0.7,1.6,0.1,0.8,0.8,6.81
Mamadou Sakho,Crystal Palace,18(1),1599,1,2,0.2,0.1,0.3,0.5,-,0.2,0.6,6.81
Cheikhou Kouyaté,West Ham,32(1),2803,2,3,0.7,0.5,0.6,1.2,0.2,0.9,1.5,6.80
Marc Albrighton,Leicester,30(4),2544,2,7,0.6,1.4,1.5,0.8,0.1,1.1,1.4,6.80
Gerard Deulofeu,Watford,5(2),438,1,-,1.1,1.6,2.4,0.7,0.1,1,2.3,6.80
Andreas Christensen,Chelsea,23(4),2071,-,-,0.4,0.1,0.2,0.5,-,-,0.3,6.80
Alberto Moreno,Liverpool,14(2),1264,-,-,0.8,0.9,0.4,1.2,-,0.3,0.4,6.80
Yohan Cabaye,Crystal Palace,28(3),2389,-,1,1.2,1.4,0.3,0.7,-,0.9,1.2,6.80
Patrick van Aanholt,Crystal Palace,25(3),2186,5,1,1.2,0.6,0.9,0.4,0.1,0.6,1.3,6.80
Jack Stephens,Southampton,22,1980,2,-,0.5,0.2,0.8,0.5,0.1,0.2,0.5,6.79
Dale Stephens,Brighton,36,3240,-,3,0.5,0.5,0.5,0.5,-,0.5,0.8,6.79
Héctor Bellerín,Arsenal,34(1),3051,2,3,0.8,0.9,0.7,0.2,0.1,0.9,1.1,6.79
Chris Wood,Burnley,20(4),1634,10,1,1.6,0.5,0.3,0.7,1.1,1.5,2.4,6.79
Ciaran Clark,Newcastle United,19(1),1745,2,1,0.6,0.2,0.2,0.7,-,0.1,0.4,6.79
Georginio Wijnaldum,Liverpool,27(6),2387,1,2,1.2,0.7,1.3,0.5,0.1,1.1,1,6.79
Anthony Knockaert,Brighton,27(6),2427,3,1,1.4,1,1.8,0.7,0.2,0.9,1.4,6.79
Bernardo Mota Veiga de Carvalho e Silva,Manchester City,15(20),1520,6,4,0.7,0.9,0.8,0.8,-,0.7,0.8,6.79
James Milner,Liverpool,16(16),1764,-,3,0.7,1.1,0.4,0.7,-,0.7,0.7,6.78
Dusan Tadic,Southampton,34(2),2813,6,3,1.1,1.6,1.5,1.4,0.3,1.9,2.1,6.78
Olivier Giroud,Chelsea,6(7),610,3,1,2.3,1,0.2,0.5,0.2,0.7,1.8,6.78
Jonny Evans,West Bromwich Albion,26(2),2273,2,2,0.4,0.3,0.4,1,-,0.2,0.4,6.78
Steve Mounie,Huddersfield,21(7),1858,7,1,1.8,0.6,0.5,0.6,0.8,2.1,2,6.78
Salomón Rondón,West Bromwich Albion,32(4),2772,7,3,2.2,0.6,1.3,1.5,0.8,3,3.5,6.78
Adrián,West Ham,19,1710,-,-,-,-,-,0.2,-,-,-,6.78
Steven Defour,Burnley,24,2009,1,1,0.8,0.8,0.5,0.3,-,0.3,1,6.77
Calum Chambers,Arsenal,10(2),869,-,-,0.8,0.2,0.6,0.4,-,0.5,0.8,6.77
Aleksandar Dragovic,Leicester,7(4),767,-,-,0.1,-,0.1,0.3,-,0.2,0.1,6.76
Daryl Janmaat,Watford,21(2),1822,3,-,1,0.5,0.4,0.2,-,0.4,0.6,6.76
Daniel Sturridge,Liverpool,5(4),431,2,1,2.3,1.4,1.1,1,0.2,1.2,1.3,6.76
Jonathan Hogg,Huddersfield,29(1),2408,-,-,0.4,0.3,0.3,1,-,0.6,0.8,6.76
Jack Butland,Stoke,35,3150,-,-,-,-,-,0.1,-,-,0.1,6.76
José Holebas,Watford,26(2),2382,-,4,0.6,1.4,0.8,0.6,-,0.8,1,6.76
Federico Fernandez,Swansea,30,2677,1,1,0.3,0.2,-,0.7,0.1,0.1,0.2,6.76
Mame Biram Diouf,Stoke,30(5),2602,6,2,1.7,0.6,0.3,1.1,0.7,1,1.5,6.76
Paul Dummett,Newcastle United,19(1),1603,-,-,0.2,0.3,-,0.6,-,0.1,0.2,6.76
Marcus Rashford,Manchester United,17(18),1810,7,5,1.7,0.6,1.3,0.5,0.3,0.9,1.3,6.76
Francisco Femenía Far,Watford,19(4),1715,1,1,0.4,0.8,1.1,0.9,0.1,0.6,1,6.76
Charlie Taylor,Burnley,10(1),949,-,-,-,0.4,0.7,1.1,-,0.3,0.9,6.75
DeAndre Yedlin,Newcastle United,31(3),2842,-,2,0.2,0.6,0.9,0.8,0.3,0.5,0.7,6.75
Angelo Ogbonna,West Ham,32,2880,1,-,0.3,0.2,0.3,0.5,-,0.1,0.3,6.75
Davy Pröpper,Brighton,35,3120,-,4,1,0.5,1.1,0.3,0.1,0.7,1.2,6.75
James McArthur,Crystal Palace,27(6),2434,5,1,0.9,0.6,0.8,0.8,-,1.3,1.5,6.75
Petr Cech,Arsenal,34,3040,-,-,-,-,0.1,0.1,-,-,-,6.75
Pablo Zabaleta,West Ham,37,3291,-,1,0.2,0.5,0.2,0.9,-,0.4,0.6,6.74
Danny Rose,Tottenham,9(1),802,-,1,0.7,1,1.1,2.4,-,0.8,1.4,6.74
Hugo Lloris,Tottenham,36,3240,-,-,-,-,-,0.1,-,-,-,6.74
Wayne Hennessey,Crystal Palace,27,2430,-,-,-,-,-,0.1,-,-,-,6.74
Jose Luis Mato Sanmartín,Newcastle United,19(11),1716,4,1,1.6,0.5,0.2,0.8,0.1,0.6,1.4,6.74
Cenk Tosun,Everton,12(2),991,5,-,1.4,1.1,0.3,0.8,0.6,0.9,2.4,6.74
Etienne Capoue,Watford,18(5),1542,1,-,1,0.3,0.6,0.7,-,0.8,0.3,6.74
Michel Vorm,Tottenham,1,90,-,-,-,-,-,-,-,-,-,6.74
Jack Cork,Burnley,38,3420,2,1,0.4,0.5,0.8,1.4,-,1.2,1.8,6.74
Will Hughes,Watford,11(4),995,2,3,0.8,1.1,0.5,1.4,0.1,1.5,1.3,6.74
João Mário,West Ham,12(1),1027,2,1,1.2,1.2,1.3,1.5,-,1.4,2.7,6.74
Ayoze Pérez,Newcastle United,28(8),2497,8,5,1.7,1,0.9,1.5,0.4,1.9,2.4,6.74
Mat Ryan,Brighton,38,3420,-,-,-,-,-,-,-,-,-,6.74
Matt Phillips,West Bromwich Albion,23(7),2097,2,2,0.9,1.1,1.5,0.4,0.4,1.5,1.6,6.73
Lewis Cook,Bournemouth,25(4),2239,-,2,0.6,1,1.7,0.7,-,1.3,1.3,6.73
Ilkay Gündogan,Manchester City,15(15),1510,4,1,1.2,0.7,0.9,0.6,-,0.7,1.1,6.73
Martin Dubravka,Newcastle United,12,1080,-,-,-,-,-,0.2,-,-,-,6.73
Adam Smith,Bournemouth,22(5),2069,1,3,0.5,0.8,1.1,1.4,-,0.6,1.1,6.73
Leighton Baines,Everton,22,1910,2,3,0.3,1.1,0.4,0.8,-,0.5,0.4,6.73
Andrew Surman,Bournemouth,20(5),1852,2,5,0.7,0.6,0.5,0.6,-,0.5,0.6,6.73
Erik Pieters,Stoke,30(1),2720,-,1,0.1,0.4,0.3,0.9,0.1,0.6,0.9,6.73
Dominic Calvert-Lewin,Everton,18(14),1876,4,6,1.3,0.6,0.7,0.8,0.5,1.3,2.2,6.72
Ryan Fraser,Bournemouth,23(3),2010,5,3,1.2,1.6,0.4,1.7,-,0.7,1.4,6.71
Mathias Jorgensen,Huddersfield,38,3420,-,2,0.3,0.2,0.1,0.2,0.1,-,0.3,6.71
Jonjo Shelvey,Newcastle United,25(5),2269,1,3,1.4,1.4,0.8,0.3,-,0.6,0.8,6.70
Sam Byram,West Ham,2(3),247,-,-,0.8,0.4,0.4,0.2,0.2,-,1,6.70
Bruno,Brighton,23(2),2018,-,-,0.1,0.4,0.6,0.3,-,0.3,0.5,6.70
Ashley Williams,Everton,20(4),1835,1,-,0.5,0.1,0.1,0.2,0.1,-,0.2,6.70
Alex Pritchard,Huddersfield,12(2),1003,1,1,1.4,1.5,1,1.6,0.1,1.7,2,6.70
Loris Karius,Liverpool,19,1710,-,-,-,-,-,0.2,-,0.1,-,6.70
Kieran Gibbs,West Bromwich Albion,32(1),2831,-,1,0.3,0.7,0.7,0.3,-,0.5,0.6,6.69
Scott Dann,Crystal Palace,16(1),1435,1,-,1.1,0.3,0.4,0.2,0.1,0.1,0.2,6.69
Rob Holding,Arsenal,9(3),820,-,-,0.1,0.2,0.4,0.4,-,0.5,0.6,6.69
Andy Carroll,West Ham,7(9),748,3,-,1.8,0.4,0.6,0.9,0.4,0.6,1.3,6.69
Aaron Cresswell,West Ham,35(1),3073,1,7,0.6,0.9,0.1,0.4,0.1,0.6,0.7,6.69
Ederson,Manchester City,37,3197,-,-,-,-,-,0.2,-,-,0.1,6.68
Toby Alderweireld,Tottenham,13(1),1177,-,-,0.7,0.2,0.4,0.1,-,-,0.3,6.68
Sofiane Boufal,Southampton,11(15),1215,2,2,1.2,0.8,2.3,1.1,0.1,1.6,1.5,6.68
Leroy Fer,Swansea,15(5),1399,1,1,0.6,0.5,1.3,1.3,0.1,1,1.4,6.67
Geoff Cameron,Stoke,17(3),1526,-,-,0.3,0.3,0.7,0.4,-,0.6,0.9,6.67
Jan Bednarek,Southampton,5,428,1,-,0.2,-,-,0.2,-,-,0.2,6.67
Per Mertesacker,Arsenal,4(2),365,1,-,0.3,-,-,0.7,-,0.2,0.3,6.67
Michael Carrick,Manchester United,1(1),109,-,-,1,0.5,1,0.5,-,1,-,6.67
Boaz Myhill,West Bromwich Albion,1,90,-,-,-,-,-,-,-,-,-,6.66
Tom Cleverley,Watford,22(1),1905,1,2,0.7,1.3,0.2,1.1,-,0.7,0.9,6.66
Pedro,Chelsea,17(14),1524,4,2,1.8,0.8,1.1,0.6,0.5,0.8,1.3,6.66
Victor Lindelöf,Manchester United,13(4),1284,-,-,0.1,0.1,0.2,0.5,-,0.1,0.2,6.66
Ryan Bertrand,Southampton,35,3137,-,4,0.6,1,0.5,0.9,-,0.6,1,6.66
Jeffrey Schlupp,Crystal Palace,21(3),1748,-,1,0.6,0.5,0.5,0.3,-,1.3,0.9,6.66
Karl Darlow,Newcastle United,10,900,-,-,-,-,-,0.1,-,-,-,6.66
Ainsley Maitland-Niles,Arsenal,8(7),909,-,-,0.3,0.5,1.3,0.3,-,0.9,1.2,6.65
Marcos Rojo,Manchester United,8(1),642,-,-,0.6,0.2,0.4,0.4,-,0.1,0.1,6.65
Konstantinos Stafylidis,Stoke,4(1),335,-,-,0.8,0.4,0.4,1,0.2,0.8,0.4,6.65
Jordon Ibe,Bournemouth,22(10),2002,2,6,1.7,1.1,1.2,1.3,0.1,1.6,1.4,6.65
Willy Caballero,Chelsea,3,270,-,-,-,-,-,-,-,-,-,6.65
Adrian Mariappa,Watford,24(4),2209,-,-,0.4,0.1,0.1,0.6,-,0.1,0.1,6.65
Charlie Daniels,Bournemouth,34(1),3005,1,3,0.6,0.9,0.4,0.5,-,0.5,1.1,6.64
Emerson,Chelsea,3(2),279,-,1,0.4,0.2,1,1,-,0.4,0.8,6.64
Molla Wagué,Watford,5(1),440,1,-,0.5,-,-,0.2,-,-,0.2,6.64
Victor Wanyama,Tottenham,8(10),839,1,-,0.7,0.3,1,0.5,-,0.7,0.7,6.64
André Ayew,Swansea,10(2),951,-,2,1.1,1,0.8,1.6,0.3,2.1,1.7,6.64
Heurelho da Silva Gomes,Watford,24,2129,-,-,-,-,-,0.1,-,-,0.1,6.64
Oumar Niasse,Everton,10(12),1083,8,2,1.7,0.5,0.9,0.7,0.9,1.1,2.9,6.64
Nathan Redmond,Southampton,22(9),1947,1,3,1.4,1.4,1.8,0.6,0.1,1.4,1.2,6.64
Steven Davis,Southampton,17(6),1521,3,-,0.6,0.8,0.4,0.3,0.1,0.7,0.7,6.64
Wayne Rooney,Everton,27(4),2284,10,2,1.5,1.1,0.3,0.6,0.3,1.8,1.2,6.64
Matty James,Leicester,11(2),995,-,-,0.8,0.2,0.6,0.4,-,0.4,1.1,6.63
Scott Arfield,Burnley,15(3),1337,2,1,1,0.4,0.8,0.8,0.1,0.8,1.2,6.63
Moritz Bauer,Stoke,15,1309,-,-,0.2,0.9,0.8,1.3,0.1,0.6,1.1,6.63
Jordan Pickford,Everton,38,3420,-,-,-,0.1,-,0.2,-,-,-,6.63
Thibaut Courtois,Chelsea,35,3150,-,-,-,-,-,0.1,-,-,-,6.63
Julian Speroni,Crystal Palace,11,990,-,-,-,-,0.1,-,-,-,-,6.63
José Izquierdo,Brighton,23(9),1989,5,3,1.6,0.7,0.9,0.4,0.4,0.7,1.6,6.62
Grzegorz Krychowiak,West Bromwich Albion,20(7),1643,-,2,0.6,0.5,0.7,1.4,-,0.7,0.6,6.62
Winston Reid,West Ham,17,1454,-,-,0.3,0.2,-,0.9,-,0.2,0.4,6.62
Jay Rodriguez,West Bromwich Albion,31(6),2824,7,1,1.9,0.6,0.8,0.8,0.5,1.7,2.2,6.62
Guido Carrillo,Southampton,5(2),452,-,1,1.6,0.6,0.4,0.3,0.1,0.3,1.7,6.62
André Carrillo,Watford,16(12),1537,1,2,0.9,0.7,2.1,0.5,0.1,1.5,1.8,6.62
Matteo Darmian,Manchester United,5(3),444,-,-,0.3,0.1,0.1,0.1,-,0.3,0.4,6.61
Kyle Bartley,Swansea,2(3),234,-,-,0.4,0.4,-,0.2,-,0.2,-,6.61
Troy Deeney,Watford,20(9),1842,5,2,1.2,0.9,0.1,0.6,0.6,1,0.8,6.61
Wes Morgan,Leicester,32,2818,-,-,0.4,0.2,0.3,0.4,-,0.3,0.2,6.61
Pierre-Emile Højbjerg,Southampton,19(4),1671,-,-,0.7,0.6,0.9,1.3,-,1,1.4,6.61
Davide Zappacosta,Chelsea,12(10),1096,1,1,1.1,0.6,0.6,0.5,0.2,0.8,1,6.61
Craig Cathcart,Watford,5(2),495,-,-,0.3,-,0.1,0.1,-,-,-,6.61
Kasper Schmeichel,Leicester,33,2966,-,-,-,-,0.1,0.2,-,-,-,6.61
Sung-yueng Ki,Swansea,21(4),1870,2,2,0.8,0.8,0.3,0.7,-,0.3,0.5,6.61
Ander Herrera,Manchester United,13(13),1262,-,2,0.5,0.4,0.4,1.1,0.1,0.6,0.5,6.60
Solomon March,Brighton,18(18),1844,1,1,0.8,0.6,1.3,0.6,0.2,1.2,1,6.60
Tomer Hemed,Brighton,9(7),848,2,2,1.1,0.2,0.4,0.8,0.4,1,1.1,6.60
Gaëtan Bong,Brighton,25,2238,-,-,0.2,0.4,0.6,0.5,-,0.4,0.8,6.59
Glenn Murray,Brighton,25(10),2198,12,-,1.5,0.5,0.2,1.4,1,1.1,2.1,6.59
James Ward-Prowse,Southampton,20(10),1717,3,3,0.9,1.2,0.2,0.4,-,0.4,0.7,6.58
Aaron Lennon,Burnley,13(1),1125,-,2,0.7,0.5,0.7,0.9,0.1,1.6,0.6,6.58
Javier Hernández Balcázar,West Ham,16(12),1544,8,-,1,0.8,0.8,1.8,0.5,1.4,1.4,6.58
Danny Simpson,Leicester,27(1),2313,-,-,0.1,0.1,0.4,0.4,-,0.4,0.5,6.58
Dan Gosling,Bournemouth,21(7),1944,2,1,0.8,0.6,0.6,0.9,0.1,1.1,1.2,6.58
Shinji Okazaki,Leicester,17(10),1330,6,2,1,0.6,0.6,1,0.3,1.1,1.3,6.58
Laurent Depoitre,Huddersfield,18(15),1811,6,1,0.8,0.4,0.4,0.5,0.2,1.2,1.8,6.58
Allan-Roméo Nyom,West Bromwich Albion,25(4),2309,-,1,0.1,0.5,0.3,0.7,-,0.7,0.8,6.57
Cédric Ricardo Alves Soares,Southampton,32,2797,-,3,0.7,0.8,0.2,0.6,0.1,0.7,1.1,6.57
Timothy Fosu-Mensah,Crystal Palace,17(4),1594,-,-,0.4,0.3,0.5,0.6,-,0.3,0.7,6.57
Ashley Barnes,Burnley,21(15),2159,9,-,1.7,0.5,0.4,2,0.7,1.2,2.1,6.57
Eliaquim Mangala,Manchester City,4(5),483,-,-,0.1,0.1,0.2,-,-,0.6,0.1,6.57
Gareth Barry,West Bromwich Albion,22(3),1927,1,1,0.6,0.7,0.4,1.2,-,0.7,0.9,6.57
Morgan Schneiderlin,Everton,24(6),2129,-,-,0.2,0.2,0.2,0.6,-,0.4,0.9,6.57
Jonas Lössl,Huddersfield,38,3420,-,1,-,0.1,0.1,0.2,-,-,0.1,6.57
Sebastian Prödl,Watford,17(4),1568,-,-,0.4,0.1,-,0.4,0.1,-,0.2,6.54
Rajiv van La Parra,Huddersfield,26(7),2146,3,-,1.3,0.4,2.1,1.4,0.1,1.7,2.3,6.54
Callum Wilson,Bournemouth,23(5),1991,8,2,1.9,0.7,0.6,1.3,0.7,1.7,2.1,6.53
Sam Clucas,Swansea,23(6),2045,3,1,0.7,0.5,0.2,0.5,0.1,0.8,0.8,6.53
Shane Long,Southampton,15(15),1580,2,1,1.1,0.7,0.3,1.3,0.5,1,1.5,6.53
Jake Livermore,West Bromwich Albion,30(4),2675,2,2,0.4,0.6,0.6,0.4,-,0.8,0.9,6.53
Isaac Hayden,Newcastle United,15(11),1372,1,-,0.5,0.4,0.2,0.5,-,0.9,0.4,6.53
Charlie Austin,Southampton,10(14),1030,7,-,2,0.2,0.1,0.7,0.6,0.8,1.3,6.53
Alex McCarthy,Southampton,18,1620,-,-,-,-,-,0.1,-,-,-,6.53
Kevin Wimmer,Stoke,14(3),1322,-,-,0.1,0.2,0.1,0.4,-,0.1,-,6.52
Asmir Begovic,Bournemouth,38,3420,-,-,-,-,-,0.2,-,-,-,6.52
Erik Lamela,Tottenham,7(18),832,2,2,0.8,0.6,0.9,0.6,0.1,0.8,1,6.52
Tom Carroll,Swansea,28(9),2570,-,4,0.5,1.2,0.4,0.5,-,0.6,1,6.52
Danny Welbeck,Arsenal,12(16),1185,5,2,1.1,0.5,0.5,0.7,0.1,0.9,1.1,6.52
Chris Löwe,Huddersfield,19(4),1594,-,-,0.3,0.2,0.2,0.3,-,0.3,0.5,6.51
Fraser Forster,Southampton,20,1800,-,-,-,-,-,0.1,-,-,0.2,6.51
Tommy Smith,Huddersfield,21(3),1908,-,1,0.3,0.6,0.4,0.8,0.1,0.4,0.8,6.51
Roberto Pereyra,Watford,18(14),1622,5,2,1,0.8,1,0.8,0.1,1,1.6,6.51
Miguel Britos,Watford,10(2),798,1,-,0.3,0.3,0.2,0.5,-,0.1,0.4,6.50
Yaya Touré,Manchester City,1(9),228,-,2,0.5,0.7,0.4,-,-,0.1,0.1,6.50
Christian Atsu,Newcastle United,19(9),1782,2,2,1.3,0.9,1,0.9,0.2,1.4,1.3,6.50
Florent Hadergjonaj,Huddersfield,19(4),1673,-,1,0.3,1.1,0.7,0.5,0.2,0.2,0.5,6.50
Ben Foster,West Bromwich Albion,37,3330,-,-,-,0.1,0.1,0.1,-,-,0.1,6.50
Javier Manquillo,Newcastle United,20(1),1759,-,1,0.1,0.5,0.6,0.6,0.1,0.5,0.9,6.49
Dwight Gayle,Newcastle United,23(12),1961,6,3,1.6,0.6,0.3,0.8,0.6,0.7,1.5,6.49
Thomas Edwards,Stoke,6,483,-,-,0.2,0.2,0.5,0.3,-,-,1,6.49
Wilfried Bony,Swansea,8(7),705,2,-,1.3,0.3,0.7,0.7,0.1,1.1,1.6,6.49
Harry Winks,Tottenham,9(7),772,-,1,0.2,0.6,0.5,0.4,-,0.6,1.1,6.49
Declan Rice,West Ham,15(11),1424,-,-,0.2,0.1,0.1,0.1,-,0.1,0.2,6.49
Nordin Amrabat,Watford,3,200,-,-,0.3,1,0.7,0.7,0.7,2.3,1.3,6.49
Simon Mignolet,Liverpool,19,1710,-,-,-,-,0.1,0.1,-,-,-,6.49
Darren Fletcher,Stoke,25(2),2223,1,1,0.4,0.9,0.6,0.9,-,0.7,0.9,6.48
Lucas Rodrigues Moura da Silva,Tottenham,2(4),208,-,1,0.8,1,1,1.2,-,1.7,1,6.48
Scott McTominay,Manchester United,7(6),630,-,-,0.1,0.2,0.4,1.2,-,0.8,0.5,6.48
Philip Billing,Huddersfield,8(8),760,-,-,0.4,0.1,0.3,0.4,0.1,0.4,0.5,6.48
Kelechi Iheanacho,Leicester,7(14),827,3,3,1.4,0.5,0.6,0.4,0.2,0.7,1.2,6.48
Daniel Drinkwater,Chelsea,5(7),522,1,-,0.5,0.4,0.3,0.3,-,0.2,0.3,6.48
James Morrison,West Bromwich Albion,2(2),206,1,-,1,0.8,0.5,0.3,-,0.5,0.5,6.48
Harry Arter,Bournemouth,11(2),962,1,-,0.8,0.2,0.3,1.2,-,0.6,0.6,6.47
Sam Field,West Bromwich Albion,8(3),541,1,-,0.5,0.4,0.3,0.6,-,1,0.8,6.47
Mohamed Naser El Sayed Elneny,Arsenal,11(2),870,-,1,0.6,0.8,0.2,0.5,0.1,0.6,0.5,6.47
Fousseni Diabaté,Leicester,5(9),583,-,1,0.4,0.5,1.1,1,0.1,1.2,1.3,6.47
Renato Júnior Luz Sanches,Swansea,9(3),704,-,-,1,0.5,2.1,1.7,-,2.1,0.9,6.47
Moussa Sissoko,Tottenham,15(18),1396,1,1,0.6,0.8,0.5,0.2,0.1,0.5,0.6,6.46
Tom Heaton,Burnley,4,306,-,-,-,-,-,-,-,-,-,6.46
Sam Vokes,Burnley,7(23),980,4,1,1.1,0.3,-,0.5,0.4,0.5,1,6.46
Markus Suttner,Brighton,13(1),1178,-,-,0.2,0.4,0.1,0.1,-,0.1,0.4,6.46
Elias Kachunga,Huddersfield,17(2),1338,1,1,0.6,0.5,0.7,1.7,0.3,1.6,1.3,6.46
Ramadan Sobhi,Stoke,12(12),1234,2,-,0.5,0.6,1.3,0.5,0.1,0.8,1.1,6.46
Olivier Giroud,Arsenal,1(15),375,4,-,1.1,0.4,0.1,0.1,0.1,0.3,0.8,6.46
Tom Ince,Huddersfield,27(6),2456,2,-,2.1,0.5,0.8,1.1,0.3,0.9,1.8,6.45
Demarai Gray,Leicester,17(18),1693,3,1,1,0.8,1.1,0.9,0.1,0.8,1.1,6.45
Claudio Yacob,West Bromwich Albion,9(7),902,-,-,0.5,0.1,0.1,0.8,-,0.4,0.6,6.44
Reiss Nelson,Arsenal,2(1),146,-,-,0.7,0.3,0.3,0.7,-,0.3,1.7,6.44
Martin Kelly,Crystal Palace,12(3),1196,-,-,0.3,0.1,0.1,0.3,-,0.1,0.2,6.43
Aleksandar Mitrovic,Newcastle United,0(6),89,1,-,0.7,0.5,0.3,0.8,0.2,0.5,0.3,6.43
Jesé,Stoke,8(5),617,1,1,1,0.7,1.2,0.4,0.1,1.2,1.1,6.43
Bruno Martins Indi,Stoke,14(3),1246,-,-,0.2,0.2,-,0.4,0.1,-,0.2,6.43
Sullay Kaikai,Crystal Palace,0(1),13,-,-,-,-,2,-,-,-,1,6.42
André Ayew,West Ham,9(9),892,3,2,0.7,0.2,0.7,0.9,0.2,0.9,0.6,6.42
Ashley Westwood,Burnley,12(7),1108,-,1,0.4,0.4,0.1,0.5,-,0.3,0.3,6.41
Tom Davies,Everton,20(13),1905,2,1,0.6,0.3,0.8,1.3,0.1,1.2,1.5,6.41
Bakary Sako,Crystal Palace,4(12),469,3,-,1.1,0.4,0.4,0.4,0.3,0.8,1.1,6.41
Andy King,Swansea,9(2),719,2,-,0.7,0.4,0.1,0.5,-,0.3,0.2,6.41
Tammy Abraham,Swansea,15(16),1721,5,1,1.4,0.4,0.9,0.9,0.3,1.6,1.6,6.41
Dominic Solanke,Liverpool,5(16),583,1,1,1,0.7,0.4,0.1,-,0.8,1.6,6.40
Connor Goldson,Brighton,2(1),199,-,-,1,-,-,0.7,-,-,-,6.40
Adrien Sebastian Perruchet Silva,Leicester,9(3),763,-,1,0.9,0.6,0.5,0.7,-,1.3,1.5,6.40
Ezequiel Schelotto,Brighton,15(5),1316,-,-,0.3,0.3,0.8,0.6,-,0.6,0.7,6.39
Edimilson Fernandes,West Ham,9(5),846,-,1,0.5,0.5,0.7,0.8,-,0.4,1.4,6.39
Collin Quaner,Huddersfield,13(13),1273,-,4,0.6,0.7,0.9,1,0.1,1.3,1.4,6.39
Daniel Amartey,Leicester,6(2),488,-,-,-,-,0.5,0.9,-,0.5,0.4,6.39
Michy Batshuayi,Chelsea,3(9),353,2,1,1.1,0.1,0.4,0.3,0.5,0.8,1.3,6.38
James McClean,West Bromwich Albion,14(16),1397,1,-,1,0.6,0.8,0.4,0.2,0.9,1,6.38
Scott Malone,Huddersfield,12(10),1118,-,1,0.4,0.5,0.7,0.4,-,0.5,1,6.38
Jermain Defoe,Bournemouth,11(13),1085,4,1,1.1,0.5,0.1,0.3,0.4,0.7,0.9,6.38
Callum Hudson-Odoi,Chelsea,0(2),27,-,-,1,-,2.5,-,-,-,2,6.38
Liam Rosenior,Brighton,1(2),163,-,-,0.7,-,-,-,-,-,-,6.38
Ross Barkley,Chelsea,2,131,-,-,1,1,2.5,0.5,-,1.5,1,6.37
Uwe Hünemeier,Brighton,0(1),17,-,-,-,-,-,-,-,-,-,6.37
Stefano Okaka,Watford,3(12),446,1,1,0.7,0.3,0.9,0.6,0.3,1.5,1.3,6.37
Ramiro Funes Mori,Everton,1(3),121,-,-,0.3,-,-,0.5,-,0.3,-,6.37
Nikola Vlasic,Everton,7(5),577,-,-,0.4,1,1.1,0.6,0.1,1,2.3,6.36
Connor Roberts,Swansea,3(1),268,-,-,-,-,-,1.8,-,-,-,6.36
Aaron Lennon,Everton,9(6),795,-,-,0.3,0.3,0.3,0.5,-,0.7,0.7,6.36
Danny Williams,Huddersfield,11(9),1118,-,-,0.6,0.2,0.5,0.8,0.1,0.5,1.1,6.35
Orestis Karnezis,Watford,14(1),1291,-,-,-,-,-,0.1,-,-,0.1,6.34
Charles Musonda Junior,Chelsea,0(3),35,-,1,0.7,0.3,0.3,0.3,-,1,0.3,6.34
Yannick Bolasie,Everton,11(5),856,1,-,1.2,0.3,1.1,0.7,0.3,1.6,1.9,6.34
Andy King,Leicester,5(6),536,1,-,0.5,0.2,0.1,0.5,0.1,-,0.5,6.33
Jeff Hendrick,Burnley,29(5),2343,2,2,0.7,0.8,0.7,0.5,0.5,1,1.3,6.33
Daniel Ings,Liverpool,3(5),265,1,-,1,0.4,0.1,0.4,0.4,0.8,1.4,6.33
Martin Olsson,Swansea,36,3154,-,1,0.5,0.4,0.3,0.7,0.1,0.7,1.3,6.32
Luciano Narsingh,Swansea,5(13),619,1,-,0.5,0.6,0.9,0.6,0.2,0.8,1,6.32
Jairo Riedewald,Crystal Palace,4(8),436,-,-,0.1,-,0.3,-,-,0.3,0.3,6.32
Kasey Palmer,Huddersfield,1(3),169,-,-,0.5,0.3,0.8,0.3,-,1.3,1,6.32
Nacer Chadli,West Bromwich Albion,2(3),216,1,-,0.8,0.4,0.2,-,-,0.8,0.8,6.32
Ademola Lookman,Everton,1(6),154,-,1,0.4,0.3,1.1,0.4,-,0.6,1.3,6.31
Rekeem Harper,West Bromwich Albion,0(1),20,-,-,-,2,-,-,-,-,1,6.31
Charlie Adam,Stoke,5(6),409,-,-,0.9,0.5,1.1,0.7,-,0.5,0.5,6.31
Marc Pugh,Bournemouth,11(9),983,-,-,1,0.5,1,0.5,0.1,1,1.3,6.31
Manolo Gabbiadini,Southampton,11(17),1076,5,-,0.8,0.3,0.2,0.3,0.4,0.3,0.5,6.30
Phil Foden,Manchester City,0(5),45,-,1,-,0.4,0.6,0.6,-,-,0.4,6.30
Konstantinos Mavropanos,Arsenal,3,195,-,-,-,-,0.3,1,-,-,-,6.30
Abdelhamid Sabiri,Huddersfield,2(3),221,-,1,1,0.6,0.2,0.8,0.2,0.2,1.2,6.30
Jacob Murphy,Newcastle United,13(12),1145,1,1,0.9,0.4,1.4,0.4,-,1.2,1.4,6.29
Patrice Evra,West Ham,3(2),229,-,-,-,-,0.6,0.4,0.2,1,-,6.29
Ben Watson,Watford,6(2),459,-,-,0.1,0.4,-,0.6,-,0.3,0.8,6.29
Lys Mousset,Bournemouth,4(19),585,2,-,1,0.2,0.8,0.4,-,0.7,1,6.29
Hal Robson-Kanu,West Bromwich Albion,8(13),822,2,-,0.9,0.4,0.7,1.2,0.3,1.3,1.5,6.28
Roque Mesa,Swansea,9(2),758,-,-,0.6,0.5,0.5,0.9,-,0.4,0.6,6.28
Nathan Dyer,Swansea,16(8),1313,-,-,0.4,0.4,1,0.8,-,1.2,1.7,6.28
Joshua Sims,Southampton,1(5),161,-,-,1.8,0.2,0.3,0.2,0.3,1,0.7,6.28
Nathaniel Clyne,Liverpool,2(1),174,-,-,0.7,0.3,-,-,-,0.7,1.3,6.27
Leonardo Ulloa,Brighton,2(8),262,1,-,0.2,0.7,0.3,0.3,0.4,0.9,2.1,6.27
Hamza Choudhury,Leicester,4(4),377,-,1,0.3,0.1,-,0.6,-,0.3,0.5,6.27
Joe Hart,West Ham,19,1710,-,1,-,0.1,0.1,0.1,-,-,-,6.27
Rolando Aarons,Newcastle United,1(3),137,-,-,0.5,-,1,0.8,0.3,1.5,1,6.26
Beram Kayal,Brighton,8(11),740,-,-,0.2,0.6,0.3,0.8,0.1,0.4,0.4,6.26
Leon Britton,Swansea,4(1),305,-,-,-,-,-,0.2,-,0.6,0.4,6.26
Damien Delaney,Crystal Palace,1(1),95,-,-,-,-,0.5,-,-,-,0.5,6.26
Oliver McBurnie,Swansea,2(9),269,-,1,0.5,0.1,0.1,0.4,-,0.6,1.1,6.26
James McCarthy,Everton,3(1),207,-,-,0.3,0.3,0.8,0.5,-,0.3,0.8,6.25
Lee Grant,Stoke,3,270,-,-,-,-,-,-,-,-,-,6.25
Oliver Burke,West Bromwich Albion,2(13),358,-,2,0.3,0.3,0.9,0.3,-,0.9,1.1,6.25
Levi Lumeka,Crystal Palace,0(1),25,-,-,1,-,1,-,-,1,1,6.25
Glen Johnson,Stoke,7(2),550,-,-,0.2,0.4,0.3,0.6,-,0.7,0.4,6.25
Andre Gray,Watford,16(15),1499,5,2,1.1,0.6,0.1,0.2,0.4,0.7,1.6,6.24
Muhamed Besic,Everton,0(2),46,-,-,-,0.5,-,1,-,1,-,6.24
Ethan Ampadu,Chelsea,0(1),10,-,-,-,-,-,-,-,-,-,6.23
Islam Slimani,Leicester,2(10),241,1,1,0.6,0.2,0.3,0.1,0.3,0.5,0.8,6.23
Gareth McAuley,West Bromwich Albion,5(4),456,-,-,-,-,0.1,0.2,-,-,0.2,6.23
Sam McQueen,Southampton,1(6),142,-,-,0.1,0.4,0.3,-,0.1,0.3,0.6,6.22
Adam Lallana,Liverpool,1(11),235,-,-,0.9,0.6,0.5,0.4,0.1,0.8,0.8,6.22
Martin Cranie,Huddersfield,2(1),180,-,-,-,-,0.3,-,-,-,0.7,6.21
Georges-Kévin Nkoudou,Burnley,2(6),224,-,-,0.5,0.1,0.8,0.8,-,1.6,0.6,6.21
Tyrone Mings,Bournemouth,3(1),203,-,-,0.3,0.3,0.3,0.3,-,0.3,0.3,6.20
Zlatan Ibrahimovic,Manchester United,1(4),103,-,-,0.8,0.4,-,0.2,0.4,0.4,0.2,6.20
Fernando Llorente,Tottenham,1(15),227,1,-,0.4,0.3,-,0.3,0.1,0.2,0.5,6.20
Dodi Lukebakio,Watford,0(1),16,-,-,1,2,-,-,-,-,1,6.19
Benik Afobe,Bournemouth,5(12),535,-,-,0.5,0.1,0.4,0.8,0.2,0.3,1.6,6.19
Islam Slimani,Newcastle United,1(3),131,-,-,-,1,0.8,0.8,-,1.5,1.8,6.18
Reece Oxford,West Ham,0(1),4,-,-,-,-,-,-,-,-,-,6.18
Kevin Mirallas,Everton,2(3),138,-,-,0.8,0.2,0.4,0.4,-,0.6,0.6,6.18
Isaiah Brown,Brighton,4(9),307,-,-,0.1,0.5,0.5,0.2,0.1,0.5,0.3,6.17
Angel Rangel,Swansea,2(2),155,-,-,-,0.3,-,-,-,0.3,1,6.16
Joe Lolley,Huddersfield,2(4),219,1,-,0.5,0.2,0.5,0.3,-,1,1.3,6.15
Josh Cullen,West Ham,0(2),6,-,-,-,-,-,-,-,-,-,6.15
Diafra Sakho,West Ham,0(14),296,2,-,0.6,0.1,0.1,0.4,0.4,0.9,1.3,6.14
Jürgen Locadia,Brighton,3(3),224,1,1,1,0.2,-,0.5,0.3,0.2,0.8,6.14
Ben Woodburn,Liverpool,0(1),6,-,-,-,-,-,-,-,-,-,6.14
Francis Coquelin,Arsenal,1(6),157,-,-,0.1,0.1,0.1,0.1,-,0.3,0.1,6.13
Wayne Routledge,Swansea,4(11),423,-,-,0.3,0.4,0.4,-,-,0.5,0.5,6.12
Davy Klaassen,Everton,3(4),251,-,-,0.3,0.3,-,0.3,0.1,0.1,0.6,6.12
Marko Grujic,Liverpool,0(3),14,-,-,-,0.3,-,-,-,0.3,-,6.12
Leonardo Ulloa,Leicester,0(4),19,-,-,0.3,0.3,0.8,-,-,0.8,0.3,6.12
Bojan,Stoke,1,72,-,-,1,1,1,3,-,2,1,6.11
Jerome Sinclair,Watford,0(4),29,-,-,-,0.3,0.5,-,-,-,0.3,6.11
Jordan Hugill,West Ham,0(3),22,-,-,-,-,0.3,0.3,-,0.7,-,6.11
Stephen Ireland,Stoke,1(3),128,-,-,0.8,0.3,0.3,0.3,-,0.3,-,6.10
Daniel Sturridge,West Bromwich Albion,2(4),116,-,-,0.5,0.5,0.5,0.2,0.2,-,1,6.10
Beni Baningime,Everton,1(7),194,-,-,-,-,0.1,0.1,-,0.1,0.1,6.10
Theo Walcott,Arsenal,0(6),64,-,-,-,-,0.2,-,0.8,0.2,-,6.09
Tyrese Campbell,Stoke,0(4),76,-,-,0.5,-,-,-,0.3,0.8,0.8,6.08
Brahim Díaz,Manchester City,0(5),50,-,-,0.6,-,0.2,0.8,-,0.4,0.8,6.08
Jamie Murphy,Brighton,1(3),166,-,-,0.3,0.3,0.3,1.3,0.3,0.5,0.8,6.08
Jason Puncheon,Crystal Palace,6(4),571,-,-,1,0.5,0.4,0.3,-,1.5,0.7,6.07
Saido Berahino,Stoke,3(12),486,-,1,0.7,0.2,0.1,0.3,0.3,0.6,0.8,6.06
Edward Nketiah,Arsenal,0(3),17,-,-,0.3,-,-,-,-,0.3,0.3,6.05
Pape Souaré,Crystal Palace,0(1),8,-,-,-,-,-,-,-,-,-,6.05
Joseph Willock,Arsenal,1(1),82,-,-,0.5,-,-,-,-,1,1,6.04
Massadio Haidara,Newcastle United,0(1),3,-,-,-,-,-,-,-,-,-,6.04
Jeremie Boga,Chelsea,1,18,-,-,-,-,-,-,-,-,1,6.03
Nahki Wells,Burnley,0(9),46,-,-,0.3,-,0.1,-,-,0.3,0.2,6.02
Dean Whitehead,Huddersfield,0(4),68,-,-,-,-,-,-,-,-,-,6.02
Sandro Ramírez,Everton,3(5),277,-,-,1.1,0.1,0.4,0.9,0.1,0.8,1.9,6.02
Harvey Barnes,Leicester,0(3),8,-,-,0.3,-,-,-,-,-,0.3,6.02
Emerson Hyndman,Bournemouth,1,59,-,-,-,1,-,-,-,-,3,6.01
Axel Tuanzebe,Manchester United,0(1),1,-,-,-,-,-,-,-,-,-,6.00
Dwight McNeil,Burnley,0(1),1,-,-,-,-,-,-,-,-,-,6.00
Georges-Kévin Nkoudou,Tottenham,0(1),1,-,-,-,-,-,1,-,-,-,6.00
Vincent Janssen,Tottenham,0(1),1,-,-,-,-,-,-,-,-,-,6.00
Ibrahim Afellay,Stoke,1(5),163,-,-,-,-,0.2,-,-,0.5,0.2,5.99
Chung-Yong Lee,Crystal Palace,1(6),132,-,-,0.1,0.3,0.3,0.3,-,0.4,0.6,5.98
Lukas Nmecha,Manchester City,0(2),14,-,-,-,-,-,-,-,1,-,5.98
Ben Hamer,Leicester,3(1),274,-,-,-,-,-,-,-,-,-,5.97
Jay Fulton,Swansea,0(2),17,-,-,-,-,-,-,-,-,0.5,5.97
Jonathan Walters,Burnley,0(3),37,-,-,0.3,-,-,0.3,-,0.7,0.7,5.92
Jack Simpson,Bournemouth,1,72,-,-,-,-,-,-,-,-,-,5.90
Sam Baldock,Brighton,0(2),30,-,-,-,-,-,-,-,0.5,1,5.89
Julien Ngoy,Stoke,0(1),19,-,-,-,-,-,-,-,-,-,5.89
Olayinka Fredrick Oladotun Ladapo,Crystal Palace,0(1),16,-,-,-,-,-,-,-,-,-,5.89
Michael Obafemi,Southampton,0(1),8,-,-,1,-,-,-,-,-,-,5.82
Michael Hefele,Huddersfield,0(2),32,-,-,-,-,-,-,-,-,-,5.81
Divock Origi,Liverpool,0(1),9,-,-,-,-,-,-,-,-,2,5.80
Josh Tymon,Stoke,2(1),163,-,-,-,-,0.3,-,-,0.7,1.7,5.79
Eliaquim Mangala,Everton,2,135,-,-,0.5,-,1,-,-,1,-,5.76
