name,team,Apps,Mins,Tackles,Inter,Fouls,Offsides,Clear,Drb,Blocks,OwnG,Rating
Adama Traoré,"Middlesbrough,",26(8),2247,0.8,0.5,1.2,-,0.3,0.4,-,-,7.79
Aleksandar Mitrovic,"Fulham,",15(2),1383,1,0.1,1.1,-,1.6,0.4,0.1,-,7.65
Curtis Davies,"Derby,",46,4133,1.6,2.7,0.6,0.3,8.6,0.5,0.8,-,7.59
Ashley Baker,Sheffield Wednesday,1,84,4,1,-,-,5,1,2,-,7.57
Sean Morrison,"Cardiff,",38(1),3330,1,1.6,1.3,0.3,7,0.4,0.8,-,7.56
Willy Boly,Wolverhampton,36,3200,2.3,2,1.2,0.1,5.4,0.4,0.5,-,7.52
Souleymane Bamba,"Cardiff,",43(3),3851,2.5,2.5,1.1,0.3,6.5,0.7,0.8,1,7.51
Mark Bunn,Aston,1,90,-,-,-,-,2,-,-,-,7.48
Armand Traore,"Cardiff,",3(1),249,0.5,2.8,0.8,-,2,0.5,-,-,7.45
James Maddison,"Norwich,",42(2),3643,1.1,0.5,0.9,-,0.3,0.8,-,-,7.43
Barry Douglas,Wolverhampton,38(1),3393,2.1,1,1.3,-,1.7,1.1,0.1,-,7.41
Shaun Hutchinson,"Millwall,",46,4140,1.5,1.8,0.9,0.5,7.8,0.7,0.8,-,7.40
Robert Snodgrass,Aston,38(2),3159,1.4,0.4,1.4,-,0.6,1.9,0.1,-,7.40
Harry Wilson,"Hull,",11(2),996,1.1,0.7,0.5,-,0.6,1.1,0.1,-,7.37
Joe Bryan,Bristol,42(1),3740,2.9,1.8,1,0.1,3.1,1,0.3,-,7.34
George Saville,"Millwall,",44,3947,2.9,1.3,2.1,-,1.3,1.6,0.5,-,7.32
Dean Gerken,"Ipswich,",1,90,-,-,-,-,1,-,-,-,7.32
Massimo Luongo,Queens,38(1),3389,3.8,1.5,1.5,-,1.6,1.9,0.3,-,7.32
Diogo José Teixeira da Silva,Wolverhampton,43(1),3632,1.1,0.4,1.6,-,0.5,1.6,-,-,7.32
Luke Freeman,Queens,43(2),3849,1.6,0.8,1.4,-,0.6,1,0.1,-,7.31
Joe Lolley,Nottingham,13(3),1114,2.6,0.8,0.9,-,0.5,0.7,0.1,-,7.31
Tom Cairney,"Fulham,",30(4),2796,1.1,0.4,0.6,-,0.6,0.6,0.1,-,7.30
Kieffer Moore,"Barnsley,",16(4),1474,0.5,0.4,1.9,-,1.6,0.5,0.1,-,7.29
Joe Ralls,"Cardiff,",37,3321,2.4,1.3,1.5,-,1.4,1.1,0.2,-,7.29
David Junior Hoilett,"Cardiff,",44(2),3808,1.5,0.9,1.3,-,0.4,1,-,-,7.28
Oliver McBurnie,"Barnsley,",16(1),1420,1.6,0.4,1.1,-,0.6,1.2,-,-,7.26
Matt Targett,"Fulham,",17(1),1465,2.2,0.9,0.8,0.3,2.9,1,0.2,-,7.26
Gary Madine,"Bolton,",28,2470,0.2,0.1,2.3,-,1.3,0.3,0.1,-,7.26
Ethan Pinnock,"Barnsley,",9(3),940,1.6,2.1,0.6,0.4,5.8,0.7,0.6,-,7.25
Thomas Spurr,"Preston,",5,430,0.6,2,1.2,0.2,8.4,0.4,1,-,7.25
Bruno Ecuele Manga,"Cardiff,",35(3),3183,2.4,2.3,0.9,0.4,6.3,0.8,0.4,-,7.25
Adam Webster,"Ipswich,",25(3),2287,1.3,2,0.7,1,6.8,0.4,0.8,-,7.24
Matt Ingram,Queens,2,140,-,-,1,-,2,-,-,-,7.24
Oliver Watkins,"Brentford,",39(6),3531,0.7,0.4,0.6,-,0.6,0.7,0.1,-,7.24
Sammy Ameobi,"Bolton,",33(2),2910,2.2,1,1.7,-,0.8,1.3,0.1,-,7.23
Abel Hernández,"Hull,",8(2),688,0.4,-,0.6,-,-,0.1,-,-,7.23
Tommy Elphick,Aston,3(1),277,0.5,1.3,1,0.5,7.5,-,1.5,-,7.22
Jack Grealish,Aston,19(8),1860,1,0.4,0.7,-,0.2,0.4,-,-,7.22
Albert Adomah,Aston,34(5),2864,2.5,0.7,0.8,-,0.6,0.8,-,-,7.20
Rúben Diogo da Silva Neves,Wolverhampton,42,3622,2.3,1.7,1,-,1.2,1.7,0.4,-,7.20
Tom Clarke,"Preston,",14(4),1276,1.7,1,0.9,0.3,5.5,0.6,0.6,-,7.20
Luke Molyneux,"Sunderland,",1,90,1,1,-,-,-,-,-,-,7.20
Cyrus Christie,"Middlesbrough,",24(1),2122,1.7,1,1.5,0.2,3,0.6,0.3,-,7.20
Shaun Williams,"Millwall,",30(5),2758,1.7,1.2,1.3,-,1.6,1.6,0.2,-,7.17
Cameron Borthwick-Jackson,"Leeds,",1,82,2,-,1,-,2,1,1,-,7.17
Aden Flint,Bristol,38(1),3428,0.6,1.1,0.9,0.5,6.1,0.5,0.9,1,7.17
Tom Lees,Sheffield Wednesday,28(1),2565,0.5,1.4,0.5,1,7.8,0.2,1,-,7.16
James Chester,Aston,46,4140,1.5,1.3,0.6,0.3,7.8,0.5,0.8,-,7.16
Fernando Forestieri,Sheffield Wednesday,6(4),558,1.1,0.3,1.5,-,-,0.9,-,-,7.16
Darnell Fisher,"Preston,",34,2924,3,1.7,1.6,0.4,3.8,0.8,0.5,-,7.14
Steve Morison,"Millwall,",38(6),3449,1,0.3,1.5,-,0.9,0.9,0.1,-,7.14
Marko Grujic,"Cardiff,",12(1),986,1.8,1.8,1.6,-,2.8,0.7,0.3,-,7.14
John Fleck,Sheffield United,41,3659,1.2,1.4,1,-,0.8,1.4,0.2,-,7.14
Daniel Ayala,"Middlesbrough,",33,2910,1.5,1,1.3,0.4,6.7,0.4,0.5,-,7.14
Nathaniel Mendez-Laing,"Cardiff,",33(5),2861,1.3,0.6,0.3,-,0.7,0.6,0.1,-,7.13
Yoann Barbet,"Brentford,",32(2),2949,1.8,1.4,0.6,0.7,3.5,0.6,0.5,-,7.13
Thomas Holmes,"Reading,",1,90,1,8,-,-,3,3,-,-,7.13
Ivan Cavaleiro,Wolverhampton,31(11),2577,1,0.5,1,-,0.2,1,-,-,7.13
Richard Keogh,"Derby,",42,3698,1.1,0.9,0.4,0.3,6.5,0.5,0.9,-,7.13
Jack O'Connell,Sheffield United,46,4140,1.2,2.3,0.8,0.3,4.4,0.4,0.4,-,7.13
Callum Paterson,"Cardiff,",23(9),2165,1.1,0.5,1.4,-,1.6,0.9,0.1,1,7.13
Tom Lawrence,"Derby,",36(3),3083,1.6,0.6,1.8,-,0.5,1.4,-,-,7.13
Conor Hourihane,Aston,40(1),3431,2,0.8,1,-,1.3,1.5,0.1,-,7.12
Mark Beevers,"Bolton,",44,3960,1.6,1.6,1,0.7,8.8,0.7,1,-,7.12
Pontus Jansson,"Leeds,",41(1),3560,1.2,1.3,1,0.6,9.3,0.3,0.9,-,7.12
Matt Doherty,Wolverhampton,45,3987,1.4,1.1,0.8,0.1,1.9,0.5,0.1,-,7.12
Liam Moore,"Reading,",46,4140,0.9,1.9,0.9,0.6,7.3,0.3,1.1,-,7.12
Bobby De Cordova-Reid,Bristol,46,4043,1.1,0.6,0.8,-,0.5,1.1,0.2,-,7.11
Jake Cooper,"Millwall,",35(3),3184,0.7,0.6,0.9,0.6,6.9,0.2,0.7,-,7.10
Alex Pritchard,"Norwich,",5(3),473,0.8,0.4,0.6,-,0.4,0.5,-,-,7.10
Chris Baird,"Derby,",21(1),1886,2.9,2,1,-,3.7,1.1,0.3,-,7.10
George Friend,"Middlesbrough,",29(4),2704,2.1,1.2,1.3,-,3.8,0.8,0.3,-,7.10
Temitayo Olufisayo Olaoluwa Aina,"Hull,",42(2),3823,2.3,2,1,0.2,2.8,0.8,0.2,-,7.09
Joshua Earl,"Preston,",16(3),1494,3.3,1.3,1.9,0.3,2.6,1.4,0.2,-,7.09
Tom Pearce,"Leeds,",5,430,1.4,1.8,0.4,0.2,4,1.2,1.2,-,7.09
Romain Saïss,Wolverhampton,37(5),3398,2,1.3,1.4,-,2,1,0.3,-,7.09
Muhamed Besic,"Middlesbrough,",15,1179,2.1,0.5,0.7,-,0.6,1.2,0.3,-,7.08
Mark Duffy,Sheffield United,28(8),2472,1.4,0.5,0.7,-,0.2,1.1,0.1,-,7.08
Paul Coutts,Sheffield United,16,1401,2.2,1.7,0.9,-,0.9,1.1,0.2,-,7.08
Paul Huntington,"Preston,",44,3916,0.7,1.7,0.7,0.5,6.8,0.5,0.5,-,7.07
José Ignacio Peleteiro Ramallo,"Brentford,",4,325,1,1,0.3,-,-,0.8,-,-,7.07
Leon Clarke,Sheffield United,38(1),3332,0.4,0.2,1.9,-,0.5,0.5,0.2,-,7.07
Tobias Pereira Figueiredo,Nottingham,12,1050,0.7,2,1.1,0.6,8.4,0.4,0.8,-,7.07
Kevin McDonald,"Fulham,",42,3734,2,1,1.2,0.2,2.2,0.8,0.7,-,7.07
Atdhe Nuhiu,Sheffield Wednesday,15(13),1451,0.9,0.1,1.9,-,1.4,0.3,0.1,-,7.06
Chris Basham,Sheffield United,44(1),3887,2.4,2,0.8,0.2,3.5,1.1,0.3,-,7.06
Adam Reach,Sheffield Wednesday,45(1),4063,1.6,1.4,0.9,0.1,1.8,1.6,0.2,-,7.06
Chris Mepham,"Brentford,",17(4),1707,1.4,1.3,1.1,0.9,7.3,0.9,0.6,-,7.06
Joe Garner,"Ipswich,",29(3),2573,0.6,0.2,2.2,-,1.7,0.7,0.3,-,7.05
Harlee Dean,"Brentford,",3,270,1.3,0.3,1.7,0.3,4.3,0.7,1.7,-,7.05
Tom Trybull,"Norwich,",17(3),1428,2.5,2,2.1,0.1,2.3,2,0.3,-,7.05
Ben Marshall,"Millwall,",16,1232,1.2,0.3,0.7,0.1,0.8,2,-,-,7.05
Mathieu Smith,Queens,17(24),2064,0.2,-,1.1,-,1.3,0.3,0.2,-,7.05
Michael Hector,"Hull,",33(3),2965,2.5,1.6,1,0.7,5.8,0.6,0.6,-,7.04
Lee Tomlin,Nottingham,12(3),1055,0.7,0.2,1,-,0.1,0.9,0.2,-,7.04
Jarrod Bowen,"Hull,",37(5),3284,1.5,0.9,0.7,-,0.7,1.2,-,-,7.04
John Egan,"Brentford,",32(1),2851,0.9,0.8,0.5,0.8,6.4,0.4,0.8,-,7.03
Matthew Connolly,"Cardiff,",4,360,2.5,1.3,1,-,3.8,1.3,1.3,-,7.03
Bryan Oviedo,"Sunderland,",31(3),2605,2.4,1.6,1,0.1,2.2,0.7,0.2,1,7.03
Tim Ream,"Fulham,",44,3960,1.1,1.1,0.5,1.2,6.1,0.5,0.7,-,7.03
Max Clark,"Hull,",25(2),2270,2.8,1.3,1.3,0.4,4,1.3,0.4,-,7.03
Greg Cunningham,"Preston,",20,1734,1.8,1.1,1,0.4,3.5,0.5,0.4,-,7.03
Andrew Boyle,"Preston,",3,270,1,2,0.7,1,9.7,0.3,1,-,7.02
Aron Gunnarsson,"Cardiff,",17(3),1500,2.1,2,1,-,2,1.2,0.4,-,7.02
Kouassi Ryan Sessegnon,"Fulham,",45(1),4041,1.6,0.5,0.8,0.2,1.2,1,-,-,7.02
Ryan Shotton,"Middlesbrough,",23(1),2062,1.5,1.1,1.2,0.1,5.1,0.7,0.8,-,7.02
Adam Jackson,"Barnsley,",22,1887,1.2,2.7,0.6,0.9,7.5,0.4,0.8,-,7.02
Armand Traore,Nottingham,15(3),1372,2.3,1.6,1.3,0.4,3.1,0.7,0.3,-,7.02
Sean Maguire,"Preston,",19(5),1678,1,0.3,1,-,0.3,0.8,-,-,7.01
Mile Jedinak,Aston,17(8),1510,1.4,1.3,1.3,0.3,4.7,1,0.2,-,7.01
Jack Robinson,Queens,29(2),2645,1.9,1.3,0.7,0.9,5.9,0.8,0.6,1,7.01
Frederico André Ferrão Venâncio,Sheffield Wednesday,20,1788,1.9,1.5,0.7,0.7,7.3,0.8,0.3,-,7.01
Ryan Bennett,Wolverhampton,27(2),2508,1.1,1.4,1.1,0.2,4.7,0.4,0.3,1,7.00
Luke Ayling,"Leeds,",27,2366,2.6,1.4,0.9,0.3,2.7,1.2,0.1,-,7.00
Joe Bennett,"Cardiff,",38,3340,1.5,1.7,1.1,-,3.4,0.7,0.6,-,7.00
Nathan Baker,Bristol,34,2737,0.8,1,1.3,0.7,7.2,0.5,0.7,-,7.00
Kenneth Zohore,"Cardiff,",30(6),2680,0.6,-,1.5,-,0.3,0.3,0.1,-,7.00
Tom Huddlestone,"Derby,",44,3926,2.1,1.1,1.6,-,3.2,1.3,0.5,-,6.99
Jack Rodwell,"Sunderland,",1(1),104,2,2,1,-,2.5,0.5,0.5,-,6.99
Ben Davies,"Preston,",33(1),2927,1,1.1,0.6,0.4,6.7,0.4,0.6,-,6.99
Jackson Irvine,"Hull,",27(7),2460,1.6,0.9,1.1,-,1.1,1,0.2,-,6.98
Wes Harding,"Birmingham,",9,810,1.1,1.3,0.7,-,3.7,0.4,0.1,-,6.98
Henrik Dalsgaard,"Brentford,",29,2541,1.9,1.3,1.6,0.4,3.3,1.2,0.1,-,6.98
Rico Henry,"Brentford,",8,665,3.4,1.1,1.4,0.5,2.6,1.3,0.4,-,6.98
Sam Clucas,"Hull,",3,251,1.7,2.7,0.3,-,0.7,0.7,-,-,6.98
Ben Osborn,Nottingham,42(4),3810,2.4,1,0.6,0.1,1.8,1.5,0.2,-,6.98
Tomas Kalas,"Fulham,",29(4),2523,1.4,1.2,0.4,1.1,5.2,0.3,0.5,-,6.98
Timm Klose,"Norwich,",36(1),3241,1.3,1.4,1,0.4,6.5,0.5,0.9,-,6.97
Daniel Fox,Nottingham,23,2026,1,0.9,0.6,0.4,8.1,0.2,0.9,-,6.97
Joe Williams,"Barnsley,",33(1),2979,3.2,1.8,1.7,-,2.6,2.1,0.7,-,6.97
Pablo Hernández,"Leeds,",34(7),2978,1.2,0.9,0.5,-,0.8,1.8,-,-,6.97
John Terry,Aston,32,2811,0.8,1.5,0.5,0.4,6.2,0.4,0.8,-,6.97
Bailey Wright,Bristol,36,3218,2,1.3,1.9,0.4,5.1,0.6,0.7,-,6.97
Ryan Fredericks,"Fulham,",44,3919,1.7,0.7,1,0.3,2.6,0.5,0.3,-,6.96
David Wheater,"Bolton,",32(1),2866,2,1.4,1.4,0.7,7.9,0.6,1,-,6.96
Stewart Downing,"Middlesbrough,",38(2),3246,1,0.7,0.3,-,0.6,0.6,0.1,-,6.96
Jonas Knudsen,"Ipswich,",42,3780,1.5,1.5,0.9,0.2,5,0.6,0.5,-,6.96
Andy Yiadom,"Barnsley,",31(1),2797,2.2,0.8,1.2,0.3,3.7,0.3,0.7,-,6.96
Michael Dawson,"Hull,",40,3600,1.2,1.3,0.6,0.5,7.4,0.4,0.9,-,6.96
Andre Green,Aston,4(1),340,0.2,0.6,0.6,-,0.6,-,-,-,6.96
Jed Wallace,"Millwall,",42(1),3661,2.1,0.6,1,-,0.5,2.1,-,-,6.95
Martyn Waghorn,"Ipswich,",39(5),3465,0.9,0.3,1.4,-,0.4,1,0.1,-,6.95
Aiden McGeady,"Sunderland,",28(7),2639,1.2,0.4,0.6,-,0.3,1.1,-,-,6.95
Famara Diedhiou,Bristol,28(4),2341,0.3,0.2,1.7,-,0.9,0.7,0.1,-,6.95
Craig Forsyth,"Derby,",31,2790,1.7,1.6,0.9,0.1,4.2,0.9,0.2,-,6.95
Adam Forshaw,"Leeds,",9(3),874,3.1,0.9,1.2,-,1.5,2.3,0.3,-,6.95
Cameron Carter-Vickers,"Ipswich,",17,1530,1.5,1.6,1.3,0.9,5.9,0.4,1,-,6.95
Luke Daniels,"Brentford,",1,90,-,-,1,-,1,-,-,-,6.95
Grant Hanley,"Norwich,",28(4),2475,0.9,1.8,0.9,0.3,6.9,0.3,0.7,-,6.95
Michael Mancienne,Nottingham,27(2),2435,1,1.4,1.1,0.6,9.3,0.5,0.7,-,6.95
Samuel Sáiz Alonso,"Leeds,",28(6),2642,0.6,0.1,0.6,-,0.1,0.7,-,-,6.95
Lewis Grabban,Aston,10(5),970,0.3,0.1,1.3,-,0.8,0.6,-,-,6.95
Kyle McFadzean,"Burton,",39(3),3415,1.8,1.5,1.2,0.8,5.7,0.3,0.8,1,6.94
Paul Gallagher,"Preston,",22(10),1858,1.6,1,0.9,-,0.5,1,0.3,-,6.94
Tommy Elphick,"Reading,",2(2),196,1.3,1.5,0.5,-,6,0.5,0.5,-,6.94
Paul McShane,"Reading,",24(2),2141,1.5,1.6,0.8,0.5,4.6,0.6,0.6,-,6.94
Matej Vydra,"Derby,",34(6),2718,0.9,0.4,0.5,-,0.2,1.1,0.1,-,6.94
Andreas Bjelland,"Brentford,",32(2),2681,0.9,1,0.7,1.1,5.9,0.6,0.6,-,6.93
Alan Hutton,Aston,26(3),2351,1.4,1.1,0.7,0.1,3.7,0.4,0.2,-,6.93
Sean Clare,Sheffield Wednesday,4(1),349,0.8,2,0.6,-,0.8,0.8,0.4,-,6.93
Liam Lindsay,"Barnsley,",42,3771,1.5,1.5,0.8,0.7,6,0.5,0.8,-,6.93
Jake Bidwell,Queens,45(1),3917,1.7,1.3,1.1,0.3,3.7,0.6,0.4,-,6.93
Modou Barrow,"Reading,",37(4),3348,1.5,0.2,0.8,-,0.5,0.5,-,-,6.92
Alan Browne,"Preston,",38(6),3391,1.9,1,1,-,1.3,1.3,0.1,-,6.92
Oskar Buur,Wolverhampton,0(1),20,1,1,-,-,-,-,-,-,6.92
Gary Hooper,Sheffield Wednesday,22(2),1931,0.3,0.2,1,0.1,0.7,0.4,0.1,-,6.91
Barrie McKay,Nottingham,22(4),1704,0.9,0.5,0.4,-,0.2,0.7,-,-,6.91
Jordan Spence,"Ipswich,",37(3),3329,1.6,1.2,1.5,0.2,3.7,0.7,0.7,-,6.91
Danny Batth,Wolverhampton,15(1),1275,1.5,1.3,1.5,0.3,5.6,0.3,0.6,-,6.90
Alex Pearce,"Derby,",5(2),500,0.3,1,0.4,-,5.9,0.3,0.4,-,6.90
Denis Odoi,"Fulham,",30(8),2698,1.4,1.3,0.9,0.7,4.4,0.7,0.5,-,6.90
Fabio Pereira da Silva,"Middlesbrough,",18(4),1496,1.9,1.4,1.2,0.1,2.9,1.3,0.1,-,6.90
Joe Worrall,Nottingham,28(3),2615,1.1,1.5,1,0.7,7.4,0.5,1.1,1,6.89
Luke Chambers,"Ipswich,",37,3264,1,1.4,0.8,0.9,6.2,0.5,0.9,-,6.89
Ben Pearson,"Preston,",35,3037,3.1,1.9,1.4,0.1,1.2,1.5,0.1,-,6.89
Martin Braithwaite,"Middlesbrough,",17(2),1397,0.7,0.4,0.8,-,0.4,0.4,0.1,-,6.89
Jonny Howson,"Middlesbrough,",37(6),3303,2,0.9,0.8,-,1.1,0.9,0.3,-,6.89
Lee Peltier,"Cardiff,",27(3),2420,2.2,1.3,1.2,-,3.5,0.4,0.2,-,6.89
Rudy Gestede,"Middlesbrough,",10(9),927,0.6,0.2,0.9,-,0.7,-,0.1,-,6.89
Rúben Gonçalo Silva Nascimento Vinagre,Wolverhampton,8(1),628,2.1,1.6,1,-,1.4,0.4,-,-,6.89
Harlee Dean,"Birmingham,",34,3015,1,0.9,1,0.4,5.8,0.4,0.8,-,6.89
Andre Wisdom,"Derby,",29(1),2599,1.6,1,1.1,0.1,3,0.4,0.3,-,6.89
Jonathan Grounds,"Birmingham,",26,2199,2.3,1.3,0.7,0.1,3.5,0.9,0.3,-,6.89
Conor McLaughlin,"Millwall,",23(1),2045,2.6,1.3,1,0.2,3.5,1.1,0.4,-,6.88
Ben Watson,Nottingham,14,1234,2.6,1.1,1.4,-,3,2.4,0.1,-,6.88
Maxime Colin,"Brentford,",3,270,3,2,0.7,0.7,2.7,1.7,0.3,-,6.88
Jeremie Boga,"Birmingham,",24(7),2095,0.5,0.4,0.2,-,0.3,0.5,-,-,6.88
Oviemuno Ejaria,"Sunderland,",9(2),790,1.3,0.5,0.2,-,0.6,0.8,0.1,-,6.88
Marlon Pack,Bristol,36(6),3164,1.5,0.7,1.3,-,1.3,0.9,0.2,1,6.88
Roderick Jefferson Gonçalves Miranda,Wolverhampton,16(1),1404,2.2,1.3,1.6,0.2,5.6,0.4,0.4,-,6.88
Dominic Iorfa,"Ipswich,",20(3),1730,1.9,1.3,1.7,0.1,4,0.5,0.4,-,6.88
Stefan Johansen,"Fulham,",43(2),3633,0.9,0.6,1.3,-,0.5,1.7,-,-,6.88
Kalvin Phillips,"Leeds,",36(5),3200,2.6,1.3,1.8,-,1.7,1.7,0.2,-,6.88
Stefanos Kapino,Nottingham,4,360,-,-,-,-,0.5,-,-,-,6.87
Josh Brownhill,Bristol,41(4),3639,1.2,0.8,1.2,-,1.5,0.8,0.2,1,6.87
Myles Kenlock,"Ipswich,",15(1),1281,2.4,0.9,1.3,0.1,3.7,1.6,0.6,-,6.87
Ben Turner,"Burton,",26(4),2362,1,1.4,0.8,0.6,7.5,0.3,0.5,-,6.87
Ben Gibson,"Middlesbrough,",45,4050,0.7,1,0.9,0.3,6,0.3,0.5,-,6.87
John O'Shea,"Sunderland,",34(3),3080,1.1,1.4,0.7,0.5,7.4,0.2,0.5,-,6.87
Alex Baptiste,Queens,26,2245,1.3,1.9,0.5,0.8,6.8,0.7,0.8,-,6.87
Tendayi Darikwa,Nottingham,29(1),2555,2.5,1.2,0.7,0.1,2.2,1.1,0.4,-,6.87
Ezgjan Alioski,"Leeds,",40(2),3151,2.4,0.5,1.2,-,0.6,1.4,0.1,-,6.86
Oluwaseyi Ojo,"Fulham,",18(4),1402,1.6,0.3,0.9,-,0.5,1,-,-,6.86
Dael Fry,"Middlesbrough,",11(2),1044,0.9,0.8,0.6,0.7,6.6,0.2,0.5,-,6.86
Cole Skuse,"Ipswich,",39,3330,1.3,2.1,1.1,-,2,0.7,0.6,-,6.85
Daniel Pudil,Sheffield Wednesday,24(3),2139,1.4,1.3,1.3,0.6,6.7,0.9,0.7,-,6.85
Bradley Johnson,"Derby,",25(8),2331,1.8,1.2,1.7,0.1,1.3,1.2,0.2,-,6.85
James Perch,Queens,6(1),510,1.6,2.7,0.9,0.6,2,0.3,0.1,-,6.85
Enda Stevens,Sheffield United,45,3973,2.3,1.1,1.2,0.2,2.2,1.1,0.1,-,6.85
Josh Scowen,Queens,42,3721,2.4,1.9,1.6,-,1.4,1.5,0.3,-,6.85
Jordan Hugill,"Preston,",26(1),2266,0.3,0.1,3.1,-,0.9,0.3,-,-,6.85
Ashley Darel Jazz Richards,"Cardiff,",5(1),477,1.3,0.2,1.5,0.2,3.8,0.5,-,-,6.85
Romaine Sawyers,"Brentford,",36(6),3284,1.1,0.6,1.1,-,0.6,0.7,0.1,-,6.85
David McGoldrick,"Ipswich,",18(4),1617,1.1,0.4,1.3,-,0.6,0.9,0.2,-,6.85
Gustavo Lucas Domingues Piazon,"Fulham,",14(8),1170,1,0.3,0.4,-,0.5,1.1,-,-,6.85
Lee Evans,Sheffield United,18(1),1538,1.4,1.1,1.2,-,0.9,0.8,0.2,-,6.85
Daniel Pinillos,"Barnsley,",7(1),665,2.8,2,0.8,0.3,3.5,1.5,-,-,6.84
James Hanson,Sheffield United,0(1),16,1,-,-,-,-,-,-,-,6.84
Patrick McNair,"Sunderland,",12(4),1070,1.1,0.1,1.1,-,0.9,0.6,0.1,-,6.84
James Meredith,"Millwall,",46,4009,2.4,1.3,0.9,0.1,3.4,1,0.3,-,6.84
Lucas Eduardo Santos João,Sheffield Wednesday,17(14),1769,0.6,0.2,0.8,-,0.9,0.5,0.1,-,6.84
Marco Stiepermann,"Norwich,",15(8),1429,2,1.3,1.1,0.1,2.1,0.7,0.2,-,6.84
Jacques Maghoma,"Birmingham,",32(9),2868,1.4,0.9,0.6,-,0.2,0.7,-,-,6.84
Craig Gardner,"Birmingham,",20(6),1775,2,1.2,1.4,-,1.3,1.4,0.3,-,6.84
Liam Cooper,"Leeds,",30,2496,1.4,1.4,0.9,0.5,5.8,0.2,1,-,6.83
Ezekiel Fryers,"Barnsley,",22,1968,1.5,1.5,0.3,0.2,3.4,0.8,0.3,-,6.83
Ahmed Eissa El Mohamady Abdel Fattah,Aston,36(7),3177,1,1.2,0.6,0.1,2.5,0.7,0.2,1,6.83
Dorian Dervite,"Bolton,",13(1),1171,1.6,1.2,0.6,0.5,6.4,0.4,0.4,-,6.83
Thomas Barkhuizen,"Preston,",43(3),3708,0.6,0.5,0.6,-,1.4,0.8,0.2,-,6.83
Lewis Grabban,"Sunderland,",18(1),1558,0.6,0.3,1.2,-,0.4,0.6,0.1,1,6.83
Paudie O'Connor,"Leeds,",4,360,2.3,2,1,0.8,7.5,0.5,1,1,6.83
Matthew Cash,Nottingham,14(9),1455,1,0.9,0.5,-,1.3,0.7,0.1,-,6.82
Axel Tuanzebe,Aston,4(1),300,3.2,0.4,0.2,0.2,3.8,1.2,0.4,-,6.82
Liam Bridcutt,Nottingham,24(3),2146,2.6,1.5,2.1,-,0.9,1.9,0.3,-,6.82
Veijeany Christopher Samba,Aston,5(7),539,0.8,0.5,0.7,0.4,4.8,0.2,0.3,-,6.81
Lucas Akins,"Burton,",39(3),3509,1.3,0.9,1.4,0.3,1.4,0.9,0.2,-,6.81
Byron Webster,"Millwall,",10,900,1,1,1.3,0.3,5.3,0.1,0.4,-,6.81
Kevin O'Connor,"Preston,",4(4),522,1.3,1.1,0.6,0.4,3.5,0.9,0.4,-,6.81
Mario Vrancic,"Norwich,",29(6),2609,2.4,0.8,1.2,-,1.2,0.9,0.1,-,6.81
Conor Coady,Wolverhampton,45,3975,1,1,0.5,0.3,3.5,0.3,0.8,1,6.81
Matthew Pearson,"Barnsley,",14(3),1306,2.6,1.9,0.9,0.5,3.9,0.7,0.8,-,6.81
Marcus Bettinelli,"Fulham,",26,2340,-,0.1,-,-,1.1,-,-,-,6.81
Daniel Batty,"Hull,",1,90,8,1,1,-,3,2,-,-,6.81
Fikayo Tomori,"Hull,",23(2),2063,2.3,1.2,1.1,0.2,3,0.6,0.4,-,6.81
José Ignacio Peleteiro Ramallo,"Birmingham,",24(8),2184,1,0.7,0.4,-,0.7,0.9,-,-,6.81
Markus Henriksen,"Hull,",25(6),2160,2,1.1,1.5,-,1.3,0.6,0.1,-,6.81
Marc Wilson,"Sunderland,",20(1),1690,2.6,1,1.3,0.5,5.8,0.8,0.8,-,6.81
Josh Clarke,"Brentford,",23(5),2153,2.2,0.6,0.8,0.4,2.3,0.9,0.1,-,6.81
Eberechi Eze,Queens,8(8),848,0.5,0.4,0.6,-,0.2,0.4,-,-,6.80
Florian Jozefzoon,"Brentford,",31(8),2677,0.4,0.2,0.7,-,0.1,0.3,-,-,6.80
Marc Roberts,"Birmingham,",26(4),2423,1.1,0.7,0.9,0.2,6.2,0.5,0.7,1,6.80
Jamie Paterson,Bristol,34(7),2825,1.3,0.5,0.5,-,0.4,1,-,-,6.80
Jack Hunt,Sheffield Wednesday,28(1),2381,1.6,1.1,0.8,0.2,2.9,1,0.4,-,6.80
Adam Hammill,"Barnsley,",30(8),2714,2.4,0.4,0.8,-,0.3,1.4,0.1,-,6.80
Mustapha Carayol,"Ipswich,",5(3),318,0.5,0.1,0.9,-,0.3,0.4,0.1,-,6.79
Kieran Dowell,Nottingham,31(7),2699,0.9,0.3,0.8,-,0.4,1,0.1,-,6.79
Callum Robinson,"Preston,",30(11),2570,0.7,0.6,0.3,-,0.5,1.1,-,-,6.79
Laurens De Bock,"Leeds,",7,630,3.1,1.1,0.6,0.4,5.9,0.7,0.1,-,6.79
Brian Murphy,"Cardiff,",1,90,-,-,-,-,1,-,-,-,6.79
Bartosz Bialkowski,"Ipswich,",45,4050,-,-,-,-,1,-,-,1,6.79
Ondrej Mazuch,"Hull,",10(4),905,1.1,2.1,1.1,0.5,6.8,0.4,0.1,-,6.79
Joost van Aken,Sheffield Wednesday,14,1229,1.2,1.2,0.9,1.5,7.1,0.8,0.2,-,6.79
Ashley Fletcher,"Sunderland,",15(1),1330,0.5,0.2,2.8,0.1,0.8,0.4,0.3,-,6.79
Joey van den Berg,"Reading,",31(2),2574,2.2,2,2.2,0.1,1.5,1.5,0.2,-,6.79
Antonee Robinson,"Bolton,",26(4),2420,2.1,1.7,0.9,0.1,3.6,1.7,0.2,-,6.78
Leonardo Bonatini Lohner Maia,Wolverhampton,29(14),2608,0.5,0.6,0.5,-,0.6,0.6,-,-,6.78
Callum O'Dowda,Bristol,13(11),1373,1.1,0.4,0.9,-,0.9,0.7,-,-,6.78
Omatsone Aluko,"Reading,",36(3),3045,1.4,0.5,0.8,0.1,0.3,1.4,0.1,-,6.78
Floyd Ayité,"Fulham,",23(5),1662,1.1,0.3,0.8,-,0.4,0.6,-,-,6.78
Kieron Freeman,Sheffield United,10,794,1.5,1.3,0.4,0.2,0.7,0.7,0.5,-,6.78
Tyias Browning,"Sunderland,",26(1),2244,1.2,1.7,0.7,0.5,6.8,0.4,1.1,-,6.78
Richard Stearman,Sheffield United,28,2386,0.7,1.1,0.5,0.7,4.9,0.3,0.9,-,6.78
Eros Pisano,Bristol,13(3),1175,1.8,1.2,1.5,0.1,3.4,0.8,0.5,-,6.77
Darnell Furlong,Queens,18(4),1602,1.1,1.5,1.3,0.5,3.3,0.4,0.4,-,6.77
Kieran Lee,Sheffield Wednesday,10(5),1004,1.8,0.6,0.8,-,1.1,1.1,0.1,-,6.77
Maxime Colin,"Birmingham,",35,3053,1.8,1.2,1.1,0.1,2.7,1.2,0.2,1,6.77
Ryan Woods,"Brentford,",35(4),3186,1.1,1.3,1.2,-,1.2,1.1,0.2,-,6.77
Harvey Barnes,"Barnsley,",18(5),1408,0.4,0.3,0.4,-,0.5,0.6,-,-,6.77
Marcus Olsson,"Derby,",14(1),1159,2.1,0.8,0.9,0.1,3.1,0.5,0.1,-,6.77
Andreas Weimann,"Derby,",32(8),2890,1.1,0.7,0.7,-,0.6,0.8,0.1,-,6.77
Sam Johnstone,Aston,45,4050,-,-,-,-,1,-,-,-,6.77
Barry Bannan,Sheffield Wednesday,28(1),2456,1.4,1.1,0.7,-,0.7,1.1,0.3,-,6.77
Gary Gardner,"Barnsley,",28(1),2405,2.2,0.9,1.5,0.1,1.7,1.2,0.4,-,6.76
Tom Adeyemi,"Ipswich,",4(1),361,2,0.6,0.6,-,1.2,1.2,0.2,-,6.76
Jack Colback,Nottingham,16,1440,2.7,0.7,1.1,-,1.2,0.7,0.3,-,6.76
Josh Murphy,"Norwich,",34(7),2954,0.9,0.2,0.8,-,0.4,0.8,0.1,-,6.76
Josh Onomah,Aston,20(13),1860,2.1,0.3,1,-,0.3,0.9,0.1,-,6.76
Callum Connolly,"Ipswich,",29(5),2552,1.1,0.8,1.1,-,2,1,0.4,-,6.76
Pierre-Michel Lasogga,"Leeds,",21(10),1869,0.2,0.1,1,-,0.6,0.4,-,-,6.76
Hélder Wander Sousa de Azevedo e Costa,Wolverhampton,21(15),1758,0.8,0.3,0.7,-,0.4,1,-,-,6.76
Benik Afobe,Wolverhampton,7(9),698,0.4,0.3,0.4,-,0.3,0.3,0.1,-,6.76
Cameron Carter-Vickers,Sheffield United,17,1396,0.9,1.5,1.2,0.6,4.2,0.4,0.4,-,6.75
Glenn Whelan,Aston,30(3),2550,1.6,1.1,0.9,-,2.2,1,0.5,1,6.75
Oliver Norwood,"Fulham,",22(14),2120,1.4,1.1,1.1,-,1.6,1.1,0.2,-,6.75
Jonathan Kodjia,Aston,9(6),825,0.3,-,1,-,0.1,0.5,-,-,6.75
Henri Lansbury,Aston,6(4),593,0.8,0.9,0.9,-,1.7,1.4,0.2,-,6.75
Reece Burke,"Bolton,",22(3),1894,1,1.2,0.8,0.8,6.6,0.5,0.7,-,6.75
Johnny Russell,"Derby,",13(10),1293,1.4,0.6,0.8,-,0.2,1,0.1,1,6.74
Matthew Pennington,"Leeds,",15(9),1524,1.4,1.3,0.5,0.5,6,0.3,0.5,-,6.74
Darren Pratley,"Bolton,",31(1),2611,2,1.2,2.3,-,1.8,1.1,0.2,-,6.74
Lee Cattermole,"Sunderland,",34(1),3033,2.1,1.2,1.3,0.1,2.5,1.6,0.7,-,6.74
Billy Bodin,"Preston,",14(3),1096,1,0.6,0.9,-,0.7,0.8,0.1,-,6.74
Omar Richards,"Reading,",9(4),770,1.8,1.1,0.7,-,2.1,0.6,0.3,-,6.74
Mahlon Romeo,"Millwall,",22(5),2003,1.5,0.9,0.6,0.1,3.4,0.6,0.3,-,6.74
Matt Mills,Nottingham,11(2),998,1.3,0.5,1.2,1.2,7.8,0.5,0.8,-,6.74
Jordan Thorniley,Sheffield Wednesday,7(4),741,1.7,0.5,0.5,0.1,4.8,0.7,0.8,-,6.74
Joel Lynch,Queens,22(3),1854,1.1,1.7,1.2,0.4,4.3,0.3,0.4,-,6.74
Mark Little,"Bolton,",27(1),2293,2.4,1.3,1.1,0.4,2.8,0.9,0.2,-,6.73
Matthew Palmer,"Burton,",8(3),758,1.1,0.7,0.8,-,0.9,0.3,0.1,-,6.73
John Brayford,"Burton,",27(1),2162,1.1,1.1,0.6,0.4,4.8,0.6,0.6,-,6.73
Kamil Grosicki,"Hull,",22(15),2131,0.5,0.5,0.3,-,0.4,0.6,-,-,6.73
Michael Morrison,"Birmingham,",33,2906,1.4,0.7,0.6,0.5,6.1,0.4,0.9,-,6.73
David Vaughan,Nottingham,14,1099,3.4,0.6,1.5,-,0.6,2.1,0.1,-,6.73
Sam Winnall,Sheffield Wednesday,1(1),136,1,-,1.5,-,1,-,-,-,6.73
Chinedum Onuoha,Queens,28(1),2499,0.8,1.4,0.8,0.9,5.9,0.2,1.1,-,6.72
Nélson Miguel Castro Oliveira,"Norwich,",26(11),2449,0.7,0.1,1.1,-,0.6,0.4,-,-,6.72
Zak Vyner,Bristol,1,90,-,3,2,-,-,3,-,-,6.72
Tom Flanagan,"Burton,",20(7),1890,2,1.7,0.9,0.1,3.1,1.4,0.5,-,6.72
Declan Rudd,"Preston,",16,1440,-,0.1,-,-,0.9,-,-,-,6.72
Jason Steele,"Sunderland,",15,1309,-,0.1,0.1,-,1.3,0.1,-,-,6.72
Moritz Leitner,"Norwich,",10(2),864,1.6,1,0.6,-,0.8,1.5,0.1,-,6.72
George Boyd,Sheffield Wednesday,13(7),1240,2.5,0.8,0.9,-,1.6,1.4,0.1,-,6.71
Ke Li,"Brentford,",31(10),2821,1.3,0.6,0.9,0.1,1.2,0.9,0.1,-,6.71
Costel Pantilimon,Nottingham,13,1170,0.1,0.2,-,-,1.2,-,-,-,6.71
Brendan Galloway,"Sunderland,",5(2),457,2.4,2,1.1,-,3.1,0.7,0.1,-,6.71
Lasse Vibe,"Brentford,",14(5),1144,0.1,0.2,0.6,-,0.2,0.2,-,-,6.71
Joe Ledley,"Derby,",23(3),1897,1.3,1.2,0.5,-,0.9,1,0.3,-,6.71
Angus Gunn,"Norwich,",46,4140,-,-,-,-,0.7,-,-,-,6.71
John Ruddy,Wolverhampton,45,4050,-,-,-,-,0.5,-,-,-,6.71
Lukas Jutkiewicz,"Birmingham,",19(16),1721,0.2,0.2,1,-,0.6,0.4,0.1,-,6.70
Bersant Celina,"Ipswich,",23(12),2104,0.7,0.3,0.4,-,0.3,0.5,-,-,6.70
Sebastian Larsson,"Hull,",37(3),3246,1.8,1,1.3,-,0.9,1.4,0.3,-,6.70
Tom Naylor,"Burton,",32(1),2881,1.5,1.7,1.1,0.9,3.8,1.4,0.6,-,6.70
David Davis,"Birmingham,",33(5),2876,2.1,1,1.8,-,1.4,1.1,0.2,-,6.70
Josh Vela,"Bolton,",26(4),2386,1.5,0.6,1.6,-,1.2,1.3,0.2,-,6.70
Leandro Bacuna,"Reading,",29(4),2649,1.8,1.4,1.2,-,2.2,1,0.1,1,6.69
George Honeyman,"Sunderland,",37(5),3315,2.4,0.4,1.3,-,0.5,1.4,0.1,-,6.69
Dimitri Kevin Cavaré,"Barnsley,",7(2),587,2.4,0.9,1.3,0.2,1.9,0.6,0.2,-,6.69
Patrick Bamford,"Middlesbrough,",23(16),2083,0.6,0.2,1.1,-,0.5,0.8,-,-,6.69
Britt Assombalonga,"Middlesbrough,",32(12),2985,0.3,0.1,1.1,-,1.1,0.2,0.1,-,6.69
Cameron Jerome,"Derby,",8(10),802,0.4,0.2,1.4,-,0.3,0.1,0.1,-,6.69
Jake Buxton,"Burton,",29(3),2627,1,1.4,1.1,0.5,6.8,0.5,1,-,6.69
Ronaldo Vieira,"Leeds,",23(5),2022,2.1,1.4,1.7,-,1.7,1.3,0.3,-,6.69
Didier Ndong,"Sunderland,",16(2),1392,2.9,2,1.2,0.1,1.6,0.6,0.3,-,6.69
Tom Elliott,"Millwall,",8(16),855,0.2,0.1,1.2,-,1,0.3,-,-,6.69
Luke Murphy,"Burton,",34(4),3007,2.5,1.5,1.4,0.1,1.8,1.4,0.2,-,6.69
Lee Gregory,"Millwall,",40(3),3391,1,0.2,1.9,-,-,0.8,-,-,6.68
Eric Lichaj,Nottingham,22(1),1887,1.8,1,0.9,0.2,3.3,0.8,0.3,-,6.68
Joe Wildsmith,Sheffield Wednesday,25(1),2306,-,-,-,-,0.8,-,-,-,6.68
Jon-Miquel Toral,"Hull,",16(11),1352,1.3,0.3,1,-,0.4,0.6,-,-,6.68
Pawel Wszolek,Queens,28(8),2470,1,0.9,0.9,-,1,0.3,-,-,6.68
Kemar Roofe,"Leeds,",27(9),2429,0.5,0.5,1,-,0.8,0.8,-,-,6.68
Sam Hutchinson,Sheffield Wednesday,7(1),510,2,1.6,1.5,-,1,1.5,1,1,6.68
John Lundstram,Sheffield United,21(15),1956,1.5,0.7,0.5,-,1,0.7,0.2,-,6.68
Chris Maxwell,"Preston,",30,2700,-,0.1,-,-,1.8,-,-,-,6.68
Jackson Irvine,"Burton,",3,218,0.7,2,1.7,-,1.7,0.7,-,-,6.68
Neil Taylor,Aston,27(2),2335,1.3,0.8,0.6,0.2,2.1,0.7,0.4,-,6.67
David Nugent,"Derby,",29(8),2332,0.6,0.1,1.3,-,0.7,0.4,0.1,-,6.67
Alexander Tettey,"Norwich,",21(2),1931,1,1.5,0.9,-,1.5,0.5,0.3,-,6.67
Keinan Davis,Aston,17(11),1503,0.2,0.1,1.5,-,0.4,0.2,0.1,-,6.67
Pawel Cibicki,"Leeds,",5(2),387,1.1,0.4,0.1,-,0.7,1.1,-,-,6.67
Jacob Davenport,"Burton,",15(2),1351,1.3,0.8,0.7,-,1.4,1.2,0.3,-,6.67
Liam Kelly,"Reading,",28(6),2403,1.5,0.9,0.6,-,0.6,1.2,-,-,6.67
Korey Smith,Bristol,44(1),3909,1.6,0.7,0.6,-,1.2,0.8,0.4,-,6.67
Tiago Abiola Delfim Almeida Ilori,"Reading,",26(3),2190,1.5,1.7,1.2,0.9,5,0.3,0.7,-,6.67
Joey Pelupessy,Sheffield Wednesday,17,1530,1.4,1.5,1.1,-,1.6,1.4,0.2,-,6.67
Sergi Canos,"Brentford,",17(13),1399,0.9,0.5,0.8,-,0.1,0.7,-,-,6.67
David Martin,"Millwall,",1,90,-,-,-,-,-,-,-,-,6.66
Angus MacDonald,"Hull,",12,936,0.5,0.8,0.3,0.4,5.9,0.3,1,-,6.66
Cameron Jerome,"Norwich,",11(4),970,0.5,0.1,0.9,-,1.3,0.1,0.1,-,6.66
Lamine Koné,"Sunderland,",24,2107,1.5,1.4,1,0.5,6.8,0.2,0.3,-,6.66
Christoph Zimmermann,"Norwich,",30(9),2823,1,0.8,0.4,0.5,4.8,0.5,0.8,-,6.65
Ilias Chair,Queens,4,304,1.5,-,1.3,-,0.5,0.5,-,-,6.65
Daniel Bentley,"Brentford,",45,4050,-,-,-,-,1,-,-,1,6.65
Adam Clayton,"Middlesbrough,",22(10),2091,1.8,1.2,1.2,-,1,1.4,0.4,-,6.65
Neeskens Kebano,"Fulham,",10(16),1069,1.2,0.5,0.5,-,0.3,0.5,-,-,6.65
Daryl Murphy,Nottingham,22(5),2020,0.3,0.1,0.8,-,1,0.1,0.2,-,6.65
Brad Potts,"Barnsley,",35(2),3019,0.8,0.6,0.8,-,1.1,0.5,0.3,-,6.65
Grant Ward,"Ipswich,",25(12),2220,1.3,0.8,0.8,-,0.9,0.6,0.1,-,6.65
James Bree,Aston,3(3),405,0.8,0.7,0.8,0.3,3.5,0.8,0.5,-,6.65
Birkir Bjarnason,Aston,11(12),1090,1,0.5,1,-,1.1,0.4,0.3,-,6.65
Emyr Huws,"Ipswich,",3(2),228,0.8,1,1.2,-,1.4,0.2,-,-,6.65
Lloyd Isgrove,"Barnsley,",10(6),787,1.9,0.8,0.6,-,0.6,1,0.1,-,6.65
Duncan Watmore,"Sunderland,",4(2),322,0.3,-,0.8,-,0.3,0.7,-,-,6.65
Andrew Taylor,"Bolton,",20,1690,1,0.9,0.6,0.2,3.8,0.4,0.4,-,6.64
Hördur Magnússon,Bristol,15(9),1505,0.6,1.2,0.5,0.3,3.8,0.3,0.3,1,6.64
David Button,"Fulham,",20,1800,-,0.1,-,-,1.1,-,-,-,6.64
Grant Leadbitter,"Middlesbrough,",29(3),2372,1.6,0.8,1,-,1.3,1.3,0.4,-,6.64
Darren Randolph,"Middlesbrough,",46,4140,-,-,-,-,0.7,-,-,-,6.64
Cameron Dawson,Sheffield Wednesday,3,270,-,0.3,-,-,0.3,0.3,-,-,6.64
Aiden O'Brien,"Millwall,",23(7),1797,0.8,1,0.6,-,0.8,0.9,-,-,6.64
Billy Sharp,Sheffield United,28(6),2361,0.6,0.1,1.2,-,0.1,0.3,-,-,6.63
Neil Etheridge,"Cardiff,",45,4050,-,-,-,-,0.8,0.1,-,-,6.63
Paul Smyth,Queens,7(6),691,0.7,0.3,0.9,-,-,0.8,-,-,6.63
Yanic Wildschut,"Norwich,",7(9),645,0.9,0.2,0.6,-,0.8,0.5,0.1,-,6.63
Daniel Johnson,"Preston,",25(8),2283,1.2,1,1.1,-,0.6,0.8,0.1,-,6.63
George Baldock,Sheffield United,30(4),2683,1.8,0.6,1.4,0.1,1.5,0.4,0.1,-,6.63
Andre Dozzell,"Ipswich,",1,50,2,2,1,-,-,-,-,-,6.63
Frank Fielding,Bristol,43,3799,-,0.1,0.1,-,0.3,-,-,1,6.63
Lloyd Kelly,Bristol,7(4),664,0.7,0.3,0.2,-,2.5,0.5,0.2,-,6.63
Martin Samuelsen,"Burton,",7(2),647,1.4,0.3,0.8,-,1.1,0.7,-,-,6.63
Jon Flanagan,"Bolton,",8(1),692,2.1,1.7,1.2,0.6,2.6,1.2,0.4,-,6.63
Ben Alnwick,"Bolton,",39,3466,-,-,-,-,1.1,0.1,-,-,6.63
Jordan Archer,"Millwall,",45,4050,-,-,-,-,0.9,-,-,-,6.63
Lee Tomlin,"Cardiff,",5(8),505,0.3,0.1,0.9,-,-,0.1,-,-,6.62
Sam Gallagher,"Birmingham,",23(10),2125,0.7,0.2,1.2,-,1.3,0.4,0.1,-,6.62
Neal Maupay,"Brentford,",25(17),2321,0.5,0.2,1.2,-,-,0.5,-,-,6.62
Chris Wood,"Leeds,",3,270,-,-,1,-,1.7,-,-,-,6.62
Ryan Tunnicliffe,"Millwall,",19(5),1772,1.6,0.8,0.5,-,1.3,0.7,0.5,-,6.62
James Vaughan,"Sunderland,",15(8),1350,0.3,0.2,1.2,-,1,0.1,-,-,6.62
David Meyler,"Hull,",17(8),1562,1.7,0.5,1.2,-,1.2,1.3,0.1,1,6.62
Stephen Warnock,"Burton,",13(1),1069,1.3,1.8,0.4,0.1,2.9,0.8,0.4,-,6.62
Glenn Loovens,Sheffield Wednesday,20,1467,1.5,1.9,0.7,0.5,4.6,0.4,0.6,-,6.62
Harrison Reed,"Norwich,",36(3),3009,2.2,1.1,1.1,0.1,1.2,1.4,0.2,-,6.61
Kamohelo Mokotjo,"Brentford,",25(10),2187,1,0.7,0.6,0.1,0.7,1.1,0.1,-,6.61
John Swift,"Reading,",17(7),1467,1.4,0.3,0.8,-,0.8,0.6,0.2,-,6.61
Mustapha Carayol,Nottingham,2(13),408,0.6,0.2,0.5,-,0.2,0.3,0.1,-,6.61
Vito Mannone,"Reading,",41,3690,-,-,-,-,1.2,0.1,-,-,6.61
Alex Mowatt,"Barnsley,",1,90,-,4,3,-,1,5,-,-,6.61
Ryan Shotton,"Birmingham,",0(1),64,-,1,2,-,5,-,-,-,6.61
Sam Winnall,"Derby,",6(11),633,0.5,0.1,1.4,-,0.2,0.3,-,-,6.61
George Moncur,"Barnsley,",22(12),1947,1.1,0.2,0.3,-,0.3,0.4,-,-,6.61
Jamal Lewis,"Norwich,",19(3),1793,2.2,1.1,1.3,0.2,2,0.4,0.3,1,6.61
Billy Jones,"Sunderland,",19(3),1572,1.8,1,1.2,-,3.2,1,0.6,-,6.61
Gaetano Berardi,"Leeds,",29(2),2557,1.9,1.3,1,0.2,3.3,0.5,0.4,-,6.60
Idrissa Sylla,Queens,13(13),1236,0.5,0.2,1,-,0.9,-,0.1,-,6.60
Marvin Johnson,"Middlesbrough,",6(11),733,0.9,0.3,0.4,-,0.9,0.5,-,-,6.60
Vurnon Anita,"Leeds,",14(4),1291,2.2,1.2,1.1,0.2,2.8,1.4,0.2,-,6.60
Donald Love,"Sunderland,",11,980,1.3,1,1.5,0.1,2,1.4,0.4,-,6.60
David Edwards,"Reading,",27(5),2416,1.6,1.3,1.1,-,1.6,1.4,0.4,-,6.60
Matthew Lund,"Burton,",10(2),906,1.3,1.2,1.3,-,0.7,1.1,0.1,-,6.59
Alfred N'Diaye,Wolverhampton,13(20),1286,1.3,0.7,1.1,-,0.7,0.8,-,-,6.59
Liam Boyce,"Burton,",12(4),1062,0.8,0.1,0.7,-,0.3,1.1,0.2,-,6.59
Ivo Daniel Ferreira Mendonça Pinto,"Norwich,",31(4),2918,1.5,0.9,0.7,0.1,2.1,0.7,0.3,-,6.59
Emilio Nsue,"Birmingham,",15(3),1428,1.3,1.7,0.6,0.1,2.2,0.4,0.2,-,6.58
Ethan Robson,"Sunderland,",6(3),481,1.7,0.8,1.7,-,1,0.8,-,-,6.58
Jem Karacan,"Bolton,",14(2),1141,2.3,1.1,0.9,-,1.2,0.9,0.2,-,6.58
Craig Bryson,"Cardiff,",19(3),1602,1.2,1.1,1.1,-,0.7,1,0.2,-,6.58
Damien McCrory,"Burton,",9(2),727,1.5,1,0.4,0.8,2.2,0.8,0.6,-,6.58
Joel Asoro,"Sunderland,",11(15),1218,0.4,0.2,0.8,-,0.2,0.5,-,-,6.58
Grant Hall,Queens,1(3),115,-,0.5,-,0.3,6,0.3,0.8,-,6.58
Calum Woods,"Preston,",11(5),927,2.1,1.1,0.9,0.3,3.3,0.6,0.4,-,6.58
Wes Hoolahan,"Norwich,",14(15),1349,0.8,0.2,0.5,-,0.2,1,-,-,6.58
Morgan Fox,Sheffield Wednesday,26(2),2204,1.8,0.5,0.8,0.1,3.5,0.7,0.1,-,6.58
Adam Matthews,"Sunderland,",25(9),2505,1.2,0.7,0.2,0.1,1.9,0.5,0.1,1,6.58
Cheikh N'Doye,"Birmingham,",28(9),2391,0.7,0.8,1.4,-,1.8,0.8,0.4,-,6.57
Milan Djuric,Bristol,4(12),545,-,0.1,0.9,-,1,0.2,-,-,6.57
Jens Hegeler,Bristol,3(1),259,0.5,2,1.3,0.5,5.3,0.3,0.3,-,6.57
Adlène Guédioura,Nottingham,6(5),509,0.9,1,0.9,-,0.7,1.4,0.3,-,6.57
Chris Gunter,"Reading,",46,4126,1,0.8,0.5,0.2,3.4,0.5,0.5,-,6.57
Marten de Roon,"Middlesbrough,",1,65,3,2,1,-,-,2,-,-,6.57
Darron Gibson,"Sunderland,",12(3),1015,2,1.1,0.7,0.1,1.4,1.5,0.4,-,6.57
Tyler Walker,Nottingham,7(5),700,0.8,0.1,1,-,0.9,0.6,0.1,-,6.57
Tomasz Kuszczak,"Birmingham,",10,900,-,-,-,-,1.3,-,-,-,6.57
Eunan O'Kane,"Leeds,",27(5),2241,1.9,1.2,0.8,-,1.6,1.2,0.3,1,6.57
Omatsone Aluko,"Fulham,",4,332,1,0.5,0.5,0.3,1,1,0.3,-,6.57
Mark Howard,"Bolton,",7(1),675,-,-,-,-,0.9,-,-,-,6.56
Fraizer Campbell,"Hull,",23(13),2075,0.8,0.4,1.4,-,0.2,0.4,-,-,6.56
Evandro Goebel,"Hull,",3(5),345,1.1,0.5,1,-,0.1,0.9,0.1,-,6.55
Marcus Tavernier,"Middlesbrough,",4(1),254,1.8,0.2,1.4,-,1,0.4,-,-,6.55
Yann Kermorgant,"Reading,",13(12),1309,0.6,0.1,0.7,-,1.4,0.4,0.2,-,6.55
Jón Dadi Bödvarsson,"Reading,",20(13),1766,0.6,0.1,0.4,-,0.7,0.3,0.1,-,6.55
Conor Shaughnessy,"Leeds,",5(4),476,0.4,0.7,0.4,0.2,3.8,0.1,0.8,-,6.55
Cyrus Christie,"Fulham,",1(4),135,0.8,0.8,1,-,1.4,-,0.4,-,6.55
Stephen Kingsley,"Hull,",10(1),813,1.3,0.9,0.5,0.2,2.4,0.3,0.3,-,6.54
David Brooks,Sheffield United,9(21),1148,0.6,0.3,0.6,-,-,0.6,-,-,6.54
Marcel Franke,"Norwich,",5,450,1.2,2,0.8,1,4.2,0.6,0.6,-,6.54
Callum McManaman,"Sunderland,",13(11),1108,0.8,0.3,0.6,-,0.3,0.3,0.1,-,6.54
Filipe Alexandre Morais,"Bolton,",17(16),1866,0.8,0.4,0.5,0.1,1,0.8,0.2,-,6.53
David Jones,Sheffield Wednesday,20(7),1791,1.4,0.4,1,-,1.3,0.7,0.1,-,6.53
Ross Wallace,Sheffield Wednesday,24(3),1952,0.6,0.2,0.7,-,0.4,0.4,-,-,6.53
Leandro Bacuna,Aston,1,70,1,2,1,-,1,1,-,-,6.53
Tyler Blackett,"Reading,",19(6),1788,1.6,0.9,1,0.2,2.8,0.4,0.3,-,6.53
Stuart Dallas,"Leeds,",14(15),1600,1.2,0.8,0.4,0.1,1.6,0.8,0.2,-,6.53
Anthony Pilkington,"Cardiff,",1(7),152,0.4,-,0.6,-,0.3,0.4,-,-,6.52
David Cotterill,"Birmingham,",2(5),361,0.7,0.4,-,0.1,0.6,0.9,-,-,6.52
David Stockdale,"Birmingham,",36,3240,-,-,-,-,0.8,0.1,-,-,6.52
Derik Osede,"Bolton,",13(4),1103,1.4,1.5,0.4,-,2.5,0.4,0.1,-,6.51
Keiren Westwood,Sheffield Wednesday,18,1564,0.1,-,-,-,0.7,-,-,-,6.51
Jordan Smith,Nottingham,29,2610,-,-,-,-,0.9,-,-,-,6.51
Scott Carson,"Derby,",46,4140,-,-,-,-,0.7,-,-,-,6.51
Steven Fletcher,Sheffield Wednesday,13(6),1072,0.8,0.4,1,0.1,0.7,0.4,0.1,-,6.50
Hope Akpan,"Burton,",19(7),1760,1.1,0.5,1,-,1.1,0.9,0.2,-,6.50
Andreas Bouchalakis,Nottingham,11(10),1005,0.9,1.2,0.9,-,0.6,1.3,0.1,-,6.50
Jonathan Williams,"Sunderland,",7(5),559,0.4,0.5,0.8,-,0.3,0.5,0.1,-,6.50
Ryan Kent,Bristol,6(4),548,0.9,0.5,0.4,-,0.2,1.5,-,-,6.50
Felix Wiedwald,"Leeds,",28,2520,-,-,-,-,1.3,-,-,-,6.50
Lewis MacLeod,"Brentford,",5(5),387,1,0.3,0.7,-,0.3,1.3,0.1,-,6.50
Cameron McGeehan,"Barnsley,",6(3),492,1.4,0.1,1,-,1.3,0.3,0.4,-,6.50
Maikel Kieftenbeld,"Birmingham,",33(2),2910,2.4,1.2,1.5,-,1.1,1,0.1,-,6.49
Bailey Peacock-Farrell,"Leeds,",11,990,-,-,-,-,1.4,-,-,-,6.49
Stephen Mallan,"Barnsley,",5(3),432,1.1,0.8,0.8,-,0.4,1,-,-,6.49
Kortney Hause,Wolverhampton,0(1),7,2,-,-,-,-,-,-,-,6.49
Jake Wright,Sheffield United,13(4),1259,1,0.8,0.2,0.2,2.8,0.2,0.8,-,6.49
Josh McEachran,"Brentford,",14(11),1163,1.2,0.5,0.4,-,0.3,0.8,0.2,-,6.49
Lloyd Dyer,"Burton,",30(8),2901,0.8,0.3,0.5,-,0.9,0.4,0.1,-,6.49
Jamal Blackman,Sheffield United,31,2633,-,-,-,-,0.5,-,-,-,6.49
Matt Mills,"Barnsley,",4,351,1,0.8,1.5,0.8,4.5,1,0.8,-,6.48
Rui Pedro da Rocha Fonte,"Fulham,",16(11),1381,0.9,0.1,0.8,-,0.7,0.5,-,-,6.48
Jason McCarthy,"Barnsley,",17(4),1499,1,1.2,0.6,0.1,2.6,0.5,0.7,-,6.48
Stephen Bywater,"Burton,",44,3960,-,0.1,-,-,1,0.1,-,-,6.48
Loïc Damour,"Cardiff,",18(9),1673,1.3,0.7,1.6,-,0.6,0.7,0.2,-,6.48
Adama Diomande,"Hull,",3(13),466,0.6,0.3,0.9,-,0.3,0.3,0.1,-,6.48
Liam Palmer,Sheffield Wednesday,16(9),1592,1.2,0.9,0.8,0.2,1.7,0.8,0.1,-,6.48
Che Adams,"Birmingham,",16(14),1538,0.5,0.1,0.9,-,0.2,0.2,-,-,6.48
Christoph Knasmüllner,"Barnsley,",1(2),119,0.3,-,0.7,-,0.3,0.3,-,-,6.48
Josh Harrop,"Preston,",11(27),1417,1,0.2,1,-,0.4,0.5,0.1,-,6.47
Allan McGregor,"Hull,",44,3960,-,-,-,-,0.8,-,-,-,6.47
Will Keane,"Hull,",3(6),359,0.2,-,0.9,-,0.2,0.3,-,-,6.47
Anssi Jaakkola,"Reading,",5,450,-,-,0.2,-,2,-,-,-,6.47
Hugo Diaz,"Leeds,",0(1),33,2,-,-,-,5,-,-,-,6.47
Liam Walsh,Bristol,3(3),248,1.7,0.7,0.8,-,0.5,1.7,0.3,-,6.47
Scott Hogan,Aston,19(18),1886,0.3,0.1,0.5,-,0.2,0.6,0.1,-,6.47
Ben Brereton,Nottingham,25(10),2236,0.4,0.1,1.2,-,0.5,0.3,0.1,-,6.46
Kasey Palmer,"Derby,",2(13),429,1.2,-,0.7,-,-,0.8,-,-,6.46
Angus MacDonald,"Barnsley,",10(1),787,0.2,0.5,0.4,0.4,5.5,0.3,1.1,-,6.46
James Husband,"Norwich,",14(4),1153,1.1,1.2,0.8,0.1,1.8,0.7,0.3,-,6.46
Lewis Baker,"Middlesbrough,",6(6),617,0.4,0.5,0.4,-,0.8,0.3,-,-,6.46
Joseph Mendes,"Reading,",1(2),154,0.3,-,1.3,-,-,-,-,-,6.46
Jordan Rhodes,Sheffield Wednesday,17(14),1595,0.3,0.1,0.8,-,0.6,0.4,-,-,6.45
Alex Smithies,Queens,42(1),3821,-,-,-,-,0.8,-,-,1,6.45
Beryly Lubala,"Birmingham,",0(1),21,-,-,2,-,-,-,-,-,6.45
Tom Bradshaw,"Barnsley,",26(13),2388,0.4,-,0.6,-,0.5,0.5,-,-,6.45
Omar Bogle,"Cardiff,",4(6),390,0.1,0.1,1.1,-,0.5,0.3,0.2,-,6.44
Adam Davies,"Barnsley,",35,3150,-,-,-,-,0.9,-,-,-,6.44
Karl Henry,"Bolton,",33,2838,1.2,1.5,1.9,-,1.3,0.7,0.2,-,6.44
Kazenga LuaLua,Queens,2(6),242,0.9,0.3,0.6,-,-,0.4,0.1,-,6.44
Josh Cullen,"Bolton,",9(3),880,1.6,1,0.5,-,1.8,1.2,0.3,-,6.43
George Thorne,"Derby,",9(11),838,1,0.5,0.8,-,0.8,0.8,0.2,-,6.43
Clayton Donaldson,"Birmingham,",4,343,0.3,0.3,2.8,-,0.5,1,0.3,-,6.43
Danny Ward,"Cardiff,",6(12),586,-,0.1,0.7,-,0.6,0.1,0.1,-,6.43
Steven Caulker,Queens,2,146,-,1,0.5,0.5,7.5,0.5,1,-,6.43
Yohan Mollo,"Fulham,",2(4),219,0.5,0.2,1,-,0.3,0.2,-,-,6.43
Aboubakar Kamara,"Fulham,",8(22),1195,0.5,-,1.3,-,0.2,0.1,-,-,6.43
Jack Harrison,"Middlesbrough,",0(4),49,0.8,0.3,-,-,0.3,0.3,-,-,6.43
Jared Bird,"Barnsley,",0(3),37,0.7,-,-,-,0.3,0.3,-,-,6.42
Gary Madine,"Cardiff,",5(8),508,0.2,0.1,1.4,-,0.7,0.3,-,-,6.42
Luke Steele,Bristol,3(2),340,-,-,-,-,1.4,-,-,-,6.42
David Wheeler,Queens,5(4),371,0.1,1,0.8,-,0.8,0.3,-,-,6.42
Edward Bishop,"Ipswich,",1(3),109,1.3,0.3,-,-,1,1,-,-,6.42
Nick Townsend,"Barnsley,",8,720,-,-,-,-,1.1,0.1,-,-,6.41
Connor Mahoney,"Barnsley,",3(5),336,0.6,0.3,0.1,-,0.1,0.5,-,-,6.41
Shane McLoughlin,"Ipswich,",0(1),14,-,-,-,-,1,-,-,-,6.41
Onel Hernández,"Norwich,",5(7),488,0.5,0.2,0.9,-,-,0.5,-,-,6.41
Clayton Donaldson,Sheffield United,9(17),942,0.3,0.2,0.7,-,0.3,0.5,0.1,-,6.41
Ben Marshall,Wolverhampton,1(5),119,0.3,0.2,1,-,0.2,-,-,-,6.40
Jordan Cousins,Queens,13(2),996,1.5,0.7,1.5,0.1,1.3,0.6,0.3,-,6.40
Lynden Gooch,"Sunderland,",12(12),1101,0.6,0.2,0.7,-,0.5,0.7,-,-,6.40
Ryan Leonard,Sheffield United,6(7),489,0.8,0.5,0.7,-,0.6,0.2,0.1,-,6.40
Juan Rafael Fuentes Hernández,Nottingham,1,46,1,-,-,-,2,-,-,-,6.40
Bright Enobakhare,Wolverhampton,5(16),643,0.6,-,0.8,-,0.1,0.6,-,-,6.40
Gabriel Agbonlahor,Aston,2(4),284,0.8,-,1.7,-,0.3,1.2,-,-,6.40
Jan Kirchhoff,"Bolton,",2(2),185,1.8,0.5,1,-,1,0.5,-,-,6.40
Conor Washington,Queens,24(9),2263,0.2,-,0.5,-,0.1,0.3,-,-,6.39
Isaac Vassell,"Birmingham,",3(6),399,0.2,-,1.2,-,0.9,0.1,-,-,6.39
Sean Scannell,"Burton,",13(5),1044,0.7,0.3,0.5,-,0.6,0.3,0.1,-,6.39
Osman Kakay,Queens,2,157,1,0.5,0.5,-,1.5,-,0.5,-,6.39
Kazenga LuaLua,"Sunderland,",0(6),117,-,0.5,-,-,0.2,-,-,-,6.38
Callum O'Hare,Aston,0(4),103,1,-,-,-,-,0.8,-,-,6.38
Adam Forshaw,"Middlesbrough,",5(6),453,0.6,0.7,1,-,0.4,0.7,0.1,-,6.37
Chris Martin,"Derby,",5(18),837,0.3,-,0.7,-,0.5,0.1,-,-,6.37
Mason Bennett,"Derby,",1(2),41,0.7,0.3,0.3,-,0.3,-,-,-,6.37
Regan Slater,Sheffield United,0(1),16,-,-,-,-,-,-,-,-,6.37
Shane Ferguson,"Millwall,",9(15),948,0.8,0.3,0.2,-,0.6,0.4,0.1,-,6.36
Mamadou Thiam,"Barnsley,",12(17),1165,0.7,0.1,0.5,-,-,0.4,-,-,6.36
Jamie Ward,"Cardiff,",2(2),101,-,0.3,0.5,-,1.3,-,0.3,-,6.36
Chris Martin,"Reading,",4(6),425,0.7,-,0.7,-,0.9,0.6,-,-,6.36
James Wilson,Sheffield United,4(4),317,0.4,0.3,1,-,-,0.1,-,-,6.36
Jeff King,"Bolton,",1,77,4,-,1,-,-,1,-,-,6.36
Tommy Smith,"Ipswich,",3,270,0.3,1.7,1.3,1,5.3,1,1.3,-,6.36
Jamie Mackie,Queens,16(4),1251,0.7,0.2,1.4,-,0.1,0.3,0.1,-,6.35
George Evans,"Reading,",9(9),877,0.9,1.1,0.8,0.1,1.3,0.8,0.1,-,6.35
Ashley Fletcher,"Middlesbrough,",3(13),446,0.8,0.1,1.1,-,0.3,0.1,-,-,6.35
Adam Armstrong,"Bolton,",14(6),1118,0.8,0.4,0.6,-,0.6,0.7,-,-,6.34
Rhys Healey,"Cardiff,",1(2),98,-,-,0.7,-,0.3,0.3,-,-,6.34
Darren Bent,"Burton,",10(5),869,0.1,-,0.7,0.1,0.3,0.4,0.1,-,6.34
Chiedozie Ogbene,"Brentford,",0(2),35,-,0.5,-,-,0.5,-,-,-,6.34
Joe Lumley,Queens,2,180,-,-,-,-,1.5,-,-,-,6.34
Marvin Sordell,"Burton,",30(10),2652,0.5,0.2,0.4,-,0.4,0.6,0.1,-,6.33
William Miller,"Burton,",7(3),506,0.7,0.4,0.3,-,0.7,0.5,0.1,-,6.33
Nouha Dicko,"Hull,",19(10),1571,0.3,0.1,0.6,-,0.1,0.3,-,-,6.33
Samir Carruthers,Sheffield United,4(10),415,0.4,0.2,0.3,-,-,1,0.1,-,6.33
John Welsh,"Preston,",5(4),472,1.7,1.2,1.4,-,1.2,0.4,0.2,-,6.32
Jack Hobbs,Nottingham,2,180,1,1,1,1,7.5,2.5,-,-,6.32
Adam Le Fondre,"Bolton,",15(20),1686,0.4,0.1,1,-,0.2,0.5,0.1,-,6.32
Ryan Manning,Queens,10(9),920,0.7,0.5,0.5,-,0.5,1.1,0.1,1,6.32
Jake Clarke-Salter,"Sunderland,",8(3),653,1.6,0.8,0.8,-,4.5,1,0.1,-,6.32
Jonathan Leko,Bristol,5(6),404,0.9,0.1,1,-,0.3,0.5,-,-,6.32
Greg Halford,"Cardiff,",2(10),314,0.4,0.8,0.4,0.1,1.6,0.5,0.2,-,6.32
Ibrahima Cissé,"Fulham,",2(4),190,0.5,0.5,0.3,-,0.8,0.7,0.2,-,6.31
Simon Moore,Sheffield United,15(3),1488,-,-,0.1,-,0.7,-,-,-,6.31
Adrian Popa,"Reading,",3(3),281,0.7,0.2,0.7,-,0.3,0.2,0.2,-,6.31
Ikechi Anya,"Derby,",3(4),302,0.3,0.3,0.3,-,0.3,0.6,-,-,6.31
Luke Woolfenden,"Ipswich,",1(1),92,0.5,0.5,-,0.5,1,1,-,-,6.31
Stephen Darby,"Bolton,",3,204,1,-,-,-,5.3,-,-,-,6.31
Jason Cummings,Nottingham,7(7),600,0.4,0.1,0.3,-,0.2,1.1,0.1,-,6.31
Craig Bryson,"Derby,",0(4),69,0.8,0.3,0.5,-,-,-,-,-,6.31
William Buckley,"Bolton,",14(10),1210,0.8,0.3,0.8,-,0.5,1,-,-,6.30
Daryl Horgan,"Preston,",2(18),399,0.6,0.1,0.1,-,0.6,0.3,0.1,-,6.30
Apostolos Vellios,Nottingham,4(8),360,0.6,0.2,0.8,0.1,0.3,0.1,-,-,6.30
Luis Rafael Soares Alves,"Fulham,",0(3),53,1.3,0.7,-,0.7,1,-,-,-,6.30
Robbin Ruiter,"Sunderland,",20,1800,-,0.1,-,-,1,-,-,-,6.30
Bright Osayi-Samuel,Queens,6(12),641,0.5,0.2,0.6,-,-,0.3,-,-,6.30
Ben Folami,"Ipswich,",1(3),179,0.5,0.5,0.3,-,0.8,0.8,-,-,6.30
Zach Clough,"Bolton,",2(7),237,0.6,0.1,0.3,-,0.1,0.8,-,-,6.29
Craig Noone,"Bolton,",6(18),807,0.8,0.2,0.5,-,0.6,0.6,-,-,6.29
Tony Craig,"Millwall,",1(3),99,0.5,0.3,0.3,-,1.5,-,-,-,6.29
Alan Judge,"Brentford,",3(10),393,0.2,0.1,0.6,-,0.2,0.6,-,-,6.29
Jack Walton,"Barnsley,",3,270,-,-,-,-,1.7,0.3,-,-,6.29
Pelle Clement,"Reading,",10(13),1074,0.7,0.5,0.9,-,0.7,0.7,0.2,-,6.28
Kevin Stewart,"Hull,",10(7),949,1.4,0.9,1.5,0.1,0.8,1.1,0.2,-,6.28
Luke Hyam,"Ipswich,",6(11),666,1,0.6,0.6,-,0.9,0.6,0.3,-,6.28
Jacob Butterfield,Sheffield Wednesday,12(8),1061,1.1,0.5,1,-,0.6,0.8,-,-,6.28
Chris Cohen,Nottingham,0(2),32,1,-,1,-,1,-,-,-,6.28
Marley Watkins,"Norwich,",12(12),1218,0.7,0.1,1.5,-,0.3,0.6,0.2,-,6.28
Barry Cotter,"Ipswich,",1(1),57,-,0.5,0.5,-,1,-,-,-,6.28
Caleb Ekuban,"Leeds,",12(8),991,0.5,0.1,1.2,-,0.3,0.5,-,-,6.27
Fred Onyedinma,"Millwall,",8(29),981,0.6,0.1,0.8,-,0.1,0.2,-,-,6.27
Jordan Graham,Wolverhampton,0(1),6,-,-,-,-,-,-,-,-,6.27
Ryan Hedges,"Barnsley,",6(17),782,0.4,0.2,0.6,-,0.1,0.4,-,-,6.27
Roy Beerens,"Reading,",9(8),876,0.4,0.1,0.5,-,-,0.5,-,-,6.27
Liam Walsh,"Birmingham,",1(2),153,1,0.3,0.3,-,0.7,1,0.3,-,6.26
Liam Feeney,"Cardiff,",4(11),439,0.3,0.1,0.5,-,0.4,0.4,-,-,6.26
Flynn Downes,"Ipswich,",3(7),387,1.4,0.7,1.1,-,0.5,0.5,-,-,6.26
Stephen Gleeson,"Ipswich,",5(5),488,0.9,-,0.7,-,1,0.6,-,-,6.26
Garath McCleary,"Reading,",9(9),818,0.5,0.4,0.6,-,0.2,0.3,-,-,6.25
Cohen Bramall,"Birmingham,",3(2),333,1.4,0.8,0.8,-,1.6,0.6,0.4,-,6.25
Morgan Gibbs-White,Wolverhampton,1(12),241,0.2,0.2,0.3,-,0.3,0.4,-,-,6.25
Emiliano Marcondes Camargo Hansen,"Brentford,",2(10),359,0.6,-,0.4,-,0.2,0.3,0.1,-,6.25
Dennis Srbeny,"Norwich,",7(7),602,0.6,-,1.4,-,0.4,0.6,-,-,6.24
Yanic Wildschut,"Cardiff,",3(7),365,0.5,0.2,0.6,-,0.1,0.9,-,-,6.24
Adetayo Edun,"Fulham,",1(1),96,2,-,1,-,-,1,-,-,6.24
Jordan Obita,"Reading,",0(2),59,0.5,-,2,-,-,0.5,-,-,6.24
Caolan Lavery,Sheffield United,1(2),72,-,-,-,-,-,0.3,-,-,6.24
Sam Smith,"Reading,",4(4),320,0.5,-,0.4,-,0.6,0.3,-,-,6.24
Niclas Eliasson,Bristol,3(10),337,0.4,0.2,0.3,-,0.2,0.2,-,-,6.24
Louis Moult,"Preston,",3(7),314,0.2,-,0.7,-,0.2,0.4,-,-,6.24
Aramide Oteh,Queens,3(3),245,0.3,-,1,-,0.2,0.5,-,-,6.24
Freddie Sears,"Ipswich,",15(21),1723,0.4,0.3,0.4,-,0.2,0.3,-,-,6.23
Jamie Allen,"Burton,",19(10),1725,1,0.3,0.5,-,0.4,1,0.1,-,6.23
Joe Mason,"Burton,",3(3),287,0.8,-,0.8,-,0.2,0.2,0.2,-,6.23
Kevin Bru,"Ipswich,",3(6),380,0.7,0.3,0.9,-,0.7,0.4,-,-,6.23
Aaron Wilbraham,"Bolton,",3(20),378,0.3,0.1,0.5,-,0.2,0.3,-,-,6.23
Jason Lowe,"Birmingham,",6(3),385,1,0.6,0.4,-,1,0.6,0.4,-,6.23
Stephy Mavididi,"Preston,",3(7),334,-,-,0.6,-,-,0.3,-,-,6.22
Nathan Thomas,Sheffield United,0(1),16,1,-,-,-,-,1,-,-,6.22
Cauley Woodrow,Bristol,3(11),331,0.4,0.1,0.7,-,0.3,0.4,0.1,-,6.22
Marco André Silva Lopes Matias,Sheffield Wednesday,2(7),243,0.3,0.4,0.2,-,0.1,0.1,-,-,6.22
Carl Jenkinson,"Birmingham,",7,521,1.3,0.6,1.4,-,2.7,0.4,0.1,-,6.22
Ike Ugbo,"Barnsley,",7(9),745,0.4,0.1,0.6,-,0.1,0.1,0.1,-,6.21
Martin Cranie,"Middlesbrough,",1(8),146,0.4,0.3,0.3,0.2,1,0.4,0.1,-,6.21
John Mousinho,"Burton,",1,89,-,1,-,-,4,1,1,-,6.21
Rushian Hepburn-Murphy,Aston,0(3),59,1,-,0.3,-,-,-,-,-,6.21
Steven Naismith,"Norwich,",2,150,2,0.5,2,-,0.5,0.5,0.5,-,6.21
Josh Maja,"Sunderland,",6(11),586,0.1,0.1,0.3,-,0.5,0.2,0.1,-,6.20
Zach Clough,Nottingham,4(9),433,0.4,-,0.4,-,0.2,0.5,-,-,6.20
Denver Hume,"Sunderland,",0(1),19,1,-,-,-,-,1,1,-,6.20
Ritchie de Laet,Aston,1(4),109,0.2,1,0.2,-,0.8,0.4,-,-,6.20
Tyler Walker,"Bolton,",3(2),196,0.2,0.2,0.2,-,0.4,-,0.2,-,6.19
Nouha Dicko,Wolverhampton,0(5),77,0.2,-,-,-,-,-,-,-,6.19
Lee Camp,"Sunderland,",11(1),1029,0.1,0.1,0.2,-,0.7,0.1,-,-,6.19
Rafael Mir Vicente,Wolverhampton,0(2),29,-,-,0.5,-,-,-,-,-,6.19
Almen Abdi,Sheffield Wednesday,1(3),159,1.3,-,0.5,-,-,0.8,-,-,6.18
Adlène Guédioura,"Middlesbrough,",1,50,2,1,1,-,-,2,-,-,6.17
Joe Sbarra,"Burton,",4(13),605,0.4,0.4,0.3,-,0.4,0.4,-,-,6.17
Ben Thompson,"Millwall,",0(3),40,-,0.3,-,-,-,-,-,-,6.17
Daniel Lafferty,Sheffield United,1(7),199,0.4,0.3,0.3,-,0.3,0.3,-,-,6.17
Josh Dacres-Cogley,"Birmingham,",1(2),100,-,0.7,-,-,2,-,-,-,6.16
Stephen Gleeson,"Birmingham,",4(2),280,-,0.5,0.3,-,1,0.7,0.2,-,6.16
Ben Morris,"Ipswich,",1(2),67,-,-,-,-,-,0.7,-,-,6.16
Paul Robinson,"Birmingham,",0(2),46,0.5,-,0.5,-,-,-,-,-,6.16
Sylvain Deslandes,Wolverhampton,0(1),26,1,-,1,-,4,-,-,-,6.16
Jack Stobbs,Sheffield Wednesday,2(1),202,-,0.3,-,-,-,-,-,-,6.15
Marcelo Djaló,"Fulham,",0(2),13,-,-,1,-,3,-,-,-,6.14
Connor Kirby,Sheffield Wednesday,0(1),12,-,-,-,-,-,-,-,-,6.14
Connor Roberts,"Middlesbrough,",1,90,-,-,-,-,1,1,-,-,6.14
Kadeem Harris,"Cardiff,",1(2),94,-,-,0.7,-,-,0.7,-,-,6.13
Jay-Roy Grot,"Leeds,",1(19),301,0.2,0.2,0.7,-,0.3,0.4,0.1,-,6.13
James Weir,"Hull,",0(3),13,0.3,0.3,-,-,-,0.7,-,-,6.13
Jack Price,Wolverhampton,0(5),60,0.4,0.2,-,-,-,0.2,-,-,6.13
Jacob Butterfield,"Derby,",2(1),157,0.3,0.3,0.7,-,0.3,0.3,0.3,-,6.12
Harry Burgoyne,Wolverhampton,0(1),19,-,-,-,-,-,-,-,-,6.11
Ricky Holmes,Sheffield United,1(4),132,0.4,0.2,0.2,-,0.4,0.2,-,-,6.11
Luke Varney,"Burton,",1(17),305,0.2,0.1,0.5,-,0.6,0.2,-,-,6.10
Tristan Nydam,"Ipswich,",12(6),869,0.6,0.4,0.8,-,0.6,0.7,0.1,-,6.10
Adam McDonnell,"Ipswich,",0(1),13,-,-,-,-,2,-,-,-,6.10
Jamie Hanson,"Derby,",0(6),50,0.3,-,0.5,-,0.2,-,-,-,6.10
Ched Evans,Sheffield United,2(7),307,0.3,0.2,1.1,-,-,0.3,-,-,6.09
Sean Raggett,"Norwich,",0(2),10,-,-,-,-,-,-,-,-,6.09
Hadi Sacko,"Leeds,",1(13),281,0.4,0.1,0.5,-,0.3,0.6,-,-,6.08
Elliot Embleton,"Sunderland,",0(2),17,-,-,-,-,1,-,-,-,6.08
Luke Thomas,"Derby,",0(2),6,-,0.5,-,-,-,-,-,-,6.08
Theo Archibald,"Brentford,",0(2),18,0.5,-,0.5,-,-,-,-,-,6.07
Greg Luer,"Hull,",0(1),7,1,-,-,-,1,-,-,-,6.07
Matty Taylor,Bristol,4(14),519,0.2,0.1,0.6,-,0.1,0.3,-,-,6.07
Connor Ronan,Wolverhampton,0(3),29,-,0.7,0.7,-,0.3,0.3,-,-,6.07
Jason Shackell,"Millwall,",0(7),27,-,-,0.1,-,0.7,-,0.3,-,6.06
Freddie Hinds,Bristol,0(1),7,-,-,-,-,-,-,-,-,6.06
Frédéric Gounongbe,"Cardiff,",0(3),23,-,-,-,-,-,-,-,-,6.06
Ryan Edmondson,"Leeds,",0(1),16,-,-,1,-,-,-,-,-,6.06
Wahbi Khazri,"Sunderland,",0(3),70,0.3,-,0.7,-,-,-,-,-,6.06
Gustav Engvall,Bristol,0(2),13,-,-,0.5,-,-,-,-,-,6.04
Luca De La Torre,"Fulham,",0(5),50,-,-,-,-,-,0.2,-,-,6.04
Lois Diony,Bristol,1(6),200,0.7,-,0.9,-,-,0.1,-,-,6.04
Jordan Graham,"Fulham,",0(3),33,0.3,-,-,-,-,-,-,-,6.02
Frederik Nielsen,Sheffield Wednesday,0(3),13,-,-,0.3,-,0.3,-,-,-,6.02
Gary O'Neil,Bristol,0(4),56,-,-,0.8,-,0.8,0.3,-,-,6.02
Tomas Egert,"Burton,",0(3),23,-,0.3,0.3,-,-,0.3,-,-,6.02
Jamie Ward,Nottingham,0(8),118,0.3,0.1,0.6,-,0.1,-,-,-,6.02
Kristopher Twardek,"Millwall,",0(2),12,-,-,-,-,-,-,-,-,6.02
Connor Ripley,"Burton,",2,180,-,-,-,-,0.5,-,-,-,6.01
Marcus Edwards,"Norwich,",0(1),6,-,-,-,-,-,-,-,-,6.01
Antoine Semenyo,Bristol,0(1),11,1,-,1,-,-,1,-,-,6.00
Bali Mumba,"Sunderland,",0(1),3,-,-,-,-,-,1,-,-,6.00
Connor Simpson,"Preston,",0(1),1,-,-,-,-,-,-,-,-,6.00
Danny Rowe,"Ipswich,",0(2),15,-,0.5,0.5,-,-,-,-,-,6.00
Matthew Kennedy,"Cardiff,",0(1),1,-,-,-,-,1,-,-,-,6.00
Shaun Barker,"Burton,",0(1),1,-,-,-,-,-,-,-,-,6.00
Tim Cahill,"Millwall,",0(10),65,0.2,0.1,0.7,-,0.1,0.7,0.1,-,6.00
Dylan Mottley-Henry,"Barnsley,",0(1),22,-,-,-,-,-,-,-,-,5.99
Marnick Vermijl,"Preston,",0(2),63,0.5,-,0.5,0.5,1.5,-,-,-,5.99
David Edwards,Wolverhampton,0(1),12,-,-,1,-,-,-,-,-,5.98
Russell Martin,"Norwich,",4(1),351,0.4,0.8,0.2,-,2.4,0.6,0.4,1,5.97
Yeni N'Gbakoto,Queens,2(3),143,-,0.4,1.2,-,-,0.2,0.2,-,5.97
Stefan Payne,"Barnsley,",0(2),23,-,-,0.5,-,-,-,-,-,5.97
Justin Shaibu,"Brentford,",0(2),10,-,-,-,-,-,0.5,-,-,5.96
Cheick Keita,"Birmingham,",0(1),11,-,-,-,-,-,1,-,-,5.93
Harry Charsley,"Bolton,",1,55,1,-,2,-,-,1,-,-,5.92
Jake Eastwood,Sheffield United,0(1),14,-,-,-,-,-,-,-,-,5.91
Mateusz Klich,"Leeds,",1(3),131,1,-,0.3,-,0.8,0.3,-,-,5.90
Andy Lonergan,"Leeds,",7,630,-,-,0.1,-,0.9,-,-,-,5.89
Ashkan Dejagah,Nottingham,0(1),14,-,1,1,-,-,-,-,-,5.88
David Marshall,"Hull,",2,180,-,-,0.5,-,1,-,-,-,5.83
Will Norris,Wolverhampton,1,71,-,-,-,-,1,1,-,-,4.03
