name,team,Apps,Mins,Assists,KeyP,AvgP,PS,Crosses,LongB,ThrB,Rating
Adama Traoré,"Middlesbrough,",26(8),2247,10,1.4,12.4,72.3,1.2,0.3,0.1,7.79
Aleksandar Mitrovic,"Fulham,",15(2),1383,1,1.1,26.8,77.4,-,0.8,-,7.65
Curtis Davies,"Derby,",46,4133,3,0.1,40.8,78.3,-,2.2,-,7.59
Ashley Baker,Sheffield Wednesday,1,84,-,-,14,64.3,-,1,-,7.57
Sean Morrison,"Cardiff,",38(1),3330,1,0.6,20.5,55.5,-,1.6,-,7.56
Willy Boly,Wolverhampton,36,3200,2,0.4,61.2,83,-,2.8,0.1,7.52
Souleymane Bamba,"Cardiff,",43(3),3851,1,0.3,20.3,63.8,-,2,-,7.51
Mark Bunn,Aston,1,90,-,-,36,38.9,-,5,-,7.48
Armand Traore,"Cardiff,",3(1),249,1,1.3,15,55,1,0.5,-,7.45
James Maddison,"Norwich,",42(2),3643,8,2.8,47.9,86.2,1.3,2.6,0.2,7.43
Barry Douglas,Wolverhampton,38(1),3393,14,1.8,45.5,80.3,1.9,1.3,-,7.41
Shaun Hutchinson,"Millwall,",46,4140,1,0.2,29.6,58.5,-,4.1,-,7.40
Robert Snodgrass,Aston,38(2),3159,14,2.3,34.1,73.2,1.9,1,0.1,7.40
Harry Wilson,"Hull,",11(2),996,3,1.1,28.4,74,0.8,0.5,0.3,7.37
Joe Bryan,Bristol,42(1),3740,3,0.8,38.8,70.4,0.8,2.8,-,7.34
George Saville,"Millwall,",44,3947,1,1,30.9,71.5,0.6,1.3,-,7.32
Dean Gerken,"Ipswich,",1,90,-,-,25,80,-,14,-,7.32
Massimo Luongo,Queens,38(1),3389,3,1.2,43.5,71.6,0.2,1.9,0.1,7.32
Diogo José Teixeira da Silva,Wolverhampton,43(1),3632,5,1.2,32.9,78,0.3,0.9,0.2,7.32
Luke Freeman,Queens,43(2),3849,12,2.4,33.8,76.1,2.4,1.4,0.1,7.31
Joe Lolley,Nottingham,13(3),1114,3,1.2,23.6,77.7,0.6,0.5,-,7.31
Tom Cairney,"Fulham,",30(4),2796,5,1.9,79.5,91.3,0.1,4.2,0.3,7.30
Kieffer Moore,"Barnsley,",16(4),1474,4,0.9,21.9,58.1,0.1,0.3,-,7.29
Joe Ralls,"Cardiff,",37,3321,4,1.9,37.4,66.9,1.4,3.6,-,7.29
David Junior Hoilett,"Cardiff,",44(2),3808,11,1.8,20.8,69.9,0.9,0.7,0.1,7.28
Oliver McBurnie,"Barnsley,",16(1),1420,-,1.5,24.2,76,0.1,0.6,-,7.26
Matt Targett,"Fulham,",17(1),1465,2,1.8,51.2,79.4,1.3,3,0.2,7.26
Gary Madine,"Bolton,",28,2470,5,1.5,29.5,58.2,-,0.4,-,7.26
Ethan Pinnock,"Barnsley,",9(3),940,-,0.2,27.9,71.6,-,1.6,-,7.25
Thomas Spurr,"Preston,",5,430,-,-,32.4,77.2,-,2.8,-,7.25
Bruno Ecuele Manga,"Cardiff,",35(3),3183,2,0.2,23.7,61.1,-,2.5,-,7.25
Adam Webster,"Ipswich,",25(3),2287,2,0.1,38,58.7,-,4.1,-,7.24
Matt Ingram,Queens,2,140,-,-,23.5,38.3,-,6.5,-,7.24
Oliver Watkins,"Brentford,",39(6),3531,4,2.2,33.6,78.7,1.2,0.7,0.1,7.24
Sammy Ameobi,"Bolton,",33(2),2910,2,1.2,25.8,64.6,0.7,1,-,7.23
Abel Hernández,"Hull,",8(2),688,1,0.9,13.8,76.1,-,0.6,0.2,7.23
Tommy Elphick,Aston,3(1),277,-,0.3,31.8,84.3,-,3.5,-,7.22
Jack Grealish,Aston,19(8),1860,5,1.9,43.6,85.7,0.5,1.8,0.1,7.22
Albert Adomah,Aston,34(5),2864,5,1.1,23.3,76.7,0.9,0.3,-,7.20
Rúben Diogo da Silva Neves,Wolverhampton,42,3622,1,0.9,63.8,84.9,0.2,8.6,0.2,7.20
Tom Clarke,"Preston,",14(4),1276,-,0.3,28.4,62.1,0.1,2.1,-,7.20
Luke Molyneux,"Sunderland,",1,90,-,3,18,83.3,-,-,1,7.20
Cyrus Christie,"Middlesbrough,",24(1),2122,4,1,37.4,78.6,0.8,1.9,-,7.20
Shaun Williams,"Millwall,",30(5),2758,3,1.5,35.7,70.7,2.2,3,-,7.17
Cameron Borthwick-Jackson,"Leeds,",1,82,-,2,28,71.4,2,2,-,7.17
Aden Flint,Bristol,38(1),3428,2,0.5,43.2,72.4,0.1,4.6,-,7.17
Tom Lees,Sheffield Wednesday,28(1),2565,1,0.1,46.9,81.2,-,4.1,-,7.16
James Chester,Aston,46,4140,1,0.1,40.2,87.2,-,1.9,-,7.16
Fernando Forestieri,Sheffield Wednesday,6(4),558,-,0.3,19.9,81.9,0.3,0.6,0.1,7.16
Darnell Fisher,"Preston,",34,2924,1,0.8,33.5,66.7,0.4,2.2,-,7.14
Steve Morison,"Millwall,",38(6),3449,8,1.2,28.8,53.4,0.2,0.5,-,7.14
Marko Grujic,"Cardiff,",12(1),986,-,0.5,29.2,58.6,0.2,1.3,-,7.14
John Fleck,Sheffield United,41,3659,7,1.8,51.1,80.3,1,2.5,0.1,7.14
Daniel Ayala,"Middlesbrough,",33,2910,1,0.2,34.4,68.9,-,2.7,-,7.14
Nathaniel Mendez-Laing,"Cardiff,",33(5),2861,5,1,21.1,64.4,0.4,0.5,0.1,7.13
Yoann Barbet,"Brentford,",32(2),2949,2,1.1,52.2,75.9,0.2,6.3,0.1,7.13
Thomas Holmes,"Reading,",1,90,-,-,33,60.6,-,2,-,7.13
Ivan Cavaleiro,Wolverhampton,31(11),2577,12,1.6,24.7,82.7,1.2,0.7,0.1,7.13
Richard Keogh,"Derby,",42,3698,5,0.4,41.5,80.8,-,3.1,-,7.13
Jack O'Connell,Sheffield United,46,4140,4,0.5,55.5,71.8,0.3,3.1,-,7.13
Callum Paterson,"Cardiff,",23(9),2165,4,1.1,19.4,48.9,0.3,0.9,-,7.13
Tom Lawrence,"Derby,",36(3),3083,7,1.6,25.1,76.4,1,0.7,0.1,7.13
Conor Hourihane,Aston,40(1),3431,2,1.5,45.9,82.5,1,2.4,-,7.12
Mark Beevers,"Bolton,",44,3960,-,0.4,26.6,59.8,-,2.6,-,7.12
Pontus Jansson,"Leeds,",41(1),3560,-,0.2,34.4,83.2,-,2.2,-,7.12
Matt Doherty,Wolverhampton,45,3987,4,1,48.4,79.2,0.6,1.4,-,7.12
Liam Moore,"Reading,",46,4140,1,0.2,51.5,82.5,-,3.5,-,7.12
Bobby De Cordova-Reid,Bristol,46,4043,7,1.2,26.8,79,0.2,1,0.1,7.11
Jake Cooper,"Millwall,",35(3),3184,3,0.3,24.1,52.2,-,3.6,-,7.10
Alex Pritchard,"Norwich,",5(3),473,2,1.3,25.9,78.7,1,0.8,0.3,7.10
Chris Baird,"Derby,",21(1),1886,1,1.1,37.4,72.6,1.3,3,-,7.10
George Friend,"Middlesbrough,",29(4),2704,1,0.5,30.5,67.6,0.3,1.3,-,7.10
Temitayo Olufisayo Olaoluwa Aina,"Hull,",42(2),3823,3,0.7,37.7,75.3,0.4,1.7,-,7.09
Joshua Earl,"Preston,",16(3),1494,-,0.6,34.9,72.5,0.5,1.9,-,7.09
Tom Pearce,"Leeds,",5,430,-,0.4,33.6,77.4,0.4,2.4,-,7.09
Romain Saïss,Wolverhampton,37(5),3398,-,0.7,62.6,83.8,0.2,5.6,0.1,7.09
Muhamed Besic,"Middlesbrough,",15,1179,1,1.7,40.5,88,0.1,3.5,0.2,7.08
Mark Duffy,Sheffield United,28(8),2472,9,1.8,39.8,80.8,1.2,1.6,0.2,7.08
Paul Coutts,Sheffield United,16,1401,-,0.9,67.8,84.9,0.8,4.3,-,7.08
Paul Huntington,"Preston,",44,3916,2,0.3,33.9,69.2,-,2.5,-,7.07
José Ignacio Peleteiro Ramallo,"Brentford,",4,325,3,1.8,38.8,71,0.5,2.5,-,7.07
Leon Clarke,Sheffield United,38(1),3332,5,1,22.9,66.1,0.1,0.3,-,7.07
Tobias Pereira Figueiredo,Nottingham,12,1050,-,0.1,36.7,75.9,-,2.7,-,7.07
Kevin McDonald,"Fulham,",42,3734,1,0.5,64.6,85.7,0.1,3.6,0.1,7.07
Atdhe Nuhiu,Sheffield Wednesday,15(13),1451,5,0.6,24,66.9,0.1,0.5,-,7.06
Chris Basham,Sheffield United,44(1),3887,1,0.3,40.2,71.8,0.3,2.9,-,7.06
Adam Reach,Sheffield Wednesday,45(1),4063,11,1.6,39.2,80.2,0.8,2.3,-,7.06
Chris Mepham,"Brentford,",17(4),1707,-,0.2,46.3,79.3,-,2.6,-,7.06
Joe Garner,"Ipswich,",29(3),2573,2,0.8,21.3,53.1,0.1,0.8,0.1,7.05
Harlee Dean,"Brentford,",3,270,-,1,66.3,76.4,-,5,-,7.05
Tom Trybull,"Norwich,",17(3),1428,-,0.4,47.5,88,-,2.1,-,7.05
Ben Marshall,"Millwall,",16,1232,5,2.1,18.1,66.6,2.3,1.4,-,7.05
Mathieu Smith,Queens,17(24),2064,9,0.4,12.7,42.2,-,0.1,-,7.05
Michael Hector,"Hull,",33(3),2965,-,0.3,47.6,70.8,0.1,4.9,-,7.04
Lee Tomlin,Nottingham,12(3),1055,3,1.8,35.7,76.5,0.5,1.9,0.1,7.04
Jarrod Bowen,"Hull,",37(5),3284,1,1,25.3,73.4,0.8,0.7,0.1,7.04
John Egan,"Brentford,",32(1),2851,1,0.4,50.5,80.2,-,5.6,-,7.03
Matthew Connolly,"Cardiff,",4,360,-,0.3,20,46.3,-,1.5,-,7.03
Bryan Oviedo,"Sunderland,",31(3),2605,4,1.3,33.3,73.1,0.9,1.5,-,7.03
Tim Ream,"Fulham,",44,3960,-,0.1,58.3,88.3,-,2,-,7.03
Max Clark,"Hull,",25(2),2270,-,0.5,41.7,65,0.8,2.5,-,7.03
Greg Cunningham,"Preston,",20,1734,2,0.7,33.7,72.5,0.5,1.6,-,7.03
Andrew Boyle,"Preston,",3,270,-,-,47.3,75.4,-,3,-,7.02
Aron Gunnarsson,"Cardiff,",17(3),1500,1,0.9,26.5,65.4,0.2,1.6,0.1,7.02
Kouassi Ryan Sessegnon,"Fulham,",45(1),4041,6,1.1,34.5,75.1,0.5,0.6,-,7.02
Ryan Shotton,"Middlesbrough,",23(1),2062,2,0.5,31.1,70,0.2,1.7,-,7.02
Adam Jackson,"Barnsley,",22,1887,-,0.1,31,68.4,-,2.8,-,7.02
Armand Traore,Nottingham,15(3),1372,2,0.6,43.8,81.6,0.3,0.9,-,7.02
Sean Maguire,"Preston,",19(5),1678,3,0.8,18.8,65.7,0.1,0.4,0.1,7.01
Mile Jedinak,Aston,17(8),1510,-,0.1,31.6,74.5,-,2,-,7.01
Jack Robinson,Queens,29(2),2645,1,0.3,39.4,75.2,-,3.8,-,7.01
Frederico André Ferrão Venâncio,Sheffield Wednesday,20,1788,-,0.2,37.6,77,0.1,3,-,7.01
Ryan Bennett,Wolverhampton,27(2),2508,1,0.1,45.3,84,-,1.7,-,7.00
Luke Ayling,"Leeds,",27,2366,1,0.4,40.2,71.6,0.2,2.5,-,7.00
Joe Bennett,"Cardiff,",38,3340,4,0.7,22.3,65.4,0.4,1.7,-,7.00
Nathan Baker,Bristol,34,2737,1,0.2,37.1,73.7,-,3,-,7.00
Kenneth Zohore,"Cardiff,",30(6),2680,5,0.9,15.6,58.9,0.1,0.2,0.1,7.00
Tom Huddlestone,"Derby,",44,3926,-,0.9,56.1,78.8,0.3,6,0.2,6.99
Jack Rodwell,"Sunderland,",1(1),104,-,-,24.5,65.3,-,1,-,6.99
Ben Davies,"Preston,",33(1),2927,-,0.1,42.5,76.3,-,3.8,-,6.99
Jackson Irvine,"Hull,",27(7),2460,6,1.2,37.4,68.2,0.2,1,0.1,6.98
Wes Harding,"Birmingham,",9,810,2,0.8,19.4,65.1,0.6,1.1,-,6.98
Henrik Dalsgaard,"Brentford,",29,2541,3,1,38.5,72,0.4,2.4,-,6.98
Rico Henry,"Brentford,",8,665,-,0.5,44.1,77.6,0.5,1.9,-,6.98
Sam Clucas,"Hull,",3,251,1,1.3,56.7,81.2,0.3,3,-,6.98
Ben Osborn,Nottingham,42(4),3810,5,1.6,50,81,0.9,2.3,-,6.98
Tomas Kalas,"Fulham,",29(4),2523,1,0.1,43.8,86.9,-,2.1,-,6.98
Timm Klose,"Norwich,",36(1),3241,1,0.3,53.2,83.1,-,3.9,0.1,6.97
Daniel Fox,Nottingham,23,2026,-,0.3,44.6,70.3,-,3.8,-,6.97
Joe Williams,"Barnsley,",33(1),2979,-,1.1,53.5,77.4,0.1,4.7,-,6.97
Pablo Hernández,"Leeds,",34(7),2978,8,2.3,40.4,71.1,1.2,2.5,0.2,6.97
John Terry,Aston,32,2811,1,0.2,42.7,84.9,-,2,-,6.97
Bailey Wright,Bristol,36,3218,2,0.4,45.2,77.9,0.1,3.1,-,6.97
Ryan Fredericks,"Fulham,",44,3919,7,1,42,76.4,0.6,1.6,-,6.96
David Wheater,"Bolton,",32(1),2866,-,0.2,22.8,67.6,-,2.2,-,6.96
Stewart Downing,"Middlesbrough,",38(2),3246,7,1.9,36.5,82.9,1.7,3.9,0.1,6.96
Jonas Knudsen,"Ipswich,",42,3780,7,0.7,38.1,66.5,0.6,3.5,-,6.96
Andy Yiadom,"Barnsley,",31(1),2797,3,0.8,36.5,68.6,0.4,2.8,-,6.96
Michael Dawson,"Hull,",40,3600,1,0.1,43.9,76,-,4.8,-,6.96
Andre Green,Aston,4(1),340,-,0.8,20.8,70.2,1.6,0.2,-,6.96
Jed Wallace,"Millwall,",42(1),3661,9,1.4,27.7,67.9,1.2,1.3,-,6.95
Martyn Waghorn,"Ipswich,",39(5),3465,11,1.5,18.7,71.9,1.2,1.2,-,6.95
Aiden McGeady,"Sunderland,",28(7),2639,5,1.6,23.3,80.3,1.4,1.4,0.1,6.95
Famara Diedhiou,Bristol,28(4),2341,2,0.7,17.5,64,-,0.4,-,6.95
Craig Forsyth,"Derby,",31,2790,1,0.6,38.8,66.1,0.4,2.7,-,6.95
Adam Forshaw,"Leeds,",9(3),874,1,1.3,42.2,85.4,0.3,3.2,0.1,6.95
Cameron Carter-Vickers,"Ipswich,",17,1530,-,-,41.1,69.1,-,2.5,-,6.95
Luke Daniels,"Brentford,",1,90,-,-,28,67.9,-,3,-,6.95
Grant Hanley,"Norwich,",28(4),2475,1,0.2,39,75.9,-,3.8,-,6.95
Michael Mancienne,Nottingham,27(2),2435,-,0.1,42.9,83.8,-,3.1,-,6.95
Samuel Sáiz Alonso,"Leeds,",28(6),2642,7,1.9,33.5,77.2,0.5,1.9,0.1,6.95
Lewis Grabban,Aston,10(5),970,1,0.8,20.7,80.1,0.2,0.5,0.1,6.95
Kyle McFadzean,"Burton,",39(3),3415,-,0.2,37.6,67.3,-,4.5,-,6.94
Paul Gallagher,"Preston,",22(10),1858,6,2,36.2,72.3,1.8,4.6,0.1,6.94
Tommy Elphick,"Reading,",2(2),196,-,-,22.5,80,-,0.5,-,6.94
Paul McShane,"Reading,",24(2),2141,1,0.2,60.5,84.5,-,6.4,-,6.94
Matej Vydra,"Derby,",34(6),2718,4,1,20.2,78.3,-,0.4,0.2,6.94
Andreas Bjelland,"Brentford,",32(2),2681,1,0.2,48.6,79.6,-,4.2,-,6.93
Alan Hutton,Aston,26(3),2351,2,0.6,38.6,74.4,0.4,2,-,6.93
Sean Clare,Sheffield Wednesday,4(1),349,-,1,27.4,78.1,0.6,1,-,6.93
Liam Lindsay,"Barnsley,",42,3771,1,0.3,35.5,64.9,-,4.6,-,6.93
Jake Bidwell,Queens,45(1),3917,4,1.2,28.6,64.1,1.1,1.9,-,6.93
Modou Barrow,"Reading,",37(4),3348,4,1,19.3,70.3,0.5,0.6,-,6.92
Alan Browne,"Preston,",38(6),3391,1,0.9,32.8,70.2,0.3,1.5,-,6.92
Oskar Buur,Wolverhampton,0(1),20,-,-,7,71.4,-,-,-,6.92
Gary Hooper,Sheffield Wednesday,22(2),1931,3,1.1,32.5,84.5,-,1.1,0.1,6.91
Barrie McKay,Nottingham,22(4),1704,7,1.6,31,79,0.8,1,-,6.91
Jordan Spence,"Ipswich,",37(3),3329,4,0.5,30.4,65.2,0.3,1.7,-,6.91
Danny Batth,Wolverhampton,15(1),1275,-,-,38.5,77.8,-,1.6,-,6.90
Alex Pearce,"Derby,",5(2),500,-,0.1,34.3,78.8,-,3,-,6.90
Denis Odoi,"Fulham,",30(8),2698,-,0.2,42.1,83.8,-,1.6,-,6.90
Fabio Pereira da Silva,"Middlesbrough,",18(4),1496,1,0.6,26.6,69.1,0.5,1.2,-,6.90
Joe Worrall,Nottingham,28(3),2615,-,0.2,52.5,80.3,-,3.8,-,6.89
Luke Chambers,"Ipswich,",37,3264,-,0.1,39.5,70.6,-,4.6,-,6.89
Ben Pearson,"Preston,",35,3037,2,0.9,54,78.7,0.1,4.3,-,6.89
Martin Braithwaite,"Middlesbrough,",17(2),1397,2,0.9,24.5,80,0.1,0.7,0.1,6.89
Jonny Howson,"Middlesbrough,",37(6),3303,2,1.1,35,79,0.2,1.8,0.1,6.89
Lee Peltier,"Cardiff,",27(3),2420,1,0.4,22.5,56.4,0.3,1.8,-,6.89
Rudy Gestede,"Middlesbrough,",10(9),927,2,0.6,14.2,53.2,0.1,0.1,0.1,6.89
Rúben Gonçalo Silva Nascimento Vinagre,Wolverhampton,8(1),628,1,0.7,31.4,78.4,0.3,0.8,0.1,6.89
Harlee Dean,"Birmingham,",34,3015,-,0.2,39.6,73.5,-,4.3,-,6.89
Andre Wisdom,"Derby,",29(1),2599,3,0.4,33.2,76.8,0.3,1.5,-,6.89
Jonathan Grounds,"Birmingham,",26,2199,-,0.6,36.9,70.6,0.3,2.4,-,6.89
Conor McLaughlin,"Millwall,",23(1),2045,-,0.3,26.1,60.1,0.5,1.8,-,6.88
Ben Watson,Nottingham,14,1234,-,1.1,55.9,85.6,0.1,4.2,0.1,6.88
Maxime Colin,"Brentford,",3,270,-,1,58.7,79.5,0.7,2.7,0.3,6.88
Jeremie Boga,"Birmingham,",24(7),2095,3,1,17.3,80.4,0.5,0.4,0.1,6.88
Oviemuno Ejaria,"Sunderland,",9(2),790,-,1,34.3,83,-,0.6,0.1,6.88
Marlon Pack,Bristol,36(6),3164,6,0.8,54.6,80.2,0.2,4.9,-,6.88
Roderick Jefferson Gonçalves Miranda,Wolverhampton,16(1),1404,-,0.1,40.1,78.3,-,2.5,-,6.88
Dominic Iorfa,"Ipswich,",20(3),1730,1,0.3,26.7,60.9,0.1,0.8,-,6.88
Stefan Johansen,"Fulham,",43(2),3633,8,2,56.4,83.9,0.7,2.3,0.2,6.88
Kalvin Phillips,"Leeds,",36(5),3200,3,0.7,32.5,72.4,0.2,2.1,-,6.88
Stefanos Kapino,Nottingham,4,360,-,-,31,42.7,-,6.3,-,6.87
Josh Brownhill,Bristol,41(4),3639,6,1,43.4,76.1,0.5,2.6,-,6.87
Myles Kenlock,"Ipswich,",15(1),1281,1,0.4,28.8,58.9,0.6,1.9,-,6.87
Ben Turner,"Burton,",26(4),2362,1,0.4,25,49.3,0.1,2.8,-,6.87
Ben Gibson,"Middlesbrough,",45,4050,3,0.2,45.5,79.7,-,4.4,-,6.87
John O'Shea,"Sunderland,",34(3),3080,-,-,34.6,77.7,-,2.1,-,6.87
Alex Baptiste,Queens,26,2245,-,0.3,37.2,66.5,0.1,2.8,-,6.87
Tendayi Darikwa,Nottingham,29(1),2555,-,0.9,47.9,78.8,0.5,2.2,-,6.87
Ezgjan Alioski,"Leeds,",40(2),3151,5,1.1,20.9,69,0.6,0.8,-,6.86
Oluwaseyi Ojo,"Fulham,",18(4),1402,2,0.5,15.9,83.1,0.2,0.1,-,6.86
Dael Fry,"Middlesbrough,",11(2),1044,1,0.1,43.1,78.6,-,3.3,-,6.86
Cole Skuse,"Ipswich,",39,3330,1,0.5,36.1,78.5,-,2.2,-,6.85
Daniel Pudil,Sheffield Wednesday,24(3),2139,1,0.3,34.6,75.4,-,2.9,-,6.85
Bradley Johnson,"Derby,",25(8),2331,5,0.5,32.8,66.8,0.2,1.7,0.2,6.85
James Perch,Queens,6(1),510,-,0.3,38,75.2,-,1.9,-,6.85
Enda Stevens,Sheffield United,45,3973,4,1,39.8,70.3,0.8,1.7,-,6.85
Josh Scowen,Queens,42,3721,1,0.7,50.3,72.7,0.2,4.2,-,6.85
Jordan Hugill,"Preston,",26(1),2266,1,1.2,21.6,60.2,0.1,0.3,-,6.85
Ashley Darel Jazz Richards,"Cardiff,",5(1),477,-,0.7,24,70.1,0.3,2.2,-,6.85
Romaine Sawyers,"Brentford,",36(6),3284,4,1.8,46.8,84.8,0.1,2.5,0.4,6.85
David McGoldrick,"Ipswich,",18(4),1617,4,0.7,25.6,73.6,-,1.4,-,6.85
Gustavo Lucas Domingues Piazon,"Fulham,",14(8),1170,4,0.8,24.7,82.5,-,0.3,-,6.85
Lee Evans,Sheffield United,18(1),1538,1,0.7,59.3,82.5,0.6,5,0.1,6.85
Daniel Pinillos,"Barnsley,",7(1),665,1,0.6,37.8,71.2,0.4,2.4,-,6.84
James Hanson,Sheffield United,0(1),16,-,-,11,45.5,-,-,-,6.84
Patrick McNair,"Sunderland,",12(4),1070,-,0.6,24.6,76.6,0.3,0.8,-,6.84
James Meredith,"Millwall,",46,4009,-,0.3,23.9,63,0.2,1.5,-,6.84
Lucas Eduardo Santos João,Sheffield Wednesday,17(14),1769,3,0.6,16.7,76.3,-,0.3,-,6.84
Marco Stiepermann,"Norwich,",15(8),1429,2,0.9,31.8,70.5,0.4,1.6,-,6.84
Jacques Maghoma,"Birmingham,",32(9),2868,6,1.1,18.1,79.9,0.6,0.5,-,6.84
Craig Gardner,"Birmingham,",20(6),1775,2,1.6,40.2,72.4,1.3,4.8,-,6.84
Liam Cooper,"Leeds,",30,2496,1,0.2,35.3,77.1,-,2.7,-,6.83
Ezekiel Fryers,"Barnsley,",22,1968,2,1,33.5,66.6,0.8,2.8,-,6.83
Ahmed Eissa El Mohamady Abdel Fattah,Aston,36(7),3177,5,0.7,42.3,73.4,0.9,2.3,-,6.83
Dorian Dervite,"Bolton,",13(1),1171,-,0.4,34.1,57.3,0.1,4.1,-,6.83
Thomas Barkhuizen,"Preston,",43(3),3708,7,1.1,20.8,71,0.6,0.4,-,6.83
Lewis Grabban,"Sunderland,",18(1),1558,-,1.1,20.7,81.5,0.4,0.9,0.1,6.83
Paudie O'Connor,"Leeds,",4,360,-,-,41.3,77,-,2,-,6.83
Matthew Cash,Nottingham,14(9),1455,3,0.9,17.3,61.7,0.6,0.3,-,6.82
Axel Tuanzebe,Aston,4(1),300,-,0.4,31,73.5,-,1.4,-,6.82
Liam Bridcutt,Nottingham,24(3),2146,4,0.9,58.8,84.4,0.1,2.9,0.1,6.82
Veijeany Christopher Samba,Aston,5(7),539,-,-,16.1,76.7,-,1,-,6.81
Lucas Akins,"Burton,",39(3),3509,6,1,29.8,73.5,0.5,0.8,-,6.81
Byron Webster,"Millwall,",10,900,-,0.3,28.8,63.5,-,3.6,-,6.81
Kevin O'Connor,"Preston,",4(4),522,-,0.1,29.3,70.1,0.5,1.5,-,6.81
Mario Vrancic,"Norwich,",29(6),2609,2,1.5,45.2,76.6,0.5,3.3,0.1,6.81
Conor Coady,Wolverhampton,45,3975,2,0.2,45.4,90.3,-,6.5,0.1,6.81
Matthew Pearson,"Barnsley,",14(3),1306,1,0.4,30.6,61.4,0.2,2.5,-,6.81
Marcus Bettinelli,"Fulham,",26,2340,-,-,28.1,67.8,-,6.9,-,6.81
Daniel Batty,"Hull,",1,90,-,-,36,80.6,-,3,-,6.81
Fikayo Tomori,"Hull,",23(2),2063,2,0.6,32,73.5,0.3,1.7,-,6.81
José Ignacio Peleteiro Ramallo,"Birmingham,",24(8),2184,2,1.3,20.9,76.2,1.3,1.1,0.1,6.81
Markus Henriksen,"Hull,",25(6),2160,5,0.7,32.7,76.5,0.1,1.5,-,6.81
Marc Wilson,"Sunderland,",20(1),1690,-,0.2,35.7,76.9,-,3,-,6.81
Josh Clarke,"Brentford,",23(5),2153,-,0.8,30.6,76.2,0.3,0.6,-,6.81
Eberechi Eze,Queens,8(8),848,-,0.9,19.6,83.1,0.1,0.7,0.1,6.80
Florian Jozefzoon,"Brentford,",31(8),2677,7,1.5,16.8,77.4,0.9,0.1,-,6.80
Marc Roberts,"Birmingham,",26(4),2423,-,0.4,34.4,65,0.1,4.3,-,6.80
Jamie Paterson,Bristol,34(7),2825,8,1.5,29.2,74.9,0.7,1.8,-,6.80
Jack Hunt,Sheffield Wednesday,28(1),2381,4,1.2,32.2,69.3,1.2,1.8,-,6.80
Adam Hammill,"Barnsley,",30(8),2714,1,1.6,20.6,70.9,1.4,1.1,-,6.80
Mustapha Carayol,"Ipswich,",5(3),318,1,0.9,9.8,66.7,0.6,0.6,-,6.79
Kieran Dowell,Nottingham,31(7),2699,4,1.6,32.8,77.2,0.4,1.1,0.1,6.79
Callum Robinson,"Preston,",30(11),2570,7,1.1,20.1,71.1,0.8,0.7,0.1,6.79
Laurens De Bock,"Leeds,",7,630,-,0.9,35.7,75.2,0.3,1.7,-,6.79
Brian Murphy,"Cardiff,",1,90,-,-,28,39.3,-,11,-,6.79
Bartosz Bialkowski,"Ipswich,",45,4050,-,-,29.5,42.9,-,8.8,-,6.79
Ondrej Mazuch,"Hull,",10(4),905,-,-,27.5,84.2,-,1.6,-,6.79
Joost van Aken,Sheffield Wednesday,14,1229,-,0.1,42.9,77,-,4.5,-,6.79
Ashley Fletcher,"Sunderland,",15(1),1330,2,0.8,17.6,69.9,0.1,0.5,0.1,6.79
Joey van den Berg,"Reading,",31(2),2574,1,0.5,47.7,83.5,-,3.1,-,6.79
Antonee Robinson,"Bolton,",26(4),2420,4,0.7,26.4,59.2,0.9,1,-,6.78
Leonardo Bonatini Lohner Maia,Wolverhampton,29(14),2608,5,0.9,23.2,82.9,0.1,0.7,0.1,6.78
Callum O'Dowda,Bristol,13(11),1373,3,1,21.2,71.5,0.8,0.7,-,6.78
Omatsone Aluko,"Reading,",36(3),3045,4,1,31.8,83,0.9,2.4,0.1,6.78
Floyd Ayité,"Fulham,",23(5),1662,2,1.1,23.1,81.9,0.2,0.6,0.1,6.78
Kieron Freeman,Sheffield United,10,794,-,0.9,36.2,73.8,0.5,1.7,-,6.78
Tyias Browning,"Sunderland,",26(1),2244,-,0.2,33.5,69.8,-,3.2,-,6.78
Richard Stearman,Sheffield United,28,2386,-,-,32.5,83,-,2.5,-,6.78
Eros Pisano,Bristol,13(3),1175,-,0.2,29.1,67.4,0.3,2,-,6.77
Darnell Furlong,Queens,18(4),1602,3,0.4,24.9,64.4,0.3,1.4,-,6.77
Kieran Lee,Sheffield Wednesday,10(5),1004,1,1.3,30.3,86.6,0.7,0.6,-,6.77
Maxime Colin,"Birmingham,",35,3053,1,0.8,34.7,71.6,0.4,2.1,-,6.77
Ryan Woods,"Brentford,",35(4),3186,3,1,51.8,83,0.1,5.8,0.1,6.77
Harvey Barnes,"Barnsley,",18(5),1408,4,1.1,13.1,71.4,0.4,0.3,-,6.77
Marcus Olsson,"Derby,",14(1),1159,-,0.5,29.3,71.8,0.6,1.1,-,6.77
Andreas Weimann,"Derby,",32(8),2890,6,1.1,22,75,0.1,0.7,0.1,6.77
Sam Johnstone,Aston,45,4050,-,-,29.8,40.4,-,7.7,-,6.77
Barry Bannan,Sheffield Wednesday,28(1),2456,3,1,62.1,82.5,0.5,4.8,0.1,6.77
Gary Gardner,"Barnsley,",28(1),2405,2,0.6,37.3,73.5,-,3.6,0.1,6.76
Tom Adeyemi,"Ipswich,",4(1),361,-,0.6,21.4,74.8,-,1,-,6.76
Jack Colback,Nottingham,16,1440,-,0.9,45.8,89.6,-,2.8,-,6.76
Josh Murphy,"Norwich,",34(7),2954,3,0.8,19,71.6,0.3,0.6,-,6.76
Josh Onomah,Aston,20(13),1860,3,0.9,25.6,80.5,-,0.4,0.1,6.76
Callum Connolly,"Ipswich,",29(5),2552,1,0.4,26.1,69.4,-,1.2,-,6.76
Pierre-Michel Lasogga,"Leeds,",21(10),1869,3,0.3,14.1,60.5,-,0.2,-,6.76
Hélder Wander Sousa de Azevedo e Costa,Wolverhampton,21(15),1758,6,1,18.9,81.9,0.3,0.1,0.1,6.76
Benik Afobe,Wolverhampton,7(9),698,-,0.3,13.2,85.8,0.1,0.1,-,6.76
Cameron Carter-Vickers,Sheffield United,17,1396,2,0.1,35.6,76.7,0.1,3.1,0.1,6.75
Glenn Whelan,Aston,30(3),2550,1,0.4,44.2,81.4,0.1,2.8,-,6.75
Oliver Norwood,"Fulham,",22(14),2120,3,1.1,55.1,84.9,0.4,3.9,0.1,6.75
Jonathan Kodjia,Aston,9(6),825,3,0.7,11.1,80.8,0.1,0.2,0.1,6.75
Henri Lansbury,Aston,6(4),593,3,1,37.1,78.2,0.3,3.7,0.1,6.75
Reece Burke,"Bolton,",22(3),1894,-,0.2,29.8,63.2,0.1,2.7,-,6.75
Johnny Russell,"Derby,",13(10),1293,2,0.9,17.6,64.4,0.2,0.4,0.1,6.74
Matthew Pennington,"Leeds,",15(9),1524,-,0.2,25.1,71.9,0.1,1.3,-,6.74
Darren Pratley,"Bolton,",31(1),2611,3,0.6,22.4,71.5,0.2,0.9,-,6.74
Lee Cattermole,"Sunderland,",34(1),3033,5,0.7,41,74.4,0.1,3.1,-,6.74
Billy Bodin,"Preston,",14(3),1096,-,1.2,17.5,64.1,0.9,0.6,-,6.74
Omar Richards,"Reading,",9(4),770,-,0.2,23.2,84.1,0.1,1.2,-,6.74
Mahlon Romeo,"Millwall,",22(5),2003,1,0.4,23.4,65,0.4,1.5,-,6.74
Matt Mills,Nottingham,11(2),998,-,0.1,44.1,82,-,4.4,-,6.74
Jordan Thorniley,Sheffield Wednesday,7(4),741,-,0.3,29.3,74.8,0.2,1.9,-,6.74
Joel Lynch,Queens,22(3),1854,1,0.3,34.2,69.4,0.1,3.6,-,6.74
Mark Little,"Bolton,",27(1),2293,1,0.4,19.4,68.9,0.5,0.9,-,6.73
Matthew Palmer,"Burton,",8(3),758,2,1.2,35.8,77.4,1.4,1.6,-,6.73
John Brayford,"Burton,",27(1),2162,1,0.5,24.8,55.5,0.3,1.3,-,6.73
Kamil Grosicki,"Hull,",22(15),2131,5,1.1,20.1,71,0.6,0.6,-,6.73
Michael Morrison,"Birmingham,",33,2906,1,0.2,32.2,70.5,-,3.5,-,6.73
David Vaughan,Nottingham,14,1099,1,0.4,58.4,90.7,0.1,3.9,-,6.73
Sam Winnall,Sheffield Wednesday,1(1),136,-,-,19,76.3,-,0.5,-,6.73
Chinedum Onuoha,Queens,28(1),2499,-,0.2,38.3,79.8,-,3.9,-,6.72
Nélson Miguel Castro Oliveira,"Norwich,",26(11),2449,1,0.8,20.6,80.4,-,0.5,-,6.72
Zak Vyner,Bristol,1,90,-,1,22,86.4,1,1,-,6.72
Tom Flanagan,"Burton,",20(7),1890,-,0.5,24.2,58.3,0.2,1.4,-,6.72
Declan Rudd,"Preston,",16,1440,-,0.1,29.6,41.6,-,6.9,-,6.72
Jason Steele,"Sunderland,",15,1309,-,0.1,31.5,34.5,-,9.4,-,6.72
Moritz Leitner,"Norwich,",10(2),864,-,1.8,71.1,85.9,0.3,2.6,-,6.72
George Boyd,Sheffield Wednesday,13(7),1240,-,0.4,17.2,72.4,0.4,0.8,-,6.71
Ke Li,"Brentford,",31(10),2821,4,1.1,31.1,77,0.1,1.4,0.1,6.71
Costel Pantilimon,Nottingham,13,1170,-,-,26.8,42.2,-,5.8,-,6.71
Brendan Galloway,"Sunderland,",5(2),457,-,0.3,21.3,59.1,0.3,1,-,6.71
Lasse Vibe,"Brentford,",14(5),1144,1,0.7,14.6,75.5,0.1,0.1,-,6.71
Joe Ledley,"Derby,",23(3),1897,2,0.8,37.7,81.4,0.4,1.6,-,6.71
Angus Gunn,"Norwich,",46,4140,-,0.1,30.6,60.3,-,5.9,-,6.71
John Ruddy,Wolverhampton,45,4050,1,-,21.4,57.1,-,5.5,-,6.71
Lukas Jutkiewicz,"Birmingham,",19(16),1721,1,0.5,15.2,53.4,0.1,0.1,-,6.70
Bersant Celina,"Ipswich,",23(12),2104,-,1.3,22.1,76.6,0.6,0.9,-,6.70
Sebastian Larsson,"Hull,",37(3),3246,4,1.1,45.2,79.3,0.6,3.9,-,6.70
Tom Naylor,"Burton,",32(1),2881,-,0.2,40.3,64.7,0.2,2.8,-,6.70
David Davis,"Birmingham,",33(5),2876,2,0.9,28.8,77.1,0.2,1.9,0.1,6.70
Josh Vela,"Bolton,",26(4),2386,4,1.3,23.5,74,1.5,1,-,6.70
Leandro Bacuna,"Reading,",29(4),2649,3,0.7,39.7,79.9,0.4,4.1,-,6.69
George Honeyman,"Sunderland,",37(5),3315,2,1.1,30.5,78.5,0.5,1.3,-,6.69
Dimitri Kevin Cavaré,"Barnsley,",7(2),587,-,0.9,28.8,75.7,0.4,1.6,-,6.69
Patrick Bamford,"Middlesbrough,",23(16),2083,-,0.5,15.1,73.5,-,0.3,0.1,6.69
Britt Assombalonga,"Middlesbrough,",32(12),2985,-,0.8,11.2,78.3,-,0.3,-,6.69
Cameron Jerome,"Derby,",8(10),802,1,0.6,10.6,58.9,0.1,0.2,-,6.69
Jake Buxton,"Burton,",29(3),2627,1,0.1,23.8,64.8,0.1,2.4,-,6.69
Ronaldo Vieira,"Leeds,",23(5),2022,2,0.5,39.4,79.2,-,2.9,0.1,6.69
Didier Ndong,"Sunderland,",16(2),1392,3,0.7,35.6,76,0.1,1.9,0.1,6.69
Tom Elliott,"Millwall,",8(16),855,-,0.3,13.4,49.5,-,0.1,-,6.69
Luke Murphy,"Burton,",34(4),3007,2,0.2,32.3,67.1,-,1.9,0.1,6.69
Lee Gregory,"Millwall,",40(3),3391,4,0.9,14.8,68.3,-,0.2,-,6.68
Eric Lichaj,Nottingham,22(1),1887,-,0.6,42,75.6,0.6,1.6,-,6.68
Joe Wildsmith,Sheffield Wednesday,25(1),2306,-,-,28.4,46.6,-,9.3,-,6.68
Jon-Miquel Toral,"Hull,",16(11),1352,4,1.4,23,69.9,0.5,0.7,0.1,6.68
Pawel Wszolek,Queens,28(8),2470,4,1.3,24.7,79.3,0.8,0.7,0.1,6.68
Kemar Roofe,"Leeds,",27(9),2429,3,0.6,14.1,76.8,0.3,0.3,-,6.68
Sam Hutchinson,Sheffield Wednesday,7(1),510,-,0.4,31.6,70.8,0.1,2.9,0.1,6.68
John Lundstram,Sheffield United,21(15),1956,3,0.5,37.9,80.9,0.1,3.3,-,6.68
Chris Maxwell,"Preston,",30,2700,-,0.1,30.8,51.1,-,9.2,-,6.68
Jackson Irvine,"Burton,",3,218,-,1,42.3,73.2,-,1,-,6.68
Neil Taylor,Aston,27(2),2335,-,0.6,39.4,78.4,0.4,1.7,0.1,6.67
David Nugent,"Derby,",29(8),2332,4,0.7,15.7,65.3,0.1,0.3,0.1,6.67
Alexander Tettey,"Norwich,",21(2),1931,1,0.3,49.7,89.2,-,1.2,-,6.67
Keinan Davis,Aston,17(11),1503,1,0.9,13.5,81.5,0.1,0.1,-,6.67
Pawel Cibicki,"Leeds,",5(2),387,2,1.4,16.4,61.7,0.7,0.3,-,6.67
Jacob Davenport,"Burton,",15(2),1351,1,1.1,36.6,77.7,1.1,3,0.1,6.67
Liam Kelly,"Reading,",28(6),2403,3,1.4,44.1,83.6,1.1,2.8,-,6.67
Korey Smith,Bristol,44(1),3909,1,0.8,45.8,80.7,0.2,3.2,-,6.67
Tiago Abiola Delfim Almeida Ilori,"Reading,",26(3),2190,-,-,44.8,81.1,-,3.7,-,6.67
Joey Pelupessy,Sheffield Wednesday,17,1530,1,0.3,35.5,85.4,0.2,2,-,6.67
Sergi Canos,"Brentford,",17(13),1399,2,0.8,12.9,66.8,0.4,0.2,0.1,6.67
David Martin,"Millwall,",1,90,-,-,23,56.5,-,12,-,6.66
Angus MacDonald,"Hull,",12,936,-,0.2,35.2,69,-,2.8,-,6.66
Cameron Jerome,"Norwich,",11(4),970,2,0.8,20.6,64.7,-,0.3,-,6.66
Lamine Koné,"Sunderland,",24,2107,-,0.1,30.1,71.7,-,1.9,-,6.66
Christoph Zimmermann,"Norwich,",30(9),2823,2,0.1,35.1,87,-,2,-,6.65
Ilias Chair,Queens,4,304,1,1.5,27,77.8,0.3,0.5,-,6.65
Daniel Bentley,"Brentford,",45,4050,-,-,32.2,69,-,7,-,6.65
Adam Clayton,"Middlesbrough,",22(10),2091,-,0.7,38.9,87.2,0.2,2.6,-,6.65
Neeskens Kebano,"Fulham,",10(16),1069,3,0.4,10.7,79.4,0.2,-,-,6.65
Daryl Murphy,Nottingham,22(5),2020,-,0.8,13.5,70.1,0.1,0.1,-,6.65
Brad Potts,"Barnsley,",35(2),3019,2,1,29.9,76.5,0.4,1.4,-,6.65
Grant Ward,"Ipswich,",25(12),2220,5,0.9,18.1,70.4,1.1,0.7,-,6.65
James Bree,Aston,3(3),405,-,0.5,30.8,75.1,0.5,1.5,-,6.65
Birkir Bjarnason,Aston,11(12),1090,2,0.4,23.9,82.9,0.1,1.3,-,6.65
Emyr Huws,"Ipswich,",3(2),228,1,0.4,16,72.5,0.4,0.2,0.2,6.65
Lloyd Isgrove,"Barnsley,",10(6),787,1,0.9,12.2,69.2,0.4,0.1,0.1,6.65
Duncan Watmore,"Sunderland,",4(2),322,2,1.2,10.3,69.4,-,0.2,0.2,6.65
Andrew Taylor,"Bolton,",20,1690,-,0.8,26.7,67,0.6,2.1,-,6.64
Hördur Magnússon,Bristol,15(9),1505,1,0.3,31.6,69.4,0.2,3.1,-,6.64
David Button,"Fulham,",20,1800,-,-,31.6,66.1,-,3.9,-,6.64
Grant Leadbitter,"Middlesbrough,",29(3),2372,1,0.5,44.3,82.7,0.2,2.6,-,6.64
Darren Randolph,"Middlesbrough,",46,4140,-,-,22.2,49.4,-,6.1,-,6.64
Cameron Dawson,Sheffield Wednesday,3,270,-,-,30.3,56,-,9.7,-,6.64
Aiden O'Brien,"Millwall,",23(7),1797,1,0.5,13.4,73.4,0.1,0.2,-,6.64
Billy Sharp,Sheffield United,28(6),2361,4,0.5,15.2,74.3,-,0.3,-,6.63
Neil Etheridge,"Cardiff,",45,4050,-,-,29.6,31.8,-,9,-,6.63
Paul Smyth,Queens,7(6),691,1,0.6,7.4,74,0.4,0.3,0.1,6.63
Yanic Wildschut,"Norwich,",7(9),645,-,0.6,14.5,78,0.2,0.3,-,6.63
Daniel Johnson,"Preston,",25(8),2283,3,1.1,34.2,77.2,0.5,1.6,0.1,6.63
George Baldock,Sheffield United,30(4),2683,1,0.7,25.9,71.6,0.4,0.6,-,6.63
Andre Dozzell,"Ipswich,",1,50,-,1,26,80.8,-,2,-,6.63
Frank Fielding,Bristol,43,3799,-,-,27.8,54.8,-,8.2,-,6.63
Lloyd Kelly,Bristol,7(4),664,1,0.3,24.1,72.1,0.4,1.2,-,6.63
Martin Samuelsen,"Burton,",7(2),647,-,1,25,77.8,0.6,0.8,0.1,6.63
Jon Flanagan,"Bolton,",8(1),692,-,0.6,32.7,68.7,0.1,2.1,-,6.63
Ben Alnwick,"Bolton,",39,3466,1,0.2,31.9,41.3,-,12.2,-,6.63
Jordan Archer,"Millwall,",45,4050,-,-,26.7,40.2,-,9.8,-,6.63
Lee Tomlin,"Cardiff,",5(8),505,-,1,13,62.7,0.5,0.7,-,6.62
Sam Gallagher,"Birmingham,",23(10),2125,-,0.6,12.2,50.4,-,0.1,-,6.62
Neal Maupay,"Brentford,",25(17),2321,4,0.9,13.9,80.5,-,0.3,-,6.62
Chris Wood,"Leeds,",3,270,1,1,18.7,69.6,-,0.7,-,6.62
Ryan Tunnicliffe,"Millwall,",19(5),1772,1,0.7,28.3,78.4,-,1.4,-,6.62
James Vaughan,"Sunderland,",15(8),1350,1,0.4,15.2,54.6,-,0.2,0.1,6.62
David Meyler,"Hull,",17(8),1562,2,0.5,37.8,74.8,0.2,2,-,6.62
Stephen Warnock,"Burton,",13(1),1069,-,0.4,30.6,70.9,0.3,1.5,-,6.62
Glenn Loovens,Sheffield Wednesday,20,1467,-,0.1,32.4,84.1,-,2.3,-,6.62
Harrison Reed,"Norwich,",36(3),3009,3,0.7,45,88,0.1,1.5,0.1,6.61
Kamohelo Mokotjo,"Brentford,",25(10),2187,2,1.2,34.2,86,0.1,1.6,-,6.61
John Swift,"Reading,",17(7),1467,1,0.9,34.6,80.6,0.2,1.6,0.1,6.61
Mustapha Carayol,Nottingham,2(13),408,1,0.6,11.5,72.7,0.7,0.6,0.1,6.61
Vito Mannone,"Reading,",41,3690,-,-,33.3,62.2,-,7,-,6.61
Alex Mowatt,"Barnsley,",1,90,-,2,30,70,-,1,-,6.61
Ryan Shotton,"Birmingham,",0(1),64,-,-,26,65.4,-,3,-,6.61
Sam Winnall,"Derby,",6(11),633,1,0.6,11.1,75.5,-,0.1,0.1,6.61
George Moncur,"Barnsley,",22(12),1947,3,1.1,20.9,83.5,0.7,0.9,-,6.61
Jamal Lewis,"Norwich,",19(3),1793,-,0.5,35.6,80.1,0.1,0.8,-,6.61
Billy Jones,"Sunderland,",19(3),1572,-,0.3,24.9,65.4,0.1,1.1,-,6.61
Gaetano Berardi,"Leeds,",29(2),2557,-,0.4,30.3,71.1,0.1,1,-,6.60
Idrissa Sylla,Queens,13(13),1236,-,0.3,9,64.8,-,0.2,-,6.60
Marvin Johnson,"Middlesbrough,",6(11),733,2,0.5,16.8,70.3,0.4,0.6,-,6.60
Vurnon Anita,"Leeds,",14(4),1291,-,0.2,29,79.9,-,1.4,-,6.60
Donald Love,"Sunderland,",11,980,2,1.3,42.1,72.4,0.5,2.5,-,6.60
David Edwards,"Reading,",27(5),2416,4,0.4,29.3,78.8,0.1,1.7,-,6.60
Matthew Lund,"Burton,",10(2),906,2,1.3,31.3,73.6,1.5,2.1,-,6.59
Alfred N'Diaye,Wolverhampton,13(20),1286,2,0.4,20,86.8,0.1,1.2,0.1,6.59
Liam Boyce,"Burton,",12(4),1062,1,0.8,18.3,62.7,-,0.6,-,6.59
Ivo Daniel Ferreira Mendonça Pinto,"Norwich,",31(4),2918,1,0.7,35.5,79.7,0.3,1.5,0.1,6.59
Emilio Nsue,"Birmingham,",15(3),1428,-,0.6,32.9,71.8,0.8,1.6,-,6.58
Ethan Robson,"Sunderland,",6(3),481,1,0.7,24.8,78.9,0.2,1.7,-,6.58
Jem Karacan,"Bolton,",14(2),1141,-,0.3,25.1,75.6,0.1,0.9,-,6.58
Craig Bryson,"Cardiff,",19(3),1602,2,0.6,20.7,69.5,-,0.6,-,6.58
Damien McCrory,"Burton,",9(2),727,-,0.5,30,65.8,0.7,1.7,-,6.58
Joel Asoro,"Sunderland,",11(15),1218,1,0.8,10,70.7,0.3,-,-,6.58
Grant Hall,Queens,1(3),115,-,-,11.5,60.9,-,0.8,-,6.58
Calum Woods,"Preston,",11(5),927,-,0.2,23.9,65,0.3,2.2,-,6.58
Wes Hoolahan,"Norwich,",14(15),1349,3,1.8,30.1,80.8,0.4,1,0.1,6.58
Morgan Fox,Sheffield Wednesday,26(2),2204,1,0.7,33.4,72.5,0.6,1.7,-,6.58
Adam Matthews,"Sunderland,",25(9),2505,2,0.4,30,79.4,0.3,1.7,-,6.58
Cheikh N'Doye,"Birmingham,",28(9),2391,1,0.4,23.8,62.8,-,0.9,-,6.57
Milan Djuric,Bristol,4(12),545,-,0.2,12.5,48.5,-,0.1,-,6.57
Jens Hegeler,Bristol,3(1),259,-,-,29.5,75.4,0.3,2,-,6.57
Adlène Guédioura,Nottingham,6(5),509,-,0.7,25.9,75.1,0.2,1.5,-,6.57
Chris Gunter,"Reading,",46,4126,1,0.7,38.9,71.6,0.5,3.5,-,6.57
Marten de Roon,"Middlesbrough,",1,65,-,-,30,80,-,1,-,6.57
Darron Gibson,"Sunderland,",12(3),1015,-,0.4,37.5,79.2,0.2,3.5,0.1,6.57
Tyler Walker,Nottingham,7(5),700,1,0.3,14.3,81.3,0.3,0.3,-,6.57
Tomasz Kuszczak,"Birmingham,",10,900,-,-,26.8,51.1,-,6.7,-,6.57
Eunan O'Kane,"Leeds,",27(5),2241,3,0.5,39.3,77.6,-,2.6,-,6.57
Omatsone Aluko,"Fulham,",4,332,-,0.8,30.5,84.4,-,1.5,0.3,6.57
Mark Howard,"Bolton,",7(1),675,-,0.1,30,46.7,-,12.3,-,6.56
Fraizer Campbell,"Hull,",23(13),2075,3,0.8,13.5,68,-,0.3,-,6.56
Evandro Goebel,"Hull,",3(5),345,-,1.3,23.6,89.4,-,0.4,-,6.55
Marcus Tavernier,"Middlesbrough,",4(1),254,-,0.4,17.4,62.1,-,0.4,-,6.55
Yann Kermorgant,"Reading,",13(12),1309,1,0.6,16,52.8,0.1,0.5,-,6.55
Jón Dadi Bödvarsson,"Reading,",20(13),1766,1,0.5,13.1,61.9,0.1,0.1,-,6.55
Conor Shaughnessy,"Leeds,",5(4),476,1,0.1,24.2,67,-,2.1,0.1,6.55
Cyrus Christie,"Fulham,",1(4),135,1,0.4,13,69.2,0.2,0.2,0.2,6.55
Stephen Kingsley,"Hull,",10(1),813,-,0.4,32.5,76.8,0.2,0.9,-,6.54
David Brooks,Sheffield United,9(21),1148,4,1,16.2,79.2,0.2,0.3,0.1,6.54
Marcel Franke,"Norwich,",5,450,-,0.2,67,85.1,-,2.2,-,6.54
Callum McManaman,"Sunderland,",13(11),1108,2,0.4,14.4,86.1,0.3,0.3,-,6.54
Filipe Alexandre Morais,"Bolton,",17(16),1866,2,1.5,19.3,71.4,1.9,1.2,-,6.53
David Jones,Sheffield Wednesday,20(7),1791,1,0.7,35.4,83.7,0.2,2.3,-,6.53
Ross Wallace,Sheffield Wednesday,24(3),1952,2,1.3,26.4,78.5,1.4,2.1,-,6.53
Leandro Bacuna,Aston,1,70,-,-,27,77.8,-,2,-,6.53
Tyler Blackett,"Reading,",19(6),1788,2,0.6,34.4,78.5,0.5,2.5,-,6.53
Stuart Dallas,"Leeds,",14(15),1600,1,0.6,17.4,69,0.4,0.8,0.1,6.53
Anthony Pilkington,"Cardiff,",1(7),152,1,0.1,3.9,58.1,-,-,-,6.52
David Cotterill,"Birmingham,",2(5),361,-,1.9,21,78.9,1.7,1.6,-,6.52
David Stockdale,"Birmingham,",36,3240,-,0.1,33.6,45.6,-,11.4,-,6.52
Derik Osede,"Bolton,",13(4),1103,-,0.4,20.2,68.3,-,1.9,-,6.51
Keiren Westwood,Sheffield Wednesday,18,1564,-,-,31.8,47.1,-,8.1,-,6.51
Jordan Smith,Nottingham,29,2610,-,-,26.6,57,-,6,-,6.51
Scott Carson,"Derby,",46,4140,-,-,26.8,51.1,-,7.2,-,6.51
Steven Fletcher,Sheffield Wednesday,13(6),1072,1,0.4,17.9,73.3,0.1,-,-,6.50
Hope Akpan,"Burton,",19(7),1760,1,0.4,24,76.9,-,0.8,-,6.50
Andreas Bouchalakis,Nottingham,11(10),1005,-,0.4,37.6,85.8,-,3,-,6.50
Jonathan Williams,"Sunderland,",7(5),559,-,0.8,22,75,0.7,0.8,-,6.50
Ryan Kent,Bristol,6(4),548,2,0.8,17.8,84.8,1.1,0.4,-,6.50
Felix Wiedwald,"Leeds,",28,2520,-,-,31.3,53.8,-,8,-,6.50
Lewis MacLeod,"Brentford,",5(5),387,-,1,19.3,76.2,1.6,1.5,-,6.50
Cameron McGeehan,"Barnsley,",6(3),492,-,0.3,23.9,68.8,-,1.3,-,6.50
Maikel Kieftenbeld,"Birmingham,",33(2),2910,1,0.4,33.7,80.8,0.1,1.2,-,6.49
Bailey Peacock-Farrell,"Leeds,",11,990,-,-,24,42.8,-,4.6,-,6.49
Stephen Mallan,"Barnsley,",5(3),432,1,1.9,25.3,73.3,1.5,2.9,-,6.49
Kortney Hause,Wolverhampton,0(1),7,-,-,8,100,-,1,-,6.49
Jake Wright,Sheffield United,13(4),1259,-,0.1,30.1,88.3,-,1.2,-,6.49
Josh McEachran,"Brentford,",14(11),1163,1,0.7,34.8,80.9,0.4,2.6,-,6.49
Lloyd Dyer,"Burton,",30(8),2901,2,0.8,20.9,77.7,0.3,0.4,-,6.49
Jamal Blackman,Sheffield United,31,2633,-,-,23.2,47.5,-,6.4,-,6.49
Matt Mills,"Barnsley,",4,351,-,0.3,50.3,70.6,-,5.3,-,6.48
Rui Pedro da Rocha Fonte,"Fulham,",16(11),1381,2,0.5,14.8,77.9,0.2,0.4,-,6.48
Jason McCarthy,"Barnsley,",17(4),1499,-,0.5,33.7,63.2,0.5,2.2,-,6.48
Stephen Bywater,"Burton,",44,3960,-,-,29.1,37.7,-,7.7,-,6.48
Loïc Damour,"Cardiff,",18(9),1673,1,0.6,16.3,68,0.2,0.7,-,6.48
Adama Diomande,"Hull,",3(13),466,1,0.5,9.7,72.3,-,0.5,0.1,6.48
Liam Palmer,Sheffield Wednesday,16(9),1592,2,0.9,26.6,70.5,0.8,1.5,-,6.48
Che Adams,"Birmingham,",16(14),1538,2,0.7,11.6,67.6,0.1,0.6,-,6.48
Christoph Knasmüllner,"Barnsley,",1(2),119,1,1,13.3,95,-,0.3,-,6.48
Josh Harrop,"Preston,",11(27),1417,1,1,16.3,80.1,0.7,0.4,-,6.47
Allan McGregor,"Hull,",44,3960,-,-,26.6,47.8,-,6.8,-,6.47
Will Keane,"Hull,",3(6),359,2,0.7,11.8,76.4,-,-,-,6.47
Anssi Jaakkola,"Reading,",5,450,-,-,27.8,59,-,6,-,6.47
Hugo Diaz,"Leeds,",0(1),33,-,-,10,70,-,-,-,6.47
Liam Walsh,Bristol,3(3),248,-,1,27.2,79.1,0.3,1.7,-,6.47
Scott Hogan,Aston,19(18),1886,2,0.3,6.5,67.8,0.1,0.1,-,6.47
Ben Brereton,Nottingham,25(10),2236,2,0.6,13.2,82.4,-,0.1,-,6.46
Kasey Palmer,"Derby,",2(13),429,1,0.3,11.2,78,-,0.5,0.1,6.46
Angus MacDonald,"Barnsley,",10(1),787,-,0.2,25,66.9,-,3.1,-,6.46
James Husband,"Norwich,",14(4),1153,1,0.7,33,73.6,0.2,1.3,-,6.46
Lewis Baker,"Middlesbrough,",6(6),617,-,1.3,21.4,80.5,0.8,1,-,6.46
Joseph Mendes,"Reading,",1(2),154,1,0.3,11.7,77.1,-,-,-,6.46
Jordan Rhodes,Sheffield Wednesday,17(14),1595,1,0.5,10.5,60.1,-,0.1,-,6.45
Alex Smithies,Queens,42(1),3821,-,-,26.7,50.5,-,8.4,-,6.45
Beryly Lubala,"Birmingham,",0(1),21,-,1,9,66.7,-,-,-,6.45
Tom Bradshaw,"Barnsley,",26(13),2388,-,0.6,16.1,74.6,-,0.3,-,6.45
Omar Bogle,"Cardiff,",4(6),390,-,0.3,8.6,58.1,-,0.1,0.1,6.44
Adam Davies,"Barnsley,",35,3150,-,-,25.6,40.1,-,7.2,-,6.44
Karl Henry,"Bolton,",33,2838,1,0.3,30.9,75.5,0.1,2.2,-,6.44
Kazenga LuaLua,Queens,2(6),242,-,0.4,8.8,75.7,0.5,0.4,-,6.44
Josh Cullen,"Bolton,",9(3),880,-,0.6,40.3,74.1,-,2.1,-,6.43
George Thorne,"Derby,",9(11),838,-,0.5,31.8,82.2,0.1,1.6,0.1,6.43
Clayton Donaldson,"Birmingham,",4,343,-,1.5,17,69.1,0.5,0.3,-,6.43
Danny Ward,"Cardiff,",6(12),586,-,0.3,6.6,67.2,-,0.1,-,6.43
Steven Caulker,Queens,2,146,-,-,28.5,52.6,-,3.5,-,6.43
Yohan Mollo,"Fulham,",2(4),219,1,0.3,16.2,81.4,0.2,0.2,-,6.43
Aboubakar Kamara,"Fulham,",8(22),1195,1,0.6,12.5,77.4,-,0.3,-,6.43
Jack Harrison,"Middlesbrough,",0(4),49,1,0.8,4.3,64.7,0.5,0.3,-,6.43
Jared Bird,"Barnsley,",0(3),37,-,0.7,4.3,76.9,-,-,-,6.42
Gary Madine,"Cardiff,",5(8),508,2,0.8,11.5,59.7,-,0.1,-,6.42
Luke Steele,Bristol,3(2),340,-,-,19.6,56.1,-,5.8,-,6.42
David Wheeler,Queens,5(4),371,-,0.6,11.1,58,-,-,-,6.42
Edward Bishop,"Ipswich,",1(3),109,-,0.3,11,77.3,-,0.3,-,6.42
Nick Townsend,"Barnsley,",8,720,-,-,26.1,48.8,-,10.1,-,6.41
Connor Mahoney,"Barnsley,",3(5),336,-,1.4,8.5,66.2,1.6,0.4,-,6.41
Shane McLoughlin,"Ipswich,",0(1),14,-,-,7,85.7,-,1,-,6.41
Onel Hernández,"Norwich,",5(7),488,1,0.8,11.8,77.5,0.3,0.1,-,6.41
Clayton Donaldson,Sheffield United,9(17),942,1,0.3,7.6,66,-,-,-,6.41
Ben Marshall,Wolverhampton,1(5),119,1,0.3,11.2,88.1,0.3,1.2,-,6.40
Jordan Cousins,Queens,13(2),996,-,0.3,25,71.5,0.1,0.5,-,6.40
Lynden Gooch,"Sunderland,",12(12),1101,3,0.9,11.2,75.5,0.3,0.3,-,6.40
Ryan Leonard,Sheffield United,6(7),489,-,0.2,15.1,74,0.2,0.8,-,6.40
Juan Rafael Fuentes Hernández,Nottingham,1,46,-,-,17,94.1,-,-,-,6.40
Bright Enobakhare,Wolverhampton,5(16),643,1,0.5,14.7,84.8,-,0.3,-,6.40
Gabriel Agbonlahor,Aston,2(4),284,1,0.7,12.2,74,-,-,-,6.40
Jan Kirchhoff,"Bolton,",2(2),185,-,-,22,71.6,-,0.5,-,6.40
Conor Washington,Queens,24(9),2263,1,0.9,10.9,73.3,0.2,0.1,-,6.39
Isaac Vassell,"Birmingham,",3(6),399,-,0.3,8.4,65.8,0.1,0.1,-,6.39
Sean Scannell,"Burton,",13(5),1044,1,0.6,10.8,58.2,0.4,0.3,0.1,6.39
Osman Kakay,Queens,2,157,-,-,22.5,86.7,-,-,-,6.39
Kazenga LuaLua,"Sunderland,",0(6),117,-,0.2,5.7,64.7,0.2,-,-,6.38
Callum O'Hare,Aston,0(4),103,1,0.5,13,82.7,-,-,-,6.38
Adam Forshaw,"Middlesbrough,",5(6),453,-,0.5,28.8,84.5,0.1,1.7,-,6.37
Chris Martin,"Derby,",5(18),837,-,1,16.1,72.2,-,0.7,0.1,6.37
Mason Bennett,"Derby,",1(2),41,-,-,5.3,56.3,0.3,-,-,6.37
Regan Slater,Sheffield United,0(1),16,-,1,10,90,1,-,-,6.37
Shane Ferguson,"Millwall,",9(15),948,-,0.9,9.1,68.5,1.3,0.3,-,6.36
Mamadou Thiam,"Barnsley,",12(17),1165,1,1,14.1,71.4,0.6,0.3,-,6.36
Jamie Ward,"Cardiff,",2(2),101,-,0.3,5.8,56.5,0.8,0.5,-,6.36
Chris Martin,"Reading,",4(6),425,1,0.7,12.9,64.3,-,0.4,-,6.36
James Wilson,Sheffield United,4(4),317,-,0.3,7.8,77.4,0.1,0.3,-,6.36
Jeff King,"Bolton,",1,77,-,1,30,76.7,-,1,-,6.36
Tommy Smith,"Ipswich,",3,270,-,-,33.7,74.3,-,1,-,6.36
Jamie Mackie,Queens,16(4),1251,1,0.7,14.4,78.4,0.1,0.3,-,6.35
George Evans,"Reading,",9(9),877,-,0.2,23.8,72,-,2.1,-,6.35
Ashley Fletcher,"Middlesbrough,",3(13),446,1,0.3,8.3,66.7,-,0.3,0.1,6.35
Adam Armstrong,"Bolton,",14(6),1118,-,0.3,10,71,0.2,0.4,-,6.34
Rhys Healey,"Cardiff,",1(2),98,-,0.3,11,72.7,0.3,0.7,0.3,6.34
Darren Bent,"Burton,",10(5),869,-,0.3,15.3,65.5,-,0.3,-,6.34
Chiedozie Ogbene,"Brentford,",0(2),35,-,-,5.5,81.8,-,-,-,6.34
Joe Lumley,Queens,2,180,-,-,41,64.6,-,9.5,-,6.34
Marvin Sordell,"Burton,",30(10),2652,1,0.8,17.3,66.1,0.4,0.6,0.1,6.33
William Miller,"Burton,",7(3),506,-,0.2,9.3,63.4,-,0.2,-,6.33
Nouha Dicko,"Hull,",19(10),1571,1,0.3,10.4,77.5,0.1,0.3,-,6.33
Samir Carruthers,Sheffield United,4(10),415,-,0.1,17.1,85,0.5,0.6,-,6.33
John Welsh,"Preston,",5(4),472,-,0.1,25.1,70.8,-,0.6,-,6.32
Jack Hobbs,Nottingham,2,180,-,1,63.5,88.2,-,2.5,-,6.32
Adam Le Fondre,"Bolton,",15(20),1686,2,0.5,11.6,70.1,0.1,0.2,-,6.32
Ryan Manning,Queens,10(9),920,1,0.4,17.1,68.9,0.3,1.1,-,6.32
Jake Clarke-Salter,"Sunderland,",8(3),653,-,-,25.5,69.6,0.1,2.7,-,6.32
Jonathan Leko,Bristol,5(6),404,-,0.1,7.9,79.3,-,0.2,0.1,6.32
Greg Halford,"Cardiff,",2(10),314,-,0.1,7.3,56.8,-,0.3,-,6.32
Ibrahima Cissé,"Fulham,",2(4),190,-,0.5,18.5,88.3,-,0.5,-,6.31
Simon Moore,Sheffield United,15(3),1488,-,-,19.7,41.5,-,5.9,-,6.31
Adrian Popa,"Reading,",3(3),281,-,0.2,11.7,72.9,0.5,0.5,-,6.31
Ikechi Anya,"Derby,",3(4),302,1,0.6,14.6,79.4,0.1,0.1,-,6.31
Luke Woolfenden,"Ipswich,",1(1),92,-,-,16,81.3,-,1,-,6.31
Stephen Darby,"Bolton,",3,204,-,0.3,24.7,68.9,-,1,-,6.31
Jason Cummings,Nottingham,7(7),600,-,0.8,12.4,85.1,0.3,0.4,-,6.31
Craig Bryson,"Derby,",0(4),69,-,0.3,8.3,78.8,0.3,0.3,-,6.31
William Buckley,"Bolton,",14(10),1210,-,0.3,12.3,77.3,0.2,0.2,-,6.30
Daryl Horgan,"Preston,",2(18),399,1,0.3,9,71.7,0.2,0.3,-,6.30
Apostolos Vellios,Nottingham,4(8),360,-,0.3,7.1,55.3,-,0.2,0.1,6.30
Luis Rafael Soares Alves,"Fulham,",0(3),53,-,-,15.7,70.2,-,0.3,-,6.30
Robbin Ruiter,"Sunderland,",20,1800,-,0.1,31.7,43,-,6.3,-,6.30
Bright Osayi-Samuel,Queens,6(12),641,-,0.3,7,84.9,-,0.1,-,6.30
Ben Folami,"Ipswich,",1(3),179,-,1,9.8,69.2,-,0.3,-,6.30
Zach Clough,"Bolton,",2(7),237,-,0.1,6.9,77.4,-,0.4,-,6.29
Craig Noone,"Bolton,",6(18),807,-,0.8,8.2,55.6,0.9,1,-,6.29
Tony Craig,"Millwall,",1(3),99,-,0.3,14,64.3,-,3,-,6.29
Alan Judge,"Brentford,",3(10),393,-,1.1,20.2,83.2,1,1.2,-,6.29
Jack Walton,"Barnsley,",3,270,-,-,23.7,45.1,-,8,-,6.29
Pelle Clement,"Reading,",10(13),1074,2,0.5,20.7,78.7,0.2,0.8,-,6.28
Kevin Stewart,"Hull,",10(7),949,-,0.1,27.4,76.1,-,1.2,-,6.28
Luke Hyam,"Ipswich,",6(11),666,-,0.2,19.6,74,0.1,0.5,-,6.28
Jacob Butterfield,Sheffield Wednesday,12(8),1061,1,0.9,34.5,88.7,0.4,1.8,-,6.28
Chris Cohen,Nottingham,0(2),32,-,-,13,73.1,-,1,-,6.28
Marley Watkins,"Norwich,",12(12),1218,1,0.6,14.8,74,0.1,0.2,-,6.28
Barry Cotter,"Ipswich,",1(1),57,-,-,9.5,47.4,-,1,-,6.28
Caleb Ekuban,"Leeds,",12(8),991,-,0.6,10.2,72.9,0.1,0.2,-,6.27
Fred Onyedinma,"Millwall,",8(29),981,1,0.2,5.2,74.1,0.1,-,-,6.27
Jordan Graham,Wolverhampton,0(1),6,-,-,2,100,-,-,-,6.27
Ryan Hedges,"Barnsley,",6(17),782,1,0.7,10.1,62.5,0.3,0.1,-,6.27
Roy Beerens,"Reading,",9(8),876,-,0.6,19.8,83.1,0.5,1.1,-,6.27
Liam Walsh,"Birmingham,",1(2),153,-,0.3,29,75.9,0.3,3,-,6.26
Liam Feeney,"Cardiff,",4(11),439,1,0.2,5.8,65.5,0.5,0.3,-,6.26
Flynn Downes,"Ipswich,",3(7),387,-,0.2,15.2,75,-,0.5,-,6.26
Stephen Gleeson,"Ipswich,",5(5),488,-,0.5,24.4,75.4,-,1.4,-,6.26
Garath McCleary,"Reading,",9(9),818,1,0.8,12.9,76.4,0.4,0.5,-,6.25
Cohen Bramall,"Birmingham,",3(2),333,-,0.4,20.2,78.2,0.2,0.4,-,6.25
Morgan Gibbs-White,Wolverhampton,1(12),241,-,0.5,12.9,88.1,0.1,0.6,0.1,6.25
Emiliano Marcondes Camargo Hansen,"Brentford,",2(10),359,1,0.8,12.6,78.8,0.1,0.6,-,6.25
Dennis Srbeny,"Norwich,",7(7),602,-,0.4,10.1,66,-,0.1,-,6.24
Yanic Wildschut,"Cardiff,",3(7),365,1,0.4,9.6,66.7,0.1,0.2,-,6.24
Adetayo Edun,"Fulham,",1(1),96,-,-,24,85.4,-,1.5,-,6.24
Jordan Obita,"Reading,",0(2),59,-,1,18.5,83.8,1,0.5,-,6.24
Caolan Lavery,Sheffield United,1(2),72,-,-,8.7,61.5,-,0.3,-,6.24
Sam Smith,"Reading,",4(4),320,-,-,5.6,71.1,0.1,-,-,6.24
Niclas Eliasson,Bristol,3(10),337,-,0.5,7.9,80.6,0.9,0.1,-,6.24
Louis Moult,"Preston,",3(7),314,-,0.1,10,65,-,-,-,6.24
Aramide Oteh,Queens,3(3),245,-,0.8,4.5,66.7,-,0.3,-,6.24
Freddie Sears,"Ipswich,",15(21),1723,-,0.4,8.7,74.4,0.3,0.3,-,6.23
Jamie Allen,"Burton,",19(10),1725,-,0.4,18.1,79.2,0.6,0.8,-,6.23
Joe Mason,"Burton,",3(3),287,-,0.5,8,64.6,0.2,-,-,6.23
Kevin Bru,"Ipswich,",3(6),380,-,0.4,22.6,76.8,0.1,0.2,-,6.23
Aaron Wilbraham,"Bolton,",3(20),378,1,0.2,5.8,55.2,-,-,-,6.23
Jason Lowe,"Birmingham,",6(3),385,-,0.2,25.3,82.5,-,1.6,-,6.23
Stephy Mavididi,"Preston,",3(7),334,-,0.6,6.3,81,0.1,0.1,-,6.22
Nathan Thomas,Sheffield United,0(1),16,-,1,5,60,-,-,-,6.22
Cauley Woodrow,Bristol,3(11),331,-,0.4,7.8,79.8,0.1,0.2,-,6.22
Marco André Silva Lopes Matias,Sheffield Wednesday,2(7),243,-,0.3,9.1,72,0.1,0.3,-,6.22
Carl Jenkinson,"Birmingham,",7,521,-,0.6,26.6,69.4,0.7,1.6,-,6.22
Ike Ugbo,"Barnsley,",7(9),745,1,0.6,8.4,80.6,-,0.1,-,6.21
Martin Cranie,"Middlesbrough,",1(8),146,-,0.1,6.7,68.3,0.1,0.2,-,6.21
John Mousinho,"Burton,",1,89,-,-,34,76.5,-,1,-,6.21
Rushian Hepburn-Murphy,Aston,0(3),59,-,-,5,86.7,-,0.3,-,6.21
Steven Naismith,"Norwich,",2,150,-,1,52.5,81,-,1.5,-,6.21
Josh Maja,"Sunderland,",6(11),586,-,0.2,8.4,79,-,0.3,-,6.20
Zach Clough,Nottingham,4(9),433,-,0.5,16.1,90,-,0.4,0.1,6.20
Denver Hume,"Sunderland,",0(1),19,-,-,6,83.3,-,1,-,6.20
Ritchie de Laet,Aston,1(4),109,-,-,8.4,69,-,0.4,-,6.20
Tyler Walker,"Bolton,",3(2),196,-,-,6.8,61.8,-,-,-,6.19
Nouha Dicko,Wolverhampton,0(5),77,-,0.2,3,73.3,-,-,-,6.19
Lee Camp,"Sunderland,",11(1),1029,-,-,28.7,34.3,-,6.9,-,6.19
Rafael Mir Vicente,Wolverhampton,0(2),29,-,0.5,4.5,66.7,0.5,-,-,6.19
Almen Abdi,Sheffield Wednesday,1(3),159,-,0.8,17.8,88.7,-,0.8,-,6.18
Adlène Guédioura,"Middlesbrough,",1,50,-,-,15,73.3,-,-,-,6.17
Joe Sbarra,"Burton,",4(13),605,2,0.4,11.4,75.6,0.3,0.3,-,6.17
Ben Thompson,"Millwall,",0(3),40,-,-,6.7,85,-,0.3,-,6.17
Daniel Lafferty,Sheffield United,1(7),199,-,0.1,12.3,59.2,-,0.6,-,6.17
Josh Dacres-Cogley,"Birmingham,",1(2),100,-,-,7.3,40.9,-,0.7,-,6.16
Stephen Gleeson,"Birmingham,",4(2),280,-,0.8,21.3,82.8,0.7,2.5,-,6.16
Ben Morris,"Ipswich,",1(2),67,-,-,3.7,63.6,-,-,-,6.16
Paul Robinson,"Birmingham,",0(2),46,-,0.5,10,75,-,0.5,-,6.16
Sylvain Deslandes,Wolverhampton,0(1),26,-,-,9,55.6,-,2,-,6.16
Jack Stobbs,Sheffield Wednesday,2(1),202,-,0.7,19,77.2,0.3,0.3,-,6.15
Marcelo Djaló,"Fulham,",0(2),13,-,-,-,-,-,-,-,6.14
Connor Kirby,Sheffield Wednesday,0(1),12,-,1,12,100,-,-,-,6.14
Connor Roberts,"Middlesbrough,",1,90,-,1,44,77.3,1,-,-,6.14
Kadeem Harris,"Cardiff,",1(2),94,-,0.3,4,66.7,0.7,-,-,6.13
Jay-Roy Grot,"Leeds,",1(19),301,1,0.1,4.5,59.6,-,0.1,-,6.13
James Weir,"Hull,",0(3),13,-,-,3.7,81.8,-,0.3,-,6.13
Jack Price,Wolverhampton,0(5),60,-,-,13.2,95.5,-,1.6,-,6.13
Jacob Butterfield,"Derby,",2(1),157,-,0.7,27,86.4,0.3,1.3,-,6.12
Harry Burgoyne,Wolverhampton,0(1),19,-,-,-,-,-,-,-,6.11
Ricky Holmes,Sheffield United,1(4),132,-,0.6,8.6,81.4,0.6,-,-,6.11
Luke Varney,"Burton,",1(17),305,-,0.1,4.7,48.2,0.1,0.1,-,6.10
Tristan Nydam,"Ipswich,",12(6),869,-,0.4,14.8,74.2,0.2,1.1,-,6.10
Adam McDonnell,"Ipswich,",0(1),13,-,-,2,50,-,-,-,6.10
Jamie Hanson,"Derby,",0(6),50,-,0.2,4.8,79.3,0.3,0.2,-,6.10
Ched Evans,Sheffield United,2(7),307,-,0.2,10.7,67.7,-,0.2,-,6.09
Sean Raggett,"Norwich,",0(2),10,-,-,2,100,-,-,-,6.09
Hadi Sacko,"Leeds,",1(13),281,-,0.4,6.6,82.6,0.4,0.1,-,6.08
Elliot Embleton,"Sunderland,",0(2),17,-,-,5,100,0.5,-,-,6.08
Luke Thomas,"Derby,",0(2),6,-,-,1.5,100,-,-,-,6.08
Theo Archibald,"Brentford,",0(2),18,-,-,7.5,73.3,-,-,-,6.07
Greg Luer,"Hull,",0(1),7,-,1,5,40,-,-,-,6.07
Matty Taylor,Bristol,4(14),519,-,0.3,8.9,71.4,-,0.3,-,6.07
Connor Ronan,Wolverhampton,0(3),29,-,-,10,86.7,-,0.7,-,6.07
Jason Shackell,"Millwall,",0(7),27,-,-,0.9,66.7,-,0.1,-,6.06
Freddie Hinds,Bristol,0(1),7,-,-,-,-,-,-,-,6.06
Frédéric Gounongbe,"Cardiff,",0(3),23,-,0.3,2,66.7,-,-,-,6.06
Ryan Edmondson,"Leeds,",0(1),16,-,-,2,100,-,-,-,6.06
Wahbi Khazri,"Sunderland,",0(3),70,-,0.3,11,63.6,-,1,-,6.06
Gustav Engvall,Bristol,0(2),13,-,-,3,66.7,-,-,-,6.04
Luca De La Torre,"Fulham,",0(5),50,-,-,8.2,85.4,-,-,-,6.04
Lois Diony,Bristol,1(6),200,-,0.1,7.7,55.6,-,0.1,-,6.04
Jordan Graham,"Fulham,",0(3),33,-,0.3,5.3,81.3,0.7,0.7,-,6.02
Frederik Nielsen,Sheffield Wednesday,0(3),13,-,0.3,3,44.4,-,-,-,6.02
Gary O'Neil,Bristol,0(4),56,-,-,11.3,64.4,-,1.8,-,6.02
Tomas Egert,"Burton,",0(3),23,-,-,4,41.7,-,-,-,6.02
Jamie Ward,Nottingham,0(8),118,-,0.4,6.5,67.3,0.1,-,-,6.02
Kristopher Twardek,"Millwall,",0(2),12,-,-,0.5,100,0.5,-,-,6.02
Connor Ripley,"Burton,",2,180,-,-,32.5,24.6,-,7,-,6.01
Marcus Edwards,"Norwich,",0(1),6,-,-,3,100,-,-,-,6.01
Antoine Semenyo,Bristol,0(1),11,-,-,-,-,-,-,-,6.00
Bali Mumba,"Sunderland,",0(1),3,-,-,-,-,-,-,-,6.00
Connor Simpson,"Preston,",0(1),1,-,-,-,-,-,-,-,6.00
Danny Rowe,"Ipswich,",0(2),15,-,-,3,16.7,-,-,-,6.00
Matthew Kennedy,"Cardiff,",0(1),1,-,-,-,-,-,-,-,6.00
Shaun Barker,"Burton,",0(1),1,-,-,1,-,-,-,-,6.00
Tim Cahill,"Millwall,",0(10),65,-,0.1,3.1,58.1,-,-,-,6.00
Dylan Mottley-Henry,"Barnsley,",0(1),22,-,-,7,85.7,-,-,-,5.99
Marnick Vermijl,"Preston,",0(2),63,-,0.5,18,72.2,-,0.5,-,5.99
David Edwards,Wolverhampton,0(1),12,-,-,2,50,-,-,-,5.98
Russell Martin,"Norwich,",4(1),351,-,-,56.8,83.1,-,1,-,5.97
Yeni N'Gbakoto,Queens,2(3),143,-,0.2,10.2,70.6,-,-,-,5.97
Stefan Payne,"Barnsley,",0(2),23,-,-,3,50,-,-,-,5.97
Justin Shaibu,"Brentford,",0(2),10,-,-,2.5,20,-,-,-,5.96
Cheick Keita,"Birmingham,",0(1),11,-,-,1,-,-,-,-,5.93
Harry Charsley,"Bolton,",1,55,-,1,12,58.3,-,-,-,5.92
Jake Eastwood,Sheffield United,0(1),14,-,-,7,42.9,-,3,-,5.91
Mateusz Klich,"Leeds,",1(3),131,-,0.3,24,86.5,-,1.8,-,5.90
Andy Lonergan,"Leeds,",7,630,-,0.1,33.9,35.9,-,6.6,-,5.89
Ashkan Dejagah,Nottingham,0(1),14,-,-,2,50,-,-,-,5.88
David Marshall,"Hull,",2,180,-,-,30,56.7,-,9.5,-,5.83
Will Norris,Wolverhampton,1,71,-,-,9,77.8,-,3,-,4.03
